"","Report.Date.x","MacroPlot.Name","Sample.Event.Date","Tape","Transect","Point","Order","Species","Height","Status","Comment.x","Report.Date.y","Visited","Num..Transects","Tran..Length","Num..Pts..Tran.","Offset","Collected.By","Entered.Verif..By","Comment.y"
"1","2025/10/21","FPICO1T08:08","2025/09/10",1,1,1,1,"VAMY2",0.1,NA,"","2025/10/21","True","2","20","20","0","ARL, CAF, AGJ","ARL",""
"2","2025/10/21","FPICO1T08:08","2025/09/10",2,1,2,1,"LITT1",NA,NA,"","2025/10/21","True","2","20","20","0","ARL, CAF, AGJ","ARL",""
"3","2025/10/21","FPICO1T08:08","2025/09/10",3,1,3,1,"ROCK1",NA,NA,"","2025/10/21","True","2","20","20","0","ARL, CAF, AGJ","ARL",""
"4","2025/10/21","FPICO1T08:08","2025/09/10",4,1,4,1,"ROCK1",NA,NA,"","2025/10/21","True","2","20","20","0","ARL, CAF, AGJ","ARL",""
"5","2025/10/21","FPICO1T08:08","2025/09/10",5,1,5,1,"CAXX2",0.1,NA,"","2025/10/21","True","2","20","20","0","ARL, CAF, AGJ","ARL",""
"6","2025/10/21","FPICO1T08:08","2025/09/10",5,1,5,2,"VAMY2",NA,NA,"","2025/10/21","True","2","20","20","0","ARL, CAF, AGJ","ARL",""
"7","2025/10/21","FPICO1T08:08","2025/09/10",6,1,6,1,"PICO",0.6,NA,"","2025/10/21","True","2","20","20","0","ARL, CAF, AGJ","ARL",""
"8","2025/10/21","FPICO1T08:08","2025/09/10",6,1,6,2,"VAMY2",NA,NA,"","2025/10/21","True","2","20","20","0","ARL, CAF, AGJ","ARL",""
"9","2025/10/21","FPICO1T08:08","2025/09/10",6,1,6,3,"CAXX2",NA,NA,"","2025/10/21","True","2","20","20","0","ARL, CAF, AGJ","ARL",""
"10","2025/10/21","FPICO1T08:08","2025/09/10",7,1,7,1,"LITT1",NA,NA,"","2025/10/21","True","2","20","20","0","ARL, CAF, AGJ","ARL",""
"11","2025/10/21","FPICO1T08:08","2025/09/10",8,1,8,1,"LITT1",NA,NA,"","2025/10/21","True","2","20","20","0","ARL, CAF, AGJ","ARL",""
"12","2025/10/21","FPICO1T08:08","2025/09/10",9,1,9,1,"ROCK1",NA,NA,"","2025/10/21","True","2","20","20","0","ARL, CAF, AGJ","ARL",""
"13","2025/10/21","FPICO1T08:08","2025/09/10",10,1,10,1,"ROCK1",NA,NA,"","2025/10/21","True","2","20","20","0","ARL, CAF, AGJ","ARL",""
"14","2025/10/21","FPICO1T08:08","2025/09/10",11,1,11,1,"CAXX2",0.1,NA,"","2025/10/21","True","2","20","20","0","ARL, CAF, AGJ","ARL",""
"15","2025/10/21","FPICO1T08:08","2025/09/10",12,1,12,1,"LITT1",NA,NA,"","2025/10/21","True","2","20","20","0","ARL, CAF, AGJ","ARL",""
"16","2025/10/21","FPICO1T08:08","2025/09/10",13,1,13,1,"BARE1",NA,NA,"","2025/10/21","True","2","20","20","0","ARL, CAF, AGJ","ARL",""
"17","2025/10/21","FPICO1T08:08","2025/09/10",14,1,14,1,"ROCK1",NA,NA,"","2025/10/21","True","2","20","20","0","ARL, CAF, AGJ","ARL",""
"18","2025/10/21","FPICO1T08:08","2025/09/10",15,1,15,1,"WOOD1",NA,NA,"","2025/10/21","True","2","20","20","0","ARL, CAF, AGJ","ARL",""
"19","2025/10/21","FPICO1T08:08","2025/09/10",16,1,16,1,"LITT1",NA,NA,"","2025/10/21","True","2","20","20","0","ARL, CAF, AGJ","ARL",""
"20","2025/10/21","FPICO1T08:08","2025/09/10",17,1,17,1,"ROCK1",NA,NA,"","2025/10/21","True","2","20","20","0","ARL, CAF, AGJ","ARL",""
"21","2025/10/21","FPICO1T08:08","2025/09/10",18,1,18,1,"ROCK1",NA,NA,"","2025/10/21","True","2","20","20","0","ARL, CAF, AGJ","ARL",""
"22","2025/10/21","FPICO1T08:08","2025/09/10",19,1,19,1,"BARE1",NA,NA,"","2025/10/21","True","2","20","20","0","ARL, CAF, AGJ","ARL",""
"23","2025/10/21","FPICO1T08:08","2025/09/10",20,1,20,1,"LITT1",NA,NA,"","2025/10/21","True","2","20","20","0","ARL, CAF, AGJ","ARL",""
"24","2025/10/21","FPICO1T08:08","2025/09/10",1,2,1,1,"VAMY2",0.1,NA,"","2025/10/21","True","2","20","20","0","ARL, CAF, AGJ","ARL",""
"25","2025/10/21","FPICO1T08:08","2025/09/10",1,2,1,2,"CAXX2",NA,NA,"","2025/10/21","True","2","20","20","0","ARL, CAF, AGJ","ARL",""
"26","2025/10/21","FPICO1T08:08","2025/09/10",2,2,2,1,"VAMY2",0.1,NA,"","2025/10/21","True","2","20","20","0","ARL, CAF, AGJ","ARL",""
"27","2025/10/21","FPICO1T08:08","2025/09/10",3,2,3,1,"LITT1",NA,NA,"","2025/10/21","True","2","20","20","0","ARL, CAF, AGJ","ARL",""
"28","2025/10/21","FPICO1T08:08","2025/09/10",4,2,4,1,"PICO",1.1,NA,"","2025/10/21","True","2","20","20","0","ARL, CAF, AGJ","ARL",""
"29","2025/10/21","FPICO1T08:08","2025/09/10",4,2,4,2,"VAMY2",NA,NA,"","2025/10/21","True","2","20","20","0","ARL, CAF, AGJ","ARL",""
"30","2025/10/21","FPICO1T08:08","2025/09/10",5,2,5,1,"VAMY2",0.1,NA,"","2025/10/21","True","2","20","20","0","ARL, CAF, AGJ","ARL",""
"31","2025/10/21","FPICO1T08:08","2025/09/10",6,2,6,1,"PIEN",0.5,NA,"","2025/10/21","True","2","20","20","0","ARL, CAF, AGJ","ARL",""
"32","2025/10/21","FPICO1T08:08","2025/09/10",7,2,7,1,"PICO",0.2,NA,"","2025/10/21","True","2","20","20","0","ARL, CAF, AGJ","ARL",""
"33","2025/10/21","FPICO1T08:08","2025/09/10",8,2,8,1,"PIEN",0.3,NA,"","2025/10/21","True","2","20","20","0","ARL, CAF, AGJ","ARL",""
"34","2025/10/21","FPICO1T08:08","2025/09/10",9,2,9,1,"PIEN",0.2,NA,"","2025/10/21","True","2","20","20","0","ARL, CAF, AGJ","ARL",""
"35","2025/10/21","FPICO1T08:08","2025/09/10",10,2,10,1,"LITT1",NA,NA,"","2025/10/21","True","2","20","20","0","ARL, CAF, AGJ","ARL",""
"36","2025/10/21","FPICO1T08:08","2025/09/10",11,2,11,1,"CAXX2",0.1,NA,"","2025/10/21","True","2","20","20","0","ARL, CAF, AGJ","ARL",""
"37","2025/10/21","FPICO1T08:08","2025/09/10",12,2,12,1,"CAXX2",0.1,NA,"","2025/10/21","True","2","20","20","0","ARL, CAF, AGJ","ARL",""
"38","2025/10/21","FPICO1T08:08","2025/09/10",13,2,13,1,"VAMY2",0.1,NA,"","2025/10/21","True","2","20","20","0","ARL, CAF, AGJ","ARL",""
"39","2025/10/21","FPICO1T08:08","2025/09/10",14,2,14,1,"VAMY2",0.1,NA,"","2025/10/21","True","2","20","20","0","ARL, CAF, AGJ","ARL",""
"40","2025/10/21","FPICO1T08:08","2025/09/10",15,2,15,1,"VAMY2",0.1,NA,"","2025/10/21","True","2","20","20","0","ARL, CAF, AGJ","ARL",""
"41","2025/10/21","FPICO1T08:08","2025/09/10",16,2,16,1,"WOOD1",NA,NA,"","2025/10/21","True","2","20","20","0","ARL, CAF, AGJ","ARL",""
"42","2025/10/21","FPICO1T08:08","2025/09/10",17,2,17,1,"VAMY2",0.1,NA,"","2025/10/21","True","2","20","20","0","ARL, CAF, AGJ","ARL",""
"43","2025/10/21","FPICO1T08:08","2025/09/10",17,2,17,2,"ROWO",NA,NA,"","2025/10/21","True","2","20","20","0","ARL, CAF, AGJ","ARL",""
"44","2025/10/21","FPICO1T08:08","2025/09/10",18,2,18,1,"ABLA",0.35,NA,"","2025/10/21","True","2","20","20","0","ARL, CAF, AGJ","ARL",""
"45","2025/10/21","FPICO1T08:08","2025/09/10",18,2,18,2,"VAMY2",NA,NA,"","2025/10/21","True","2","20","20","0","ARL, CAF, AGJ","ARL",""
"46","2025/10/21","FPICO1T08:08","2025/09/10",19,2,19,1,"WOOD1",NA,NA,"","2025/10/21","True","2","20","20","0","ARL, CAF, AGJ","ARL",""
"47","2025/10/21","FPICO1T08:08","2025/09/10",20,2,20,1,"VAMY2",0.15,NA,"","2025/10/21","True","2","20","20","0","ARL, CAF, AGJ","ARL",""
"48","2025/10/21","FPICO1T08:09","2025/09/10",1,1,1,1,"ROWO",0.2,NA,"","2025/10/21","True","2","20","20","0","ARL, CAF, AGJ","ARL",""
"49","2025/10/21","FPICO1T08:09","2025/09/10",1,1,1,2,"VASC",NA,NA,"","2025/10/21","True","2","20","20","0","ARL, CAF, AGJ","ARL",""
"50","2025/10/21","FPICO1T08:09","2025/09/10",2,1,2,1,"BARE1",NA,NA,"","2025/10/21","True","2","20","20","0","ARL, CAF, AGJ","ARL",""
"51","2025/10/21","FPICO1T08:09","2025/09/10",3,1,3,1,"CAXX2",0.2,NA,"","2025/10/21","True","2","20","20","0","ARL, CAF, AGJ","ARL",""
"52","2025/10/21","FPICO1T08:09","2025/09/10",3,1,3,2,"VAMY2",NA,NA,"","2025/10/21","True","2","20","20","0","ARL, CAF, AGJ","ARL",""
"53","2025/10/21","FPICO1T08:09","2025/09/10",4,1,4,1,"LITT1",NA,NA,"","2025/10/21","True","2","20","20","0","ARL, CAF, AGJ","ARL",""
"54","2025/10/21","FPICO1T08:09","2025/09/10",5,1,5,1,"ROCK1",NA,NA,"","2025/10/21","True","2","20","20","0","ARL, CAF, AGJ","ARL",""
"55","2025/10/21","FPICO1T08:09","2025/09/10",6,1,6,1,"MARE11",0.1,NA,"","2025/10/21","True","2","20","20","0","ARL, CAF, AGJ","ARL",""
"56","2025/10/21","FPICO1T08:09","2025/09/10",7,1,7,1,"VAMY2",0.2,NA,"","2025/10/21","True","2","20","20","0","ARL, CAF, AGJ","ARL",""
"57","2025/10/21","FPICO1T08:09","2025/09/10",8,1,8,1,"JUCO6",0.35,NA,"","2025/10/21","True","2","20","20","0","ARL, CAF, AGJ","ARL",""
"58","2025/10/21","FPICO1T08:09","2025/09/10",8,1,8,2,"VAMY2",NA,NA,"","2025/10/21","True","2","20","20","0","ARL, CAF, AGJ","ARL",""
"59","2025/10/21","FPICO1T08:09","2025/09/10",9,1,9,1,"CAXX2",0.15,NA,"","2025/10/21","True","2","20","20","0","ARL, CAF, AGJ","ARL",""
"60","2025/10/21","FPICO1T08:09","2025/09/10",9,1,9,2,"VAMY2",NA,NA,"","2025/10/21","True","2","20","20","0","ARL, CAF, AGJ","ARL",""
"61","2025/10/21","FPICO1T08:09","2025/09/10",10,1,10,1,"WOOD1",NA,NA,"","2025/10/21","True","2","20","20","0","ARL, CAF, AGJ","ARL",""
"62","2025/10/21","FPICO1T08:09","2025/09/10",11,1,11,1,"WOOD1",NA,NA,"","2025/10/21","True","2","20","20","0","ARL, CAF, AGJ","ARL",""
"63","2025/10/21","FPICO1T08:09","2025/09/10",12,1,12,1,"ROCK1",NA,NA,"","2025/10/21","True","2","20","20","0","ARL, CAF, AGJ","ARL",""
"64","2025/10/21","FPICO1T08:09","2025/09/10",13,1,13,1,"VAMY2",0.15,NA,"","2025/10/21","True","2","20","20","0","ARL, CAF, AGJ","ARL",""
"65","2025/10/21","FPICO1T08:09","2025/09/10",14,1,14,1,"VAMY2",0.15,NA,"","2025/10/21","True","2","20","20","0","ARL, CAF, AGJ","ARL",""
"66","2025/10/21","FPICO1T08:09","2025/09/10",15,1,15,1,"ROCK1",NA,NA,"","2025/10/21","True","2","20","20","0","ARL, CAF, AGJ","ARL",""
"67","2025/10/21","FPICO1T08:09","2025/09/10",16,1,16,1,"VAMY2",0.1,NA,"","2025/10/21","True","2","20","20","0","ARL, CAF, AGJ","ARL",""
"68","2025/10/21","FPICO1T08:09","2025/09/10",16,1,16,2,"ORPA3",NA,NA,"","2025/10/21","True","2","20","20","0","ARL, CAF, AGJ","ARL",""
"69","2025/10/21","FPICO1T08:09","2025/09/10",17,1,17,1,"BRINI",0.1,NA,"","2025/10/21","True","2","20","20","0","ARL, CAF, AGJ","ARL",""
"70","2025/10/21","FPICO1T08:09","2025/09/10",18,1,18,1,"PIEN",0.45,NA,"","2025/10/21","True","2","20","20","0","ARL, CAF, AGJ","ARL",""
"71","2025/10/21","FPICO1T08:09","2025/09/10",18,1,18,2,"ORPA3",NA,NA,"","2025/10/21","True","2","20","20","0","ARL, CAF, AGJ","ARL",""
"72","2025/10/21","FPICO1T08:09","2025/09/10",18,1,18,3,"VAMY2",NA,NA,"","2025/10/21","True","2","20","20","0","ARL, CAF, AGJ","ARL",""
"73","2025/10/21","FPICO1T08:09","2025/09/10",19,1,19,1,"VAMY2",0.1,NA,"","2025/10/21","True","2","20","20","0","ARL, CAF, AGJ","ARL",""
"74","2025/10/21","FPICO1T08:09","2025/09/10",20,1,20,1,"ORPA3",0.1,NA,"","2025/10/21","True","2","20","20","0","ARL, CAF, AGJ","ARL",""
"75","2025/10/21","FPICO1T08:09","2025/09/10",20,1,20,2,"VAMY2",NA,NA,"","2025/10/21","True","2","20","20","0","ARL, CAF, AGJ","ARL",""
"76","2025/10/21","FPICO1T08:09","2025/09/10",1,2,1,1,"ROCK1",NA,NA,"","2025/10/21","True","2","20","20","0","ARL, CAF, AGJ","ARL",""
"77","2025/10/21","FPICO1T08:09","2025/09/10",2,2,2,1,"ROCK1",NA,NA,"","2025/10/21","True","2","20","20","0","ARL, CAF, AGJ","ARL",""
"78","2025/10/21","FPICO1T08:09","2025/09/10",3,2,3,1,"LITT1",NA,NA,"","2025/10/21","True","2","20","20","0","ARL, CAF, AGJ","ARL",""
"79","2025/10/21","FPICO1T08:09","2025/09/10",4,2,4,1,"VAMY2",0.2,NA,"","2025/10/21","True","2","20","20","0","ARL, CAF, AGJ","ARL",""
"80","2025/10/21","FPICO1T08:09","2025/09/10",5,2,5,1,"VAMY2",0.1,NA,"","2025/10/21","True","2","20","20","0","ARL, CAF, AGJ","ARL",""
"81","2025/10/21","FPICO1T08:09","2025/09/10",6,2,6,1,"VAMY2",0.1,NA,"","2025/10/21","True","2","20","20","0","ARL, CAF, AGJ","ARL",""
"82","2025/10/21","FPICO1T08:09","2025/09/10",7,2,7,1,"VAMY2",0.2,NA,"","2025/10/21","True","2","20","20","0","ARL, CAF, AGJ","ARL",""
"83","2025/10/21","FPICO1T08:09","2025/09/10",8,2,8,1,"VAMY2",0.15,NA,"","2025/10/21","True","2","20","20","0","ARL, CAF, AGJ","ARL",""
"84","2025/10/21","FPICO1T08:09","2025/09/10",9,2,9,1,"VAMY2",0.2,NA,"","2025/10/21","True","2","20","20","0","ARL, CAF, AGJ","ARL",""
"85","2025/10/21","FPICO1T08:09","2025/09/10",10,2,10,1,"WOOD1",NA,NA,"","2025/10/21","True","2","20","20","0","ARL, CAF, AGJ","ARL",""
"86","2025/10/21","FPICO1T08:09","2025/09/10",11,2,11,1,"LITT1",NA,NA,"","2025/10/21","True","2","20","20","0","ARL, CAF, AGJ","ARL",""
"87","2025/10/21","FPICO1T08:09","2025/09/10",12,2,12,1,"VAMY2",0.1,NA,"","2025/10/21","True","2","20","20","0","ARL, CAF, AGJ","ARL",""
"88","2025/10/21","FPICO1T08:09","2025/09/10",13,2,13,1,"VAMY2",0.1,NA,"","2025/10/21","True","2","20","20","0","ARL, CAF, AGJ","ARL",""
"89","2025/10/21","FPICO1T08:09","2025/09/10",14,2,14,1,"VAMY2",0.1,NA,"","2025/10/21","True","2","20","20","0","ARL, CAF, AGJ","ARL",""
"90","2025/10/21","FPICO1T08:09","2025/09/10",15,2,15,1,"VAMY2",0.1,NA,"","2025/10/21","True","2","20","20","0","ARL, CAF, AGJ","ARL",""
"91","2025/10/21","FPICO1T08:09","2025/09/10",16,2,16,1,"WOOD1",NA,NA,"","2025/10/21","True","2","20","20","0","ARL, CAF, AGJ","ARL",""
"92","2025/10/21","FPICO1T08:09","2025/09/10",17,2,17,1,"BARE1",NA,NA,"","2025/10/21","True","2","20","20","0","ARL, CAF, AGJ","ARL",""
"93","2025/10/21","FPICO1T08:09","2025/09/10",18,2,18,1,"VAMY2",0.15,NA,"","2025/10/21","True","2","20","20","0","ARL, CAF, AGJ","ARL",""
"94","2025/10/21","FPICO1T08:09","2025/09/10",19,2,19,1,"ROCK1",NA,NA,"","2025/10/21","True","2","20","20","0","ARL, CAF, AGJ","ARL",""
"95","2025/10/21","FPICO1T08:09","2025/09/10",20,2,20,1,"CAXX2",0.2,NA,"","2025/10/21","True","2","20","20","0","ARL, CAF, AGJ","ARL",""
"96","2025/10/21","FPICO1T08:10","2025/09/10",1,1,1,1,"CHANC",0.15,NA,"","2025/10/21","True","2","20","20","0","ARL, AGJ, CAF","ARL",""
"97","2025/10/21","FPICO1T08:10","2025/09/10",2,1,2,1,"CHANC",0.2,NA,"","2025/10/21","True","2","20","20","0","ARL, AGJ, CAF","ARL",""
"98","2025/10/21","FPICO1T08:10","2025/09/10",3,1,3,1,"WOOD1",NA,NA,"","2025/10/21","True","2","20","20","0","ARL, AGJ, CAF","ARL",""
"99","2025/10/21","FPICO1T08:10","2025/09/10",4,1,4,1,"WOOD1",NA,NA,"","2025/10/21","True","2","20","20","0","ARL, AGJ, CAF","ARL",""
"100","2025/10/21","FPICO1T08:10","2025/09/10",5,1,5,1,"CAXX2",0.3,NA,"","2025/10/21","True","2","20","20","0","ARL, AGJ, CAF","ARL",""
"101","2025/10/21","FPICO1T08:10","2025/09/10",6,1,6,1,"ROWO",0.35,NA,"","2025/10/21","True","2","20","20","0","ARL, AGJ, CAF","ARL",""
"102","2025/10/21","FPICO1T08:10","2025/09/10",6,1,6,2,"CAXX2",NA,NA,"","2025/10/21","True","2","20","20","0","ARL, AGJ, CAF","ARL",""
"103","2025/10/21","FPICO1T08:10","2025/09/10",7,1,7,1,"BRINI",0.1,NA,"","2025/10/21","True","2","20","20","0","ARL, AGJ, CAF","ARL",""
"104","2025/10/21","FPICO1T08:10","2025/09/10",7,1,7,2,"RUDE",NA,NA,"","2025/10/21","True","2","20","20","0","ARL, AGJ, CAF","ARL",""
"105","2025/10/21","FPICO1T08:10","2025/09/10",8,1,8,1,"ROCK1",NA,NA,"","2025/10/21","True","2","20","20","0","ARL, AGJ, CAF","ARL",""
"106","2025/10/21","FPICO1T08:10","2025/09/10",9,1,9,1,"BARE1",NA,NA,"","2025/10/21","True","2","20","20","0","ARL, AGJ, CAF","ARL",""
"107","2025/10/21","FPICO1T08:10","2025/09/10",10,1,10,1,"HIAL2",0.1,NA,"","2025/10/21","True","2","20","20","0","ARL, AGJ, CAF","ARL",""
"108","2025/10/21","FPICO1T08:10","2025/09/10",11,1,11,1,"CAXX2",0.2,NA,"","2025/10/21","True","2","20","20","0","ARL, AGJ, CAF","ARL",""
"109","2025/10/21","FPICO1T08:10","2025/09/10",12,1,12,1,"LITT1",NA,NA,"","2025/10/21","True","2","20","20","0","ARL, AGJ, CAF","ARL",""
"110","2025/10/21","FPICO1T08:10","2025/09/10",13,1,13,1,"CHANC",0.2,NA,"","2025/10/21","True","2","20","20","0","ARL, AGJ, CAF","ARL",""
"111","2025/10/21","FPICO1T08:10","2025/09/10",14,1,14,1,"LITT1",NA,NA,"","2025/10/21","True","2","20","20","0","ARL, AGJ, CAF","ARL",""
"112","2025/10/21","FPICO1T08:10","2025/09/10",15,1,15,1,"ROWO",0.1,NA,"","2025/10/21","True","2","20","20","0","ARL, AGJ, CAF","ARL",""
"113","2025/10/21","FPICO1T08:10","2025/09/10",16,1,16,1,"CAXX2",0.1,NA,"","2025/10/21","True","2","20","20","0","ARL, AGJ, CAF","ARL",""
"114","2025/10/21","FPICO1T08:10","2025/09/10",17,1,17,1,"BARE1",NA,NA,"","2025/10/21","True","2","20","20","0","ARL, AGJ, CAF","ARL",""
"115","2025/10/21","FPICO1T08:10","2025/09/10",18,1,18,1,"BARE1",NA,NA,"","2025/10/21","True","2","20","20","0","ARL, AGJ, CAF","ARL",""
"116","2025/10/21","FPICO1T08:10","2025/09/10",19,1,19,1,"GARA2",0.1,NA,"","2025/10/21","True","2","20","20","0","ARL, AGJ, CAF","ARL",""
"117","2025/10/21","FPICO1T08:10","2025/09/10",20,1,20,1,"CAXX2",0.1,NA,"","2025/10/21","True","2","20","20","0","ARL, AGJ, CAF","ARL",""
"118","2025/10/21","FPICO1T08:10","2025/09/10",1,2,1,1,"GARA2",0.2,NA,"","2025/10/21","True","2","20","20","0","ARL, AGJ, CAF","ARL",""
"119","2025/10/21","FPICO1T08:10","2025/09/10",2,2,2,1,"GARA2",0.3,NA,"","2025/10/21","True","2","20","20","0","ARL, AGJ, CAF","ARL",""
"120","2025/10/21","FPICO1T08:10","2025/09/10",3,2,3,1,"GARA2",0.1,NA,"","2025/10/21","True","2","20","20","0","ARL, AGJ, CAF","ARL",""
"121","2025/10/21","FPICO1T08:10","2025/09/10",4,2,4,1,"GARA2",0.1,NA,"","2025/10/21","True","2","20","20","0","ARL, AGJ, CAF","ARL",""
"122","2025/10/21","FPICO1T08:10","2025/09/10",5,2,5,1,"BARE1",NA,NA,"","2025/10/21","True","2","20","20","0","ARL, AGJ, CAF","ARL",""
"123","2025/10/21","FPICO1T08:10","2025/09/10",6,2,6,1,"CAXX2",0.1,NA,"","2025/10/21","True","2","20","20","0","ARL, AGJ, CAF","ARL",""
"124","2025/10/21","FPICO1T08:10","2025/09/10",7,2,7,1,"ROCK1",NA,NA,"","2025/10/21","True","2","20","20","0","ARL, AGJ, CAF","ARL",""
"125","2025/10/21","FPICO1T08:10","2025/09/10",8,2,8,1,"BARE1",NA,NA,"","2025/10/21","True","2","20","20","0","ARL, AGJ, CAF","ARL",""
"126","2025/10/21","FPICO1T08:10","2025/09/10",9,2,9,1,"MARE11",0.1,NA,"","2025/10/21","True","2","20","20","0","ARL, AGJ, CAF","ARL",""
"127","2025/10/21","FPICO1T08:10","2025/09/10",10,2,10,1,"BARE1",NA,NA,"","2025/10/21","True","2","20","20","0","ARL, AGJ, CAF","ARL",""
"128","2025/10/21","FPICO1T08:10","2025/09/10",11,2,11,1,"GARA2",0.15,NA,"","2025/10/21","True","2","20","20","0","ARL, AGJ, CAF","ARL",""
"129","2025/10/21","FPICO1T08:10","2025/09/10",12,2,12,1,"GARA2",0.25,NA,"","2025/10/21","True","2","20","20","0","ARL, AGJ, CAF","ARL",""
"130","2025/10/21","FPICO1T08:10","2025/09/10",13,2,13,1,"ROCK1",NA,NA,"","2025/10/21","True","2","20","20","0","ARL, AGJ, CAF","ARL",""
"131","2025/10/21","FPICO1T08:10","2025/09/10",14,2,14,1,"GARA2",0.2,NA,"","2025/10/21","True","2","20","20","0","ARL, AGJ, CAF","ARL",""
"132","2025/10/21","FPICO1T08:10","2025/09/10",15,2,15,1,"AGSC5",0.2,NA,"","2025/10/21","True","2","20","20","0","ARL, AGJ, CAF","ARL",""
"133","2025/10/21","FPICO1T08:10","2025/09/10",15,2,15,2,"HIAL2",NA,NA,"","2025/10/21","True","2","20","20","0","ARL, AGJ, CAF","ARL",""
"134","2025/10/21","FPICO1T08:10","2025/09/10",16,2,16,1,"TRSP2",0.1,NA,"","2025/10/21","True","2","20","20","0","ARL, AGJ, CAF","ARL",""
"135","2025/10/21","FPICO1T08:10","2025/09/10",16,2,16,2,"GARA2",NA,NA,"","2025/10/21","True","2","20","20","0","ARL, AGJ, CAF","ARL",""
"136","2025/10/21","FPICO1T08:10","2025/09/10",17,2,17,1,"HIAL2",0.1,NA,"","2025/10/21","True","2","20","20","0","ARL, AGJ, CAF","ARL",""
"137","2025/10/21","FPICO1T08:10","2025/09/10",18,2,18,1,"HIAL2",0.2,NA,"","2025/10/21","True","2","20","20","0","ARL, AGJ, CAF","ARL",""
"138","2025/10/21","FPICO1T08:10","2025/09/10",18,2,18,2,"CHANC",NA,NA,"","2025/10/21","True","2","20","20","0","ARL, AGJ, CAF","ARL",""
"139","2025/10/21","FPICO1T08:10","2025/09/10",19,2,19,1,"CAXX2",0.1,NA,"","2025/10/21","True","2","20","20","0","ARL, AGJ, CAF","ARL",""
"140","2025/10/21","FPICO1T08:10","2025/09/10",20,2,20,1,"BRINI",0.5,NA,"","2025/10/21","True","2","20","20","0","ARL, AGJ, CAF","ARL",""
"141","2025/10/21","FPICO1T08:11","2025/08/06",1,1,1,1,"BARE1",NA,NA,"","2025/10/21","True","2","20","20","0","ARL, CAF, AGJ","ARL",""
"142","2025/10/21","FPICO1T08:11","2025/08/06",2,1,2,1,"ORPA3",0.1,NA,"","2025/10/21","True","2","20","20","0","ARL, CAF, AGJ","ARL",""
"143","2025/10/21","FPICO1T08:11","2025/08/06",3,1,3,1,"TAOF",0.1,NA,"","2025/10/21","True","2","20","20","0","ARL, CAF, AGJ","ARL",""
"144","2025/10/21","FPICO1T08:11","2025/08/06",4,1,4,1,"AGSC5",0.55,NA,"","2025/10/21","True","2","20","20","0","ARL, CAF, AGJ","ARL",""
"145","2025/10/21","FPICO1T08:11","2025/08/06",4,1,4,2,"ROWO",NA,NA,"","2025/10/21","True","2","20","20","0","ARL, CAF, AGJ","ARL",""
"146","2025/10/21","FPICO1T08:11","2025/08/06",5,1,5,1,"BARE1",NA,NA,"","2025/10/21","True","2","20","20","0","ARL, CAF, AGJ","ARL",""
"147","2025/10/21","FPICO1T08:11","2025/08/06",6,1,6,1,"AGSC5",0.5,NA,"","2025/10/21","True","2","20","20","0","ARL, CAF, AGJ","ARL",""
"148","2025/10/21","FPICO1T08:11","2025/08/06",7,1,7,1,"ORPA3",0.15,NA,"","2025/10/21","True","2","20","20","0","ARL, CAF, AGJ","ARL",""
"149","2025/10/21","FPICO1T08:11","2025/08/06",8,1,8,1,"CHANC",0.1,NA,"","2025/10/21","True","2","20","20","0","ARL, CAF, AGJ","ARL",""
"150","2025/10/21","FPICO1T08:11","2025/08/06",9,1,9,1,"CHANC",0.15,NA,"","2025/10/21","True","2","20","20","0","ARL, CAF, AGJ","ARL",""
"151","2025/10/21","FPICO1T08:11","2025/08/06",9,1,9,2,"VASC",NA,NA,"","2025/10/21","True","2","20","20","0","ARL, CAF, AGJ","ARL",""
"152","2025/10/21","FPICO1T08:11","2025/08/06",10,1,10,1,"CHANC",0.3,NA,"","2025/10/21","True","2","20","20","0","ARL, CAF, AGJ","ARL",""
"153","2025/10/21","FPICO1T08:11","2025/08/06",10,1,10,2,"GARA2",NA,NA,"","2025/10/21","True","2","20","20","0","ARL, CAF, AGJ","ARL",""
"154","2025/10/21","FPICO1T08:11","2025/08/06",11,1,11,1,"ORPA3",0.1,NA,"","2025/10/21","True","2","20","20","0","ARL, CAF, AGJ","ARL",""
"155","2025/10/21","FPICO1T08:11","2025/08/06",12,1,12,1,"WOOD1",NA,NA,"","2025/10/21","True","2","20","20","0","ARL, CAF, AGJ","ARL",""
"156","2025/10/21","FPICO1T08:11","2025/08/06",13,1,13,1,"WOOD1",NA,NA,"","2025/10/21","True","2","20","20","0","ARL, CAF, AGJ","ARL",""
"157","2025/10/21","FPICO1T08:11","2025/08/06",14,1,14,1,"GARA2",0.1,NA,"","2025/10/21","True","2","20","20","0","ARL, CAF, AGJ","ARL",""
"158","2025/10/21","FPICO1T08:11","2025/08/06",15,1,15,1,"WOOD1",NA,NA,"","2025/10/21","True","2","20","20","0","ARL, CAF, AGJ","ARL",""
"159","2025/10/21","FPICO1T08:11","2025/08/06",16,1,16,1,"BARE1",NA,NA,"","2025/10/21","True","2","20","20","0","ARL, CAF, AGJ","ARL",""
"160","2025/10/21","FPICO1T08:11","2025/08/06",17,1,17,1,"BARE1",NA,NA,"","2025/10/21","True","2","20","20","0","ARL, CAF, AGJ","ARL",""
"161","2025/10/21","FPICO1T08:11","2025/08/06",18,1,18,1,"CAXX2",0.21,NA,"","2025/10/21","True","2","20","20","0","ARL, CAF, AGJ","ARL",""
"162","2025/10/21","FPICO1T08:11","2025/08/06",19,1,19,1,"ROCK1",NA,NA,"","2025/10/21","True","2","20","20","0","ARL, CAF, AGJ","ARL",""
"163","2025/10/21","FPICO1T08:11","2025/08/06",20,1,20,1,"BARE1",NA,NA,"","2025/10/21","True","2","20","20","0","ARL, CAF, AGJ","ARL",""
"164","2025/10/21","FPICO1T08:11","2025/08/06",1,2,1,1,"ROCK1",NA,NA,"","2025/10/21","True","2","20","20","0","ARL, CAF, AGJ","ARL",""
"165","2025/10/21","FPICO1T08:11","2025/08/06",2,2,2,1,"GARA2",0.1,NA,"","2025/10/21","True","2","20","20","0","ARL, CAF, AGJ","ARL",""
"166","2025/10/21","FPICO1T08:11","2025/08/06",3,2,3,1,"CAPA10",0.3,NA,"","2025/10/21","True","2","20","20","0","ARL, CAF, AGJ","ARL",""
"167","2025/10/21","FPICO1T08:11","2025/08/06",4,2,4,1,"CHANC",0.15,NA,"","2025/10/21","True","2","20","20","0","ARL, CAF, AGJ","ARL",""
"168","2025/10/21","FPICO1T08:11","2025/08/06",5,2,5,1,"BARE1",NA,NA,"","2025/10/21","True","2","20","20","0","ARL, CAF, AGJ","ARL",""
"169","2025/10/21","FPICO1T08:11","2025/08/06",6,2,6,1,"GARA2",0.15,NA,"","2025/10/21","True","2","20","20","0","ARL, CAF, AGJ","ARL",""
"170","2025/10/21","FPICO1T08:11","2025/08/06",7,2,7,1,"CAXX2",0.2,NA,"","2025/10/21","True","2","20","20","0","ARL, CAF, AGJ","ARL",""
"171","2025/10/21","FPICO1T08:11","2025/08/06",8,2,8,1,"CAXX2",0.2,NA,"","2025/10/21","True","2","20","20","0","ARL, CAF, AGJ","ARL",""
"172","2025/10/21","FPICO1T08:11","2025/08/06",9,2,9,1,"GARA2",0.15,NA,"","2025/10/21","True","2","20","20","0","ARL, CAF, AGJ","ARL",""
"173","2025/10/21","FPICO1T08:11","2025/08/06",9,2,9,2,"CHANC",NA,NA,"","2025/10/21","True","2","20","20","0","ARL, CAF, AGJ","ARL",""
"174","2025/10/21","FPICO1T08:11","2025/08/06",10,2,10,1,"BARE1",NA,NA,"","2025/10/21","True","2","20","20","0","ARL, CAF, AGJ","ARL",""
"175","2025/10/21","FPICO1T08:11","2025/08/06",11,2,11,1,"WOOD1",NA,NA,"","2025/10/21","True","2","20","20","0","ARL, CAF, AGJ","ARL",""
"176","2025/10/21","FPICO1T08:11","2025/08/06",12,2,12,1,"BARE1",NA,NA,"","2025/10/21","True","2","20","20","0","ARL, CAF, AGJ","ARL",""
"177","2025/10/21","FPICO1T08:11","2025/08/06",13,2,13,1,"BARE1",NA,NA,"","2025/10/21","True","2","20","20","0","ARL, CAF, AGJ","ARL",""
"178","2025/10/21","FPICO1T08:11","2025/08/06",14,2,14,1,"CAXX2",0.15,NA,"","2025/10/21","True","2","20","20","0","ARL, CAF, AGJ","ARL",""
"179","2025/10/21","FPICO1T08:11","2025/08/06",15,2,15,1,"CAXX2",0.2,NA,"","2025/10/21","True","2","20","20","0","ARL, CAF, AGJ","ARL",""
"180","2025/10/21","FPICO1T08:11","2025/08/06",16,2,16,1,"WOOD1",NA,NA,"","2025/10/21","True","2","20","20","0","ARL, CAF, AGJ","ARL",""
"181","2025/10/21","FPICO1T08:11","2025/08/06",17,2,17,1,"GARA2",0.15,NA,"","2025/10/21","True","2","20","20","0","ARL, CAF, AGJ","ARL",""
"182","2025/10/21","FPICO1T08:11","2025/08/06",18,2,18,1,"CAXX2",0.15,NA,"","2025/10/21","True","2","20","20","0","ARL, CAF, AGJ","ARL",""
"183","2025/10/21","FPICO1T08:11","2025/08/06",19,2,19,1,"LITT1",NA,NA,"","2025/10/21","True","2","20","20","0","ARL, CAF, AGJ","ARL",""
"184","2025/10/21","FPICO1T08:11","2025/08/06",20,2,20,1,"VASC",0.1,NA,"","2025/10/21","True","2","20","20","0","ARL, CAF, AGJ","ARL",""
"185","2025/10/21","FPICO1T08:12","2025/08/07",1,1,1,1,"GARA2",0.1,NA,"","2025/10/21","True","2","20","20","0","ARL, CAF, AGJ","ARL",""
"186","2025/10/21","FPICO1T08:12","2025/08/07",2,1,2,1,"GARA2",0.1,NA,"","2025/10/21","True","2","20","20","0","ARL, CAF, AGJ","ARL",""
"187","2025/10/21","FPICO1T08:12","2025/08/07",3,1,3,1,"PICO",0.2,NA,"","2025/10/21","True","2","20","20","0","ARL, CAF, AGJ","ARL",""
"188","2025/10/21","FPICO1T08:12","2025/08/07",4,1,4,1,"WOOD1",NA,NA,"","2025/10/21","True","2","20","20","0","ARL, CAF, AGJ","ARL",""
"189","2025/10/21","FPICO1T08:12","2025/08/07",5,1,5,1,"GARA2",0.1,NA,"","2025/10/21","True","2","20","20","0","ARL, CAF, AGJ","ARL",""
"190","2025/10/21","FPICO1T08:12","2025/08/07",6,1,6,1,"GARA2",0.2,NA,"","2025/10/21","True","2","20","20","0","ARL, CAF, AGJ","ARL",""
"191","2025/10/21","FPICO1T08:12","2025/08/07",7,1,7,1,"GARA2",0.1,NA,"","2025/10/21","True","2","20","20","0","ARL, CAF, AGJ","ARL",""
"192","2025/10/21","FPICO1T08:12","2025/08/07",8,1,8,1,"CHANC",0.1,NA,"","2025/10/21","True","2","20","20","0","ARL, CAF, AGJ","ARL",""
"193","2025/10/21","FPICO1T08:12","2025/08/07",8,1,8,2,"GARA2",NA,NA,"","2025/10/21","True","2","20","20","0","ARL, CAF, AGJ","ARL",""
"194","2025/10/21","FPICO1T08:12","2025/08/07",9,1,9,1,"GARA2",0.1,NA,"","2025/10/21","True","2","20","20","0","ARL, CAF, AGJ","ARL",""
"195","2025/10/21","FPICO1T08:12","2025/08/07",10,1,10,1,"GARA2",0.1,NA,"","2025/10/21","True","2","20","20","0","ARL, CAF, AGJ","ARL",""
"196","2025/10/21","FPICO1T08:12","2025/08/07",11,1,11,1,"GARA2",0.1,NA,"","2025/10/21","True","2","20","20","0","ARL, CAF, AGJ","ARL",""
"197","2025/10/21","FPICO1T08:12","2025/08/07",12,1,12,1,"GARA2",0.1,NA,"","2025/10/21","True","2","20","20","0","ARL, CAF, AGJ","ARL",""
"198","2025/10/21","FPICO1T08:12","2025/08/07",13,1,13,1,"GARA2",0.15,NA,"","2025/10/21","True","2","20","20","0","ARL, CAF, AGJ","ARL",""
"199","2025/10/21","FPICO1T08:12","2025/08/07",14,1,14,1,"GARA2",0.2,NA,"","2025/10/21","True","2","20","20","0","ARL, CAF, AGJ","ARL",""
"200","2025/10/21","FPICO1T08:12","2025/08/07",15,1,15,1,"GARA2",0.1,NA,"","2025/10/21","True","2","20","20","0","ARL, CAF, AGJ","ARL",""
"201","2025/10/21","FPICO1T08:12","2025/08/07",16,1,16,1,"BARE1",NA,NA,"","2025/10/21","True","2","20","20","0","ARL, CAF, AGJ","ARL",""
"202","2025/10/21","FPICO1T08:12","2025/08/07",17,1,17,1,"GARA2",0.25,NA,"","2025/10/21","True","2","20","20","0","ARL, CAF, AGJ","ARL",""
"203","2025/10/21","FPICO1T08:12","2025/08/07",18,1,18,1,"BARE1",NA,NA,"","2025/10/21","True","2","20","20","0","ARL, CAF, AGJ","ARL",""
"204","2025/10/21","FPICO1T08:12","2025/08/07",19,1,19,1,"ROCK1",NA,NA,"","2025/10/21","True","2","20","20","0","ARL, CAF, AGJ","ARL",""
"205","2025/10/21","FPICO1T08:12","2025/08/07",20,1,20,1,"PICO",0.1,NA,"","2025/10/21","True","2","20","20","0","ARL, CAF, AGJ","ARL",""
"206","2025/10/21","FPICO1T08:12","2025/08/07",20,1,20,2,"GARA2",NA,NA,"","2025/10/21","True","2","20","20","0","ARL, CAF, AGJ","ARL",""
"207","2025/10/21","FPICO1T08:12","2025/08/07",1,2,1,1,"VASC",0.1,NA,"","2025/10/21","True","2","20","20","0","ARL, CAF, AGJ","ARL",""
"208","2025/10/21","FPICO1T08:12","2025/08/07",1,2,1,2,"GARA2",NA,NA,"","2025/10/21","True","2","20","20","0","ARL, CAF, AGJ","ARL",""
"209","2025/10/21","FPICO1T08:12","2025/08/07",2,2,2,1,"GARA2",0.1,NA,"","2025/10/21","True","2","20","20","0","ARL, CAF, AGJ","ARL",""
"210","2025/10/21","FPICO1T08:12","2025/08/07",3,2,3,1,"GARA2",0.1,NA,"","2025/10/21","True","2","20","20","0","ARL, CAF, AGJ","ARL",""
"211","2025/10/21","FPICO1T08:12","2025/08/07",4,2,4,1,"GARA2",0.15,NA,"","2025/10/21","True","2","20","20","0","ARL, CAF, AGJ","ARL",""
"212","2025/10/21","FPICO1T08:12","2025/08/07",5,2,5,1,"GARA2",0.1,NA,"","2025/10/21","True","2","20","20","0","ARL, CAF, AGJ","ARL",""
"213","2025/10/21","FPICO1T08:12","2025/08/07",6,2,6,1,"GARA2",0.1,NA,"","2025/10/21","True","2","20","20","0","ARL, CAF, AGJ","ARL",""
"214","2025/10/21","FPICO1T08:12","2025/08/07",7,2,7,1,"GARA2",0.1,NA,"","2025/10/21","True","2","20","20","0","ARL, CAF, AGJ","ARL",""
"215","2025/10/21","FPICO1T08:12","2025/08/07",7,2,7,2,"VASC",NA,NA,"","2025/10/21","True","2","20","20","0","ARL, CAF, AGJ","ARL",""
"216","2025/10/21","FPICO1T08:12","2025/08/07",8,2,8,1,"GARA2",0.1,NA,"","2025/10/21","True","2","20","20","0","ARL, CAF, AGJ","ARL",""
"217","2025/10/21","FPICO1T08:12","2025/08/07",9,2,9,1,"BARE1",NA,NA,"","2025/10/21","True","2","20","20","0","ARL, CAF, AGJ","ARL",""
"218","2025/10/21","FPICO1T08:12","2025/08/07",10,2,10,1,"ROCK1",NA,NA,"","2025/10/21","True","2","20","20","0","ARL, CAF, AGJ","ARL",""
"219","2025/10/21","FPICO1T08:12","2025/08/07",11,2,11,1,"AGSC5",0.25,NA,"","2025/10/21","True","2","20","20","0","ARL, CAF, AGJ","ARL",""
"220","2025/10/21","FPICO1T08:12","2025/08/07",11,2,11,2,"GARA2",NA,NA,"","2025/10/21","True","2","20","20","0","ARL, CAF, AGJ","ARL",""
"221","2025/10/21","FPICO1T08:12","2025/08/07",11,2,11,3,"TAOF",NA,NA,"","2025/10/21","True","2","20","20","0","ARL, CAF, AGJ","ARL",""
"222","2025/10/21","FPICO1T08:12","2025/08/07",12,2,12,1,"GARA2",0.15,NA,"","2025/10/21","True","2","20","20","0","ARL, CAF, AGJ","ARL",""
"223","2025/10/21","FPICO1T08:12","2025/08/07",13,2,13,1,"GARA2",0.15,NA,"","2025/10/21","True","2","20","20","0","ARL, CAF, AGJ","ARL",""
"224","2025/10/21","FPICO1T08:12","2025/08/07",14,2,14,1,"ROCK1",NA,NA,"","2025/10/21","True","2","20","20","0","ARL, CAF, AGJ","ARL",""
"225","2025/10/21","FPICO1T08:12","2025/08/07",15,2,15,1,"GARA2",0.1,NA,"","2025/10/21","True","2","20","20","0","ARL, CAF, AGJ","ARL",""
"226","2025/10/21","FPICO1T08:12","2025/08/07",16,2,16,1,"CHANC",0.1,NA,"","2025/10/21","True","2","20","20","0","ARL, CAF, AGJ","ARL",""
"227","2025/10/21","FPICO1T08:12","2025/08/07",17,2,17,1,"GARA2",0.1,NA,"","2025/10/21","True","2","20","20","0","ARL, CAF, AGJ","ARL",""
"228","2025/10/21","FPICO1T08:12","2025/08/07",18,2,18,1,"GARA2",0.2,NA,"","2025/10/21","True","2","20","20","0","ARL, CAF, AGJ","ARL",""
"229","2025/10/21","FPICO1T08:12","2025/08/07",19,2,19,1,"GARA2",0.2,NA,"","2025/10/21","True","2","20","20","0","ARL, CAF, AGJ","ARL",""
"230","2025/10/21","FPICO1T08:12","2025/08/07",20,2,20,1,"WOOD1",NA,NA,"","2025/10/21","True","2","20","20","0","ARL, CAF, AGJ","ARL",""
"231","2025/10/21","FPICO1T08:13","2025/08/06",1,1,1,1,"ROCK1",NA,NA,"","2025/10/21","True","2","20","20","0","ARL, CAF, AGJ","ARL",""
"232","2025/10/21","FPICO1T08:13","2025/08/06",2,1,2,1,"GARA2",0.2,NA,"","2025/10/21","True","2","20","20","0","ARL, CAF, AGJ","ARL",""
"233","2025/10/21","FPICO1T08:13","2025/08/06",2,1,2,2,"CHANC",NA,NA,"","2025/10/21","True","2","20","20","0","ARL, CAF, AGJ","ARL",""
"234","2025/10/21","FPICO1T08:13","2025/08/06",3,1,3,1,"GARA2",0.2,NA,"","2025/10/21","True","2","20","20","0","ARL, CAF, AGJ","ARL",""
"235","2025/10/21","FPICO1T08:13","2025/08/06",4,1,4,1,"BARE1",NA,NA,"","2025/10/21","True","2","20","20","0","ARL, CAF, AGJ","ARL",""
"236","2025/10/21","FPICO1T08:13","2025/08/06",5,1,5,1,"BARE1",NA,NA,"","2025/10/21","True","2","20","20","0","ARL, CAF, AGJ","ARL",""
"237","2025/10/21","FPICO1T08:13","2025/08/06",6,1,6,1,"GARA2",0.2,NA,"","2025/10/21","True","2","20","20","0","ARL, CAF, AGJ","ARL",""
"238","2025/10/21","FPICO1T08:13","2025/08/06",7,1,7,1,"GARA2",0.1,NA,"","2025/10/21","True","2","20","20","0","ARL, CAF, AGJ","ARL",""
"239","2025/10/21","FPICO1T08:13","2025/08/06",8,1,8,1,"GARA2",0.2,NA,"","2025/10/21","True","2","20","20","0","ARL, CAF, AGJ","ARL",""
"240","2025/10/21","FPICO1T08:13","2025/08/06",8,1,8,2,"AGSC5",NA,NA,"","2025/10/21","True","2","20","20","0","ARL, CAF, AGJ","ARL",""
"241","2025/10/21","FPICO1T08:13","2025/08/06",8,1,8,3,"GNDE",NA,NA,"","2025/10/21","True","2","20","20","0","ARL, CAF, AGJ","ARL",""
"242","2025/10/21","FPICO1T08:13","2025/08/06",9,1,9,1,"BARE1",NA,NA,"","2025/10/21","True","2","20","20","0","ARL, CAF, AGJ","ARL",""
"243","2025/10/21","FPICO1T08:13","2025/08/06",10,1,10,1,"GARA2",0.1,NA,"","2025/10/21","True","2","20","20","0","ARL, CAF, AGJ","ARL",""
"244","2025/10/21","FPICO1T08:13","2025/08/06",11,1,11,1,"BARE1",NA,NA,"","2025/10/21","True","2","20","20","0","ARL, CAF, AGJ","ARL",""
"245","2025/10/21","FPICO1T08:13","2025/08/06",12,1,12,1,"CAXX2",0.3,NA,"","2025/10/21","True","2","20","20","0","ARL, CAF, AGJ","ARL",""
"246","2025/10/21","FPICO1T08:13","2025/08/06",13,1,13,1,"BARE1",NA,NA,"","2025/10/21","True","2","20","20","0","ARL, CAF, AGJ","ARL",""
"247","2025/10/21","FPICO1T08:13","2025/08/06",14,1,14,1,"GARA2",0.1,NA,"","2025/10/21","True","2","20","20","0","ARL, CAF, AGJ","ARL",""
"248","2025/10/21","FPICO1T08:13","2025/08/06",15,1,15,1,"GARA2",0.1,NA,"","2025/10/21","True","2","20","20","0","ARL, CAF, AGJ","ARL",""
"249","2025/10/21","FPICO1T08:13","2025/08/06",16,1,16,1,"GARA2",0.1,NA,"","2025/10/21","True","2","20","20","0","ARL, CAF, AGJ","ARL",""
"250","2025/10/21","FPICO1T08:13","2025/08/06",17,1,17,1,"GARA2",0.1,NA,"","2025/10/21","True","2","20","20","0","ARL, CAF, AGJ","ARL",""
"251","2025/10/21","FPICO1T08:13","2025/08/06",17,1,17,2,"AGSC5",NA,NA,"","2025/10/21","True","2","20","20","0","ARL, CAF, AGJ","ARL",""
"252","2025/10/21","FPICO1T08:13","2025/08/06",18,1,18,1,"EPAN2",0.1,NA,"","2025/10/21","True","2","20","20","0","ARL, CAF, AGJ","ARL",""
"253","2025/10/21","FPICO1T08:13","2025/08/06",19,1,19,1,"GNDE",0.6,NA,"","2025/10/21","True","2","20","20","0","ARL, CAF, AGJ","ARL",""
"254","2025/10/21","FPICO1T08:13","2025/08/06",19,1,19,2,"AGSC5",NA,NA,"","2025/10/21","True","2","20","20","0","ARL, CAF, AGJ","ARL",""
"255","2025/10/21","FPICO1T08:13","2025/08/06",20,1,20,1,"WOOD1",NA,NA,"","2025/10/21","True","2","20","20","0","ARL, CAF, AGJ","ARL",""
"256","2025/10/21","FPICO1T08:13","2025/08/06",1,2,1,1,"VASC",0.1,NA,"","2025/10/21","True","2","20","20","0","ARL, CAF, AGJ","ARL",""
"257","2025/10/21","FPICO1T08:13","2025/08/06",2,2,2,1,"GARA2",0.1,NA,"","2025/10/21","True","2","20","20","0","ARL, CAF, AGJ","ARL",""
"258","2025/10/21","FPICO1T08:13","2025/08/06",2,2,2,2,"CHANC",NA,NA,"","2025/10/21","True","2","20","20","0","ARL, CAF, AGJ","ARL",""
"259","2025/10/21","FPICO1T08:13","2025/08/06",3,2,3,1,"WOOD1",NA,NA,"","2025/10/21","True","2","20","20","0","ARL, CAF, AGJ","ARL",""
"260","2025/10/21","FPICO1T08:13","2025/08/06",4,2,4,1,"CHANC",0.2,NA,"","2025/10/21","True","2","20","20","0","ARL, CAF, AGJ","ARL",""
"261","2025/10/21","FPICO1T08:13","2025/08/06",5,2,5,1,"BARE1",NA,NA,"","2025/10/21","True","2","20","20","0","ARL, CAF, AGJ","ARL",""
"262","2025/10/21","FPICO1T08:13","2025/08/06",6,2,6,1,"SEWO",0.4,NA,"","2025/10/21","True","2","20","20","0","ARL, CAF, AGJ","ARL",""
"263","2025/10/21","FPICO1T08:13","2025/08/06",7,2,7,1,"GARA2",0.2,NA,"","2025/10/21","True","2","20","20","0","ARL, CAF, AGJ","ARL",""
"264","2025/10/21","FPICO1T08:13","2025/08/06",8,2,8,1,"GNDE",0.2,NA,"","2025/10/21","True","2","20","20","0","ARL, CAF, AGJ","ARL",""
"265","2025/10/21","FPICO1T08:13","2025/08/06",8,2,8,2,"GARA2",NA,NA,"","2025/10/21","True","2","20","20","0","ARL, CAF, AGJ","ARL",""
"266","2025/10/21","FPICO1T08:13","2025/08/06",9,2,9,1,"WOOD1",NA,NA,"","2025/10/21","True","2","20","20","0","ARL, CAF, AGJ","ARL",""
"267","2025/10/21","FPICO1T08:13","2025/08/06",10,2,10,1,"VASC",0.1,NA,"","2025/10/21","True","2","20","20","0","ARL, CAF, AGJ","ARL",""
"268","2025/10/21","FPICO1T08:13","2025/08/06",11,2,11,1,"WOOD1",NA,NA,"","2025/10/21","True","2","20","20","0","ARL, CAF, AGJ","ARL",""
"269","2025/10/21","FPICO1T08:13","2025/08/06",12,2,12,1,"VASC",0.1,NA,"","2025/10/21","True","2","20","20","0","ARL, CAF, AGJ","ARL",""
"270","2025/10/21","FPICO1T08:13","2025/08/06",13,2,13,1,"ROCK1",NA,NA,"","2025/10/21","True","2","20","20","0","ARL, CAF, AGJ","ARL",""
"271","2025/10/21","FPICO1T08:13","2025/08/06",14,2,14,1,"WOOD1",NA,NA,"","2025/10/21","True","2","20","20","0","ARL, CAF, AGJ","ARL",""
"272","2025/10/21","FPICO1T08:13","2025/08/06",15,2,15,1,"ORPA3",0.25,NA,"","2025/10/21","True","2","20","20","0","ARL, CAF, AGJ","ARL",""
"273","2025/10/21","FPICO1T08:13","2025/08/06",16,2,16,1,"WOOD1",NA,NA,"","2025/10/21","True","2","20","20","0","ARL, CAF, AGJ","ARL",""
"274","2025/10/21","FPICO1T08:13","2025/08/06",17,2,17,1,"SYSPS",0.2,NA,"","2025/10/21","True","2","20","20","0","ARL, CAF, AGJ","ARL",""
"275","2025/10/21","FPICO1T08:13","2025/08/06",18,2,18,1,"CAXX2",0.15,NA,"","2025/10/21","True","2","20","20","0","ARL, CAF, AGJ","ARL",""
"276","2025/10/21","FPICO1T08:13","2025/08/06",19,2,19,1,"AGSC5",0.1,NA,"","2025/10/21","True","2","20","20","0","ARL, CAF, AGJ","ARL",""
"277","2025/10/21","FPICO1T08:13","2025/08/06",20,2,20,1,"CHANC",0.25,NA,"","2025/10/21","True","2","20","20","0","ARL, CAF, AGJ","ARL",""
"278","2025/10/21","FPICO1T08:14","2025/08/07",1,2,1,1,"CHANC",0.2,NA,"","2025/10/21","True","2","20","20","0","ARL, CAF, AGJ","ARL",""
"279","2025/10/21","FPICO1T08:14","2025/08/07",2,2,2,1,"CAXX2",0.2,NA,"","2025/10/21","True","2","20","20","0","ARL, CAF, AGJ","ARL",""
"280","2025/10/21","FPICO1T08:14","2025/08/07",3,2,3,1,"PICO",0.3,NA,"","2025/10/21","True","2","20","20","0","ARL, CAF, AGJ","ARL",""
"281","2025/10/21","FPICO1T08:14","2025/08/07",4,2,4,1,"VASC",0.1,NA,"","2025/10/21","True","2","20","20","0","ARL, CAF, AGJ","ARL",""
"282","2025/10/21","FPICO1T08:14","2025/08/07",5,2,5,1,"WOOD1",NA,NA,"","2025/10/21","True","2","20","20","0","ARL, CAF, AGJ","ARL",""
"283","2025/10/21","FPICO1T08:14","2025/08/07",6,2,6,1,"PICO",0.4,NA,"","2025/10/21","True","2","20","20","0","ARL, CAF, AGJ","ARL",""
"284","2025/10/21","FPICO1T08:14","2025/08/07",7,2,7,1,"WOOD1",NA,NA,"","2025/10/21","True","2","20","20","0","ARL, CAF, AGJ","ARL",""
"285","2025/10/21","FPICO1T08:14","2025/08/07",8,2,8,1,"ROCK1",NA,NA,"","2025/10/21","True","2","20","20","0","ARL, CAF, AGJ","ARL",""
"286","2025/10/21","FPICO1T08:14","2025/08/07",9,2,9,1,"CHANC",0.1,NA,"","2025/10/21","True","2","20","20","0","ARL, CAF, AGJ","ARL",""
"287","2025/10/21","FPICO1T08:14","2025/08/07",10,2,10,1,"CAXX2",0.2,NA,"","2025/10/21","True","2","20","20","0","ARL, CAF, AGJ","ARL",""
"288","2025/10/21","FPICO1T08:14","2025/08/07",11,2,11,1,"CAXX2",0.25,NA,"","2025/10/21","True","2","20","20","0","ARL, CAF, AGJ","ARL",""
"289","2025/10/21","FPICO1T08:14","2025/08/07",12,2,12,1,"BARE1",NA,NA,"","2025/10/21","True","2","20","20","0","ARL, CAF, AGJ","ARL",""
"290","2025/10/21","FPICO1T08:14","2025/08/07",13,2,13,1,"ROCK1",NA,NA,"","2025/10/21","True","2","20","20","0","ARL, CAF, AGJ","ARL",""
"291","2025/10/21","FPICO1T08:14","2025/08/07",14,2,14,1,"CHANC",0.25,NA,"","2025/10/21","True","2","20","20","0","ARL, CAF, AGJ","ARL",""
"292","2025/10/21","FPICO1T08:14","2025/08/07",15,2,15,1,"CHANC",0.1,NA,"","2025/10/21","True","2","20","20","0","ARL, CAF, AGJ","ARL",""
"293","2025/10/21","FPICO1T08:14","2025/08/07",16,2,16,1,"LITT1",NA,NA,"","2025/10/21","True","2","20","20","0","ARL, CAF, AGJ","ARL",""
"294","2025/10/21","FPICO1T08:14","2025/08/07",17,2,17,1,"PICO",0.5,NA,"","2025/10/21","True","2","20","20","0","ARL, CAF, AGJ","ARL",""
"295","2025/10/21","FPICO1T08:14","2025/08/07",17,2,17,2,"CHANC",NA,NA,"","2025/10/21","True","2","20","20","0","ARL, CAF, AGJ","ARL",""
"296","2025/10/21","FPICO1T08:14","2025/08/07",17,2,17,3,"VASC",NA,NA,"","2025/10/21","True","2","20","20","0","ARL, CAF, AGJ","ARL",""
"297","2025/10/21","FPICO1T08:14","2025/08/07",18,2,18,1,"ROCK1",NA,NA,"","2025/10/21","True","2","20","20","0","ARL, CAF, AGJ","ARL",""
"298","2025/10/21","FPICO1T08:14","2025/08/07",19,2,19,1,"ROCK1",NA,NA,"","2025/10/21","True","2","20","20","0","ARL, CAF, AGJ","ARL",""
"299","2025/10/21","FPICO1T08:14","2025/08/07",20,2,20,1,"CAXX2",0.15,NA,"","2025/10/21","True","2","20","20","0","ARL, CAF, AGJ","ARL",""
"300","2025/10/21","FPICO1T08:14","2025/08/07",1,1,1,1,"PICO",0.3,NA,"","2025/10/21","True","2","20","20","0","ARL, CAF, AGJ","ARL",""
"301","2025/10/21","FPICO1T08:14","2025/08/07",1,1,1,2,"ACMI2",NA,NA,"","2025/10/21","True","2","20","20","0","ARL, CAF, AGJ","ARL",""
"302","2025/10/21","FPICO1T08:14","2025/08/07",2,1,2,1,"CAXX2",0.15,NA,"","2025/10/21","True","2","20","20","0","ARL, CAF, AGJ","ARL",""
"303","2025/10/21","FPICO1T08:14","2025/08/07",3,1,3,1,"ROCK1",NA,NA,"","2025/10/21","True","2","20","20","0","ARL, CAF, AGJ","ARL",""
"304","2025/10/21","FPICO1T08:14","2025/08/07",4,1,4,1,"WOOD1",NA,NA,"","2025/10/21","True","2","20","20","0","ARL, CAF, AGJ","ARL",""
"305","2025/10/21","FPICO1T08:14","2025/08/07",5,1,5,1,"PICO",0.15,NA,"","2025/10/21","True","2","20","20","0","ARL, CAF, AGJ","ARL",""
"306","2025/10/21","FPICO1T08:14","2025/08/07",5,1,5,2,"CHANC",NA,NA,"","2025/10/21","True","2","20","20","0","ARL, CAF, AGJ","ARL",""
"307","2025/10/21","FPICO1T08:14","2025/08/07",6,1,6,1,"ROCK1",NA,NA,"","2025/10/21","True","2","20","20","0","ARL, CAF, AGJ","ARL",""
"308","2025/10/21","FPICO1T08:14","2025/08/07",7,1,7,1,"ROCK1",NA,NA,"","2025/10/21","True","2","20","20","0","ARL, CAF, AGJ","ARL",""
"309","2025/10/21","FPICO1T08:14","2025/08/07",8,1,8,1,"CHANC",0.1,NA,"","2025/10/21","True","2","20","20","0","ARL, CAF, AGJ","ARL",""
"310","2025/10/21","FPICO1T08:14","2025/08/07",9,1,9,1,"CHANC",0.15,NA,"","2025/10/21","True","2","20","20","0","ARL, CAF, AGJ","ARL",""
"311","2025/10/21","FPICO1T08:14","2025/08/07",10,1,10,1,"VASC",0.1,NA,"","2025/10/21","True","2","20","20","0","ARL, CAF, AGJ","ARL",""
"312","2025/10/21","FPICO1T08:14","2025/08/07",11,1,11,1,"WOOD1",NA,NA,"","2025/10/21","True","2","20","20","0","ARL, CAF, AGJ","ARL",""
"313","2025/10/21","FPICO1T08:14","2025/08/07",12,1,12,1,"CHANC",0.2,NA,"","2025/10/21","True","2","20","20","0","ARL, CAF, AGJ","ARL",""
"314","2025/10/21","FPICO1T08:14","2025/08/07",12,1,12,2,"GARA2",NA,NA,"","2025/10/21","True","2","20","20","0","ARL, CAF, AGJ","ARL",""
"315","2025/10/21","FPICO1T08:14","2025/08/07",13,1,13,1,"BARE1",NA,NA,"","2025/10/21","True","2","20","20","0","ARL, CAF, AGJ","ARL",""
"316","2025/10/21","FPICO1T08:14","2025/08/07",14,1,14,1,"GARA2",0.2,NA,"","2025/10/21","True","2","20","20","0","ARL, CAF, AGJ","ARL",""
"317","2025/10/21","FPICO1T08:14","2025/08/07",14,1,14,2,"CHANC",NA,NA,"","2025/10/21","True","2","20","20","0","ARL, CAF, AGJ","ARL",""
"318","2025/10/21","FPICO1T08:14","2025/08/07",15,1,15,1,"BARE1",NA,NA,"","2025/10/21","True","2","20","20","0","ARL, CAF, AGJ","ARL",""
"319","2025/10/21","FPICO1T08:14","2025/08/07",16,1,16,1,"LITT1",NA,NA,"","2025/10/21","True","2","20","20","0","ARL, CAF, AGJ","ARL",""
"320","2025/10/21","FPICO1T08:14","2025/08/07",17,1,17,1,"ROCK1",NA,NA,"","2025/10/21","True","2","20","20","0","ARL, CAF, AGJ","ARL",""
"321","2025/10/21","FPICO1T08:14","2025/08/07",18,1,18,1,"CHANC",0.15,NA,"","2025/10/21","True","2","20","20","0","ARL, CAF, AGJ","ARL",""
"322","2025/10/21","FPICO1T08:14","2025/08/07",19,1,19,1,"CAXX2",0.2,NA,"","2025/10/21","True","2","20","20","0","ARL, CAF, AGJ","ARL",""
"323","2025/10/21","FPICO1T08:14","2025/08/07",19,1,19,2,"VASC",NA,NA,"","2025/10/21","True","2","20","20","0","ARL, CAF, AGJ","ARL",""
"324","2025/10/21","FPICO1T08:14","2025/08/07",20,1,20,1,"CHANC",0.35,NA,"","2025/10/21","True","2","20","20","0","ARL, CAF, AGJ","ARL",""
"325","2025/10/21","FPICO1T08:14","2025/08/07",20,1,20,2,"ROWO",NA,NA,"","2025/10/21","True","2","20","20","0","ARL, CAF, AGJ","ARL",""
"326","2025/10/21","FPICO1T08:15","2025/08/11",1,1,1,1,"VASC",0.3,NA,"","2025/10/21","True","2","20","20","0","CAF, AGJ","ARL",""
"327","2025/10/21","FPICO1T08:15","2025/08/11",2,1,2,1,"VASC",0.2,NA,"","2025/10/21","True","2","20","20","0","CAF, AGJ","ARL",""
"328","2025/10/21","FPICO1T08:15","2025/08/11",3,1,3,1,"VASC",0.1,NA,"","2025/10/21","True","2","20","20","0","CAF, AGJ","ARL",""
"329","2025/10/21","FPICO1T08:15","2025/08/11",4,1,4,1,"ABLA",0.1,NA,"","2025/10/21","True","2","20","20","0","CAF, AGJ","ARL",""
"330","2025/10/21","FPICO1T08:15","2025/08/11",5,1,5,1,"VASC",0.2,NA,"","2025/10/21","True","2","20","20","0","CAF, AGJ","ARL",""
"331","2025/10/21","FPICO1T08:15","2025/08/11",6,1,6,1,"LITT1",NA,NA,"","2025/10/21","True","2","20","20","0","CAF, AGJ","ARL",""
"332","2025/10/21","FPICO1T08:15","2025/08/11",7,1,7,1,"JUCO6",0.3,NA,"","2025/10/21","True","2","20","20","0","CAF, AGJ","ARL",""
"333","2025/10/21","FPICO1T08:15","2025/08/11",7,1,7,2,"VASC",NA,NA,"","2025/10/21","True","2","20","20","0","CAF, AGJ","ARL",""
"334","2025/10/21","FPICO1T08:15","2025/08/11",8,1,8,1,"VASC",0.2,NA,"","2025/10/21","True","2","20","20","0","CAF, AGJ","ARL",""
"335","2025/10/21","FPICO1T08:15","2025/08/11",9,1,9,1,"VASC",0.2,NA,"","2025/10/21","True","2","20","20","0","CAF, AGJ","ARL",""
"336","2025/10/21","FPICO1T08:15","2025/08/11",10,1,10,1,"PICO",0.8,NA,"","2025/10/21","True","2","20","20","0","CAF, AGJ","ARL",""
"337","2025/10/21","FPICO1T08:15","2025/08/11",10,1,10,2,"VASC",NA,NA,"","2025/10/21","True","2","20","20","0","CAF, AGJ","ARL",""
"338","2025/10/21","FPICO1T08:15","2025/08/11",11,1,11,1,"LITT1",NA,NA,"","2025/10/21","True","2","20","20","0","CAF, AGJ","ARL",""
"339","2025/10/21","FPICO1T08:15","2025/08/11",12,1,12,1,"VASC",0.1,NA,"","2025/10/21","True","2","20","20","0","CAF, AGJ","ARL",""
"340","2025/10/21","FPICO1T08:15","2025/08/11",12,1,12,2,"CAXX2",NA,NA,"","2025/10/21","True","2","20","20","0","CAF, AGJ","ARL",""
"341","2025/10/21","FPICO1T08:15","2025/08/11",13,1,13,1,"LITT1",NA,NA,"","2025/10/21","True","2","20","20","0","CAF, AGJ","ARL",""
"342","2025/10/21","FPICO1T08:15","2025/08/11",14,1,14,1,"ROCK1",NA,NA,"","2025/10/21","True","2","20","20","0","CAF, AGJ","ARL",""
"343","2025/10/21","FPICO1T08:15","2025/08/11",15,1,15,1,"LITT1",NA,NA,"","2025/10/21","True","2","20","20","0","CAF, AGJ","ARL",""
"344","2025/10/21","FPICO1T08:15","2025/08/11",16,1,16,1,"VASC",0.1,NA,"","2025/10/21","True","2","20","20","0","CAF, AGJ","ARL",""
"345","2025/10/21","FPICO1T08:15","2025/08/11",17,1,17,1,"PIEN",0.3,NA,"","2025/10/21","True","2","20","20","0","CAF, AGJ","ARL",""
"346","2025/10/21","FPICO1T08:15","2025/08/11",17,1,17,2,"VASC",NA,NA,"","2025/10/21","True","2","20","20","0","CAF, AGJ","ARL",""
"347","2025/10/21","FPICO1T08:15","2025/08/11",18,1,18,1,"VASC",0.1,NA,"","2025/10/21","True","2","20","20","0","CAF, AGJ","ARL",""
"348","2025/10/21","FPICO1T08:15","2025/08/11",19,1,19,1,"JUCO6",0.3,NA,"","2025/10/21","True","2","20","20","0","CAF, AGJ","ARL",""
"349","2025/10/21","FPICO1T08:15","2025/08/11",19,1,19,2,"VASC",NA,NA,"","2025/10/21","True","2","20","20","0","CAF, AGJ","ARL",""
"350","2025/10/21","FPICO1T08:15","2025/08/11",20,1,20,1,"VASC",0.2,NA,"","2025/10/21","True","2","20","20","0","CAF, AGJ","ARL",""
"351","2025/10/21","FPICO1T08:15","2025/08/11",1,2,1,1,"VASC",0.1,NA,"","2025/10/21","True","2","20","20","0","CAF, AGJ","ARL",""
"352","2025/10/21","FPICO1T08:15","2025/08/11",2,2,2,1,"VASC",0.1,NA,"","2025/10/21","True","2","20","20","0","CAF, AGJ","ARL",""
"353","2025/10/21","FPICO1T08:15","2025/08/11",3,2,3,1,"VASC",0.15,NA,"","2025/10/21","True","2","20","20","0","CAF, AGJ","ARL",""
"354","2025/10/21","FPICO1T08:15","2025/08/11",4,2,4,1,"CAXX2",0.1,NA,"","2025/10/21","True","2","20","20","0","CAF, AGJ","ARL",""
"355","2025/10/21","FPICO1T08:15","2025/08/11",5,2,5,1,"ROCK1",NA,NA,"","2025/10/21","True","2","20","20","0","CAF, AGJ","ARL",""
"356","2025/10/21","FPICO1T08:15","2025/08/11",6,2,6,1,"LITT1",NA,NA,"","2025/10/21","True","2","20","20","0","CAF, AGJ","ARL",""
"357","2025/10/21","FPICO1T08:15","2025/08/11",7,2,7,1,"VASC",0.2,NA,"","2025/10/21","True","2","20","20","0","CAF, AGJ","ARL",""
"358","2025/10/21","FPICO1T08:15","2025/08/11",8,2,8,1,"VASC",0.1,NA,"","2025/10/21","True","2","20","20","0","CAF, AGJ","ARL",""
"359","2025/10/21","FPICO1T08:15","2025/08/11",9,2,9,1,"LITT1",NA,NA,"","2025/10/21","True","2","20","20","0","CAF, AGJ","ARL",""
"360","2025/10/21","FPICO1T08:15","2025/08/11",10,2,10,1,"VASC",0.1,NA,"","2025/10/21","True","2","20","20","0","CAF, AGJ","ARL",""
"361","2025/10/21","FPICO1T08:15","2025/08/11",11,2,11,1,"BARE1",NA,NA,"","2025/10/21","True","2","20","20","0","CAF, AGJ","ARL",""
"362","2025/10/21","FPICO1T08:15","2025/08/11",12,2,12,1,"LITT1",NA,NA,"","2025/10/21","True","2","20","20","0","CAF, AGJ","ARL",""
"363","2025/10/21","FPICO1T08:15","2025/08/11",13,2,13,1,"VASC",0.1,NA,"","2025/10/21","True","2","20","20","0","CAF, AGJ","ARL",""
"364","2025/10/21","FPICO1T08:15","2025/08/11",14,2,14,1,"VASC",0.2,NA,"","2025/10/21","True","2","20","20","0","CAF, AGJ","ARL",""
"365","2025/10/21","FPICO1T08:15","2025/08/11",15,2,15,1,"VASC",0.1,NA,"","2025/10/21","True","2","20","20","0","CAF, AGJ","ARL",""
"366","2025/10/21","FPICO1T08:15","2025/08/11",16,2,16,1,"VASC",0.2,NA,"","2025/10/21","True","2","20","20","0","CAF, AGJ","ARL",""
"367","2025/10/21","FPICO1T08:15","2025/08/11",17,2,17,1,"LITT1",NA,NA,"","2025/10/21","True","2","20","20","0","CAF, AGJ","ARL",""
"368","2025/10/21","FPICO1T08:15","2025/08/11",18,2,18,1,"VASC",0.1,NA,"","2025/10/21","True","2","20","20","0","CAF, AGJ","ARL",""
"369","2025/10/21","FPICO1T08:15","2025/08/11",19,2,19,1,"VASC",0.1,NA,"","2025/10/21","True","2","20","20","0","CAF, AGJ","ARL",""
"370","2025/10/21","FPICO1T08:15","2025/08/11",20,2,20,1,"VASC",0.2,NA,"","2025/10/21","True","2","20","20","0","CAF, AGJ","ARL",""
"371","2025/10/21","FPICO1T08:16","2025/08/07",1,1,1,1,"BARE1",NA,NA,"","2025/10/21","True","2","20","20","0","ARL, CAF, AGJ","ARL",""
"372","2025/10/21","FPICO1T08:16","2025/08/07",2,1,2,1,"BARE1",NA,NA,"","2025/10/21","True","2","20","20","0","ARL, CAF, AGJ","ARL",""
"373","2025/10/21","FPICO1T08:16","2025/08/07",3,1,3,1,"ROCK1",NA,NA,"","2025/10/21","True","2","20","20","0","ARL, CAF, AGJ","ARL",""
"374","2025/10/21","FPICO1T08:16","2025/08/07",4,1,4,1,"ROCK1",NA,NA,"","2025/10/21","True","2","20","20","0","ARL, CAF, AGJ","ARL",""
"375","2025/10/21","FPICO1T08:16","2025/08/07",5,1,5,1,"GARA2",0.1,NA,"","2025/10/21","True","2","20","20","0","ARL, CAF, AGJ","ARL",""
"376","2025/10/21","FPICO1T08:16","2025/08/07",6,1,6,1,"CHANC",0.1,NA,"","2025/10/21","True","2","20","20","0","ARL, CAF, AGJ","ARL",""
"377","2025/10/21","FPICO1T08:16","2025/08/07",7,1,7,1,"ROCK1",NA,NA,"","2025/10/21","True","2","20","20","0","ARL, CAF, AGJ","ARL",""
"378","2025/10/21","FPICO1T08:16","2025/08/07",8,1,8,1,"LITT1",NA,NA,"","2025/10/21","True","2","20","20","0","ARL, CAF, AGJ","ARL",""
"379","2025/10/21","FPICO1T08:16","2025/08/07",9,1,9,1,"LITT1",NA,NA,"","2025/10/21","True","2","20","20","0","ARL, CAF, AGJ","ARL",""
"380","2025/10/21","FPICO1T08:16","2025/08/07",10,1,10,1,"GARA2",0.1,NA,"","2025/10/21","True","2","20","20","0","ARL, CAF, AGJ","ARL",""
"381","2025/10/21","FPICO1T08:16","2025/08/07",11,1,11,1,"GARA2",0.2,NA,"","2025/10/21","True","2","20","20","0","ARL, CAF, AGJ","ARL",""
"382","2025/10/21","FPICO1T08:16","2025/08/07",12,1,12,1,"GARA2",0.1,NA,"","2025/10/21","True","2","20","20","0","ARL, CAF, AGJ","ARL",""
"383","2025/10/21","FPICO1T08:16","2025/08/07",13,1,13,1,"VASC",0.1,NA,"","2025/10/21","True","2","20","20","0","ARL, CAF, AGJ","ARL",""
"384","2025/10/21","FPICO1T08:16","2025/08/07",14,1,14,1,"GARA2",0.2,NA,"","2025/10/21","True","2","20","20","0","ARL, CAF, AGJ","ARL",""
"385","2025/10/21","FPICO1T08:16","2025/08/07",15,1,15,1,"LITT1",NA,NA,"","2025/10/21","True","2","20","20","0","ARL, CAF, AGJ","ARL",""
"386","2025/10/21","FPICO1T08:16","2025/08/07",16,1,16,1,"LITT1",NA,NA,"","2025/10/21","True","2","20","20","0","ARL, CAF, AGJ","ARL",""
"387","2025/10/21","FPICO1T08:16","2025/08/07",17,1,17,1,"GARA2",0.1,NA,"","2025/10/21","True","2","20","20","0","ARL, CAF, AGJ","ARL",""
"388","2025/10/21","FPICO1T08:16","2025/08/07",18,1,18,1,"BARE1",NA,NA,"","2025/10/21","True","2","20","20","0","ARL, CAF, AGJ","ARL",""
"389","2025/10/21","FPICO1T08:16","2025/08/07",19,1,19,1,"GARA2",0.1,NA,"","2025/10/21","True","2","20","20","0","ARL, CAF, AGJ","ARL",""
"390","2025/10/21","FPICO1T08:16","2025/08/07",20,1,20,1,"GARA2",0.2,NA,"","2025/10/21","True","2","20","20","0","ARL, CAF, AGJ","ARL",""
"391","2025/10/21","FPICO1T08:16","2025/08/07",1,2,1,1,"CAXX2",0.1,NA,"","2025/10/21","True","2","20","20","0","ARL, CAF, AGJ","ARL",""
"392","2025/10/21","FPICO1T08:16","2025/08/07",2,2,2,1,"VASC",0.1,NA,"","2025/10/21","True","2","20","20","0","ARL, CAF, AGJ","ARL",""
"393","2025/10/21","FPICO1T08:16","2025/08/07",3,2,3,1,"VASC",0.1,NA,"","2025/10/21","True","2","20","20","0","ARL, CAF, AGJ","ARL",""
"394","2025/10/21","FPICO1T08:16","2025/08/07",4,2,4,1,"BARE1",NA,NA,"","2025/10/21","True","2","20","20","0","ARL, CAF, AGJ","ARL",""
"395","2025/10/21","FPICO1T08:16","2025/08/07",5,2,5,1,"BARE1",NA,NA,"","2025/10/21","True","2","20","20","0","ARL, CAF, AGJ","ARL",""
"396","2025/10/21","FPICO1T08:16","2025/08/07",6,2,6,1,"LITT1",NA,NA,"","2025/10/21","True","2","20","20","0","ARL, CAF, AGJ","ARL",""
"397","2025/10/21","FPICO1T08:16","2025/08/07",7,2,7,1,"CHANC",0.1,NA,"","2025/10/21","True","2","20","20","0","ARL, CAF, AGJ","ARL",""
"398","2025/10/21","FPICO1T08:16","2025/08/07",8,2,8,1,"BARE1",NA,NA,"","2025/10/21","True","2","20","20","0","ARL, CAF, AGJ","ARL",""
"399","2025/10/21","FPICO1T08:16","2025/08/07",9,2,9,1,"GARA2",0.1,NA,"","2025/10/21","True","2","20","20","0","ARL, CAF, AGJ","ARL",""
"400","2025/10/21","FPICO1T08:16","2025/08/07",10,2,10,1,"CAXX2",0.1,NA,"","2025/10/21","True","2","20","20","0","ARL, CAF, AGJ","ARL",""
"401","2025/10/21","FPICO1T08:16","2025/08/07",10,2,10,2,"GARA2",NA,NA,"","2025/10/21","True","2","20","20","0","ARL, CAF, AGJ","ARL",""
"402","2025/10/21","FPICO1T08:16","2025/08/07",11,2,11,1,"GARA2",0.2,NA,"","2025/10/21","True","2","20","20","0","ARL, CAF, AGJ","ARL",""
"403","2025/10/21","FPICO1T08:16","2025/08/07",12,2,12,1,"BARE1",NA,NA,"","2025/10/21","True","2","20","20","0","ARL, CAF, AGJ","ARL",""
"404","2025/10/21","FPICO1T08:16","2025/08/07",13,2,13,1,"GARA2",0.1,NA,"","2025/10/21","True","2","20","20","0","ARL, CAF, AGJ","ARL",""
"405","2025/10/21","FPICO1T08:16","2025/08/07",14,2,14,1,"GARA2",0.1,NA,"","2025/10/21","True","2","20","20","0","ARL, CAF, AGJ","ARL",""
"406","2025/10/21","FPICO1T08:16","2025/08/07",15,2,15,1,"BARE1",NA,NA,"","2025/10/21","True","2","20","20","0","ARL, CAF, AGJ","ARL",""
"407","2025/10/21","FPICO1T08:16","2025/08/07",16,2,16,1,"BARE1",NA,NA,"","2025/10/21","True","2","20","20","0","ARL, CAF, AGJ","ARL",""
"408","2025/10/21","FPICO1T08:16","2025/08/07",17,2,17,1,"PICO",0.1,NA,"","2025/10/21","True","2","20","20","0","ARL, CAF, AGJ","ARL",""
"409","2025/10/21","FPICO1T08:16","2025/08/07",17,2,17,2,"GARA2",NA,NA,"","2025/10/21","True","2","20","20","0","ARL, CAF, AGJ","ARL",""
"410","2025/10/21","FPICO1T08:16","2025/08/07",18,2,18,1,"GARA2",0.1,NA,"","2025/10/21","True","2","20","20","0","ARL, CAF, AGJ","ARL",""
"411","2025/10/21","FPICO1T08:16","2025/08/07",19,2,19,1,"GARA2",0.2,NA,"","2025/10/21","True","2","20","20","0","ARL, CAF, AGJ","ARL",""
"412","2025/10/21","FPICO1T08:16","2025/08/07",20,2,20,1,"GARA2",0.1,NA,"","2025/10/21","True","2","20","20","0","ARL, CAF, AGJ","ARL",""
"413","2025/10/21","FPICO1T08:19","2025/08/11",1,1,1,1,"LITT1",NA,NA,"","2025/10/21","True","2","20","20","0","CAF, AGJ","ARL",""
"414","2025/10/21","FPICO1T08:19","2025/08/11",2,1,2,1,"LITT1",NA,NA,"","2025/10/21","True","2","20","20","0","CAF, AGJ","ARL",""
"415","2025/10/21","FPICO1T08:19","2025/08/11",3,1,3,1,"JUCO6",0.25,NA,"","2025/10/21","True","2","20","20","0","CAF, AGJ","ARL",""
"416","2025/10/21","FPICO1T08:19","2025/08/11",4,1,4,1,"JUCO6",0.5,NA,"","2025/10/21","True","2","20","20","0","CAF, AGJ","ARL",""
"417","2025/10/21","FPICO1T08:19","2025/08/11",5,1,5,1,"ABLA",0.5,NA,"","2025/10/21","True","2","20","20","0","CAF, AGJ","ARL",""
"418","2025/10/21","FPICO1T08:19","2025/08/11",5,1,5,2,"JUCO6",NA,NA,"","2025/10/21","True","2","20","20","0","CAF, AGJ","ARL",""
"419","2025/10/21","FPICO1T08:19","2025/08/11",5,1,5,3,"VASC",NA,NA,"","2025/10/21","True","2","20","20","0","CAF, AGJ","ARL",""
"420","2025/10/21","FPICO1T08:19","2025/08/11",6,1,6,1,"JUCO6",0.4,NA,"","2025/10/21","True","2","20","20","0","CAF, AGJ","ARL",""
"421","2025/10/21","FPICO1T08:19","2025/08/11",6,1,6,2,"VASC",NA,NA,"","2025/10/21","True","2","20","20","0","CAF, AGJ","ARL",""
"422","2025/10/21","FPICO1T08:19","2025/08/11",7,1,7,1,"VASC",0.1,NA,"","2025/10/21","True","2","20","20","0","CAF, AGJ","ARL",""
"423","2025/10/21","FPICO1T08:19","2025/08/11",8,1,8,1,"PIEN",0.6,NA,"","2025/10/21","True","2","20","20","0","CAF, AGJ","ARL",""
"424","2025/10/21","FPICO1T08:19","2025/08/11",8,1,8,2,"VASC",NA,NA,"","2025/10/21","True","2","20","20","0","CAF, AGJ","ARL",""
"425","2025/10/21","FPICO1T08:19","2025/08/11",9,1,9,1,"LITT1",NA,NA,"","2025/10/21","True","2","20","20","0","CAF, AGJ","ARL",""
"426","2025/10/21","FPICO1T08:19","2025/08/11",10,1,10,1,"ROCK1",NA,NA,"","2025/10/21","True","2","20","20","0","CAF, AGJ","ARL",""
"427","2025/10/21","FPICO1T08:19","2025/08/11",11,1,11,1,"BARE1",NA,NA,"","2025/10/21","True","2","20","20","0","CAF, AGJ","ARL",""
"428","2025/10/21","FPICO1T08:19","2025/08/11",12,1,12,1,"LITT1",NA,NA,"","2025/10/21","True","2","20","20","0","CAF, AGJ","ARL",""
"429","2025/10/21","FPICO1T08:19","2025/08/11",13,1,13,1,"VASC",0.1,NA,"","2025/10/21","True","2","20","20","0","CAF, AGJ","ARL",""
"430","2025/10/21","FPICO1T08:19","2025/08/11",14,1,14,1,"PIEN",0.3,NA,"","2025/10/21","True","2","20","20","0","CAF, AGJ","ARL",""
"431","2025/10/21","FPICO1T08:19","2025/08/11",15,1,15,1,"PIEN",1.4,NA,"","2025/10/21","True","2","20","20","0","CAF, AGJ","ARL",""
"432","2025/10/21","FPICO1T08:19","2025/08/11",16,1,16,1,"LITT1",NA,NA,"","2025/10/21","True","2","20","20","0","CAF, AGJ","ARL",""
"433","2025/10/21","FPICO1T08:19","2025/08/11",17,1,17,1,"LITT1",NA,NA,"","2025/10/21","True","2","20","20","0","CAF, AGJ","ARL",""
"434","2025/10/21","FPICO1T08:19","2025/08/11",18,1,18,1,"WOOD1",NA,NA,"","2025/10/21","True","2","20","20","0","CAF, AGJ","ARL",""
"435","2025/10/21","FPICO1T08:19","2025/08/11",19,1,19,1,"BARE1",NA,NA,"","2025/10/21","True","2","20","20","0","CAF, AGJ","ARL",""
"436","2025/10/21","FPICO1T08:19","2025/08/11",20,1,20,1,"ABLA",0.1,NA,"","2025/10/21","True","2","20","20","0","CAF, AGJ","ARL",""
"437","2025/10/21","FPICO1T08:19","2025/08/11",1,2,1,1,"PIEN",0.9,NA,"","2025/10/21","True","2","20","20","0","CAF, AGJ","ARL",""
"438","2025/10/21","FPICO1T08:19","2025/08/11",2,2,2,1,"LITT1",NA,NA,"","2025/10/21","True","2","20","20","0","CAF, AGJ","ARL",""
"439","2025/10/21","FPICO1T08:19","2025/08/11",3,2,3,1,"ROCK1",NA,NA,"","2025/10/21","True","2","20","20","0","CAF, AGJ","ARL",""
"440","2025/10/21","FPICO1T08:19","2025/08/11",4,2,4,1,"LITT1",NA,NA,"","2025/10/21","True","2","20","20","0","CAF, AGJ","ARL",""
"441","2025/10/21","FPICO1T08:19","2025/08/11",5,2,5,1,"LITT1",NA,NA,"","2025/10/21","True","2","20","20","0","CAF, AGJ","ARL",""
"442","2025/10/21","FPICO1T08:19","2025/08/11",6,2,6,1,"LITT1",NA,NA,"","2025/10/21","True","2","20","20","0","CAF, AGJ","ARL",""
"443","2025/10/21","FPICO1T08:19","2025/08/11",7,2,7,1,"LITT1",NA,NA,"","2025/10/21","True","2","20","20","0","CAF, AGJ","ARL",""
"444","2025/10/21","FPICO1T08:19","2025/08/11",8,2,8,1,"LITT1",NA,NA,"","2025/10/21","True","2","20","20","0","CAF, AGJ","ARL",""
"445","2025/10/21","FPICO1T08:19","2025/08/11",9,2,9,1,"LITT1",NA,NA,"","2025/10/21","True","2","20","20","0","CAF, AGJ","ARL",""
"446","2025/10/21","FPICO1T08:19","2025/08/11",10,2,10,1,"LITT1",NA,NA,"","2025/10/21","True","2","20","20","0","CAF, AGJ","ARL",""
"447","2025/10/21","FPICO1T08:19","2025/08/11",11,2,11,1,"BARE1",NA,NA,"","2025/10/21","True","2","20","20","0","CAF, AGJ","ARL",""
"448","2025/10/21","FPICO1T08:19","2025/08/11",12,2,12,1,"LITT1",NA,NA,"","2025/10/21","True","2","20","20","0","CAF, AGJ","ARL",""
"449","2025/10/21","FPICO1T08:19","2025/08/11",13,2,13,1,"LITT1",NA,NA,"","2025/10/21","True","2","20","20","0","CAF, AGJ","ARL",""
"450","2025/10/21","FPICO1T08:19","2025/08/11",14,2,14,1,"LITT1",NA,NA,"","2025/10/21","True","2","20","20","0","CAF, AGJ","ARL",""
"451","2025/10/21","FPICO1T08:19","2025/08/11",15,2,15,1,"LITT1",NA,NA,"","2025/10/21","True","2","20","20","0","CAF, AGJ","ARL",""
"452","2025/10/21","FPICO1T08:19","2025/08/11",16,2,16,1,"LITT1",NA,NA,"","2025/10/21","True","2","20","20","0","CAF, AGJ","ARL",""
"453","2025/10/21","FPICO1T08:19","2025/08/11",17,2,17,1,"BARE1",NA,NA,"","2025/10/21","True","2","20","20","0","CAF, AGJ","ARL",""
"454","2025/10/21","FPICO1T08:19","2025/08/11",18,2,18,1,"LITT1",NA,NA,"","2025/10/21","True","2","20","20","0","CAF, AGJ","ARL",""
"455","2025/10/21","FPICO1T08:19","2025/08/11",19,2,19,1,"VASC",0.1,NA,"","2025/10/21","True","2","20","20","0","CAF, AGJ","ARL",""
"456","2025/10/21","FPICO1T08:19","2025/08/11",20,2,20,1,"ABLA",0.2,NA,"","2025/10/21","True","2","20","20","0","CAF, AGJ","ARL",""
"457","2025/10/21","FPICO1T08:08","1998/07/28",0.3,1,1,1,"VASC",0.03,"L","","2025/10/21","True","1","50","166","0","","",""
"458","2025/10/21","FPICO1T08:08","1998/07/28",0.6,1,2,1,"VASC",0.05,"L","","2025/10/21","True","1","50","166","0","","",""
"459","2025/10/21","FPICO1T08:08","1998/07/28",0.9,1,3,1,"VASC",0.9,"L","","2025/10/21","True","1","50","166","0","","",""
"460","2025/10/21","FPICO1T08:08","1998/07/28",1.2,1,4,1,"VASC",0.1,"L","","2025/10/21","True","1","50","166","0","","",""
"461","2025/10/21","FPICO1T08:08","1998/07/28",1.5,1,5,1,"VASC",0.1,"L","","2025/10/21","True","1","50","166","0","","",""
"462","2025/10/21","FPICO1T08:08","1998/07/28",1.8,1,6,1,"ABLAL",0.3,"L","","2025/10/21","True","1","50","166","0","","",""
"463","2025/10/21","FPICO1T08:08","1998/07/28",1.8,1,6,2,"VASC",0,"L","","2025/10/21","True","1","50","166","0","","",""
"464","2025/10/21","FPICO1T08:08","1998/07/28",2.1,1,7,1,"ABLAL",0.39,"L","","2025/10/21","True","1","50","166","0","","",""
"465","2025/10/21","FPICO1T08:08","1998/07/28",2.1,1,7,2,"VASC",0,"L","","2025/10/21","True","1","50","166","0","","",""
"466","2025/10/21","FPICO1T08:08","1998/07/28",2.4,1,8,1,"LITT1",0,"D","","2025/10/21","True","1","50","166","0","","",""
"467","2025/10/21","FPICO1T08:08","1998/07/28",2.7,1,9,1,"ROCK1",0,"D","","2025/10/21","True","1","50","166","0","","",""
"468","2025/10/21","FPICO1T08:08","1998/07/28",3,1,10,1,"BARE1",0,"D","","2025/10/21","True","1","50","166","0","","",""
"469","2025/10/21","FPICO1T08:08","1998/07/28",3.3,1,11,1,"LITT1",0,"D","","2025/10/21","True","1","50","166","0","","",""
"470","2025/10/21","FPICO1T08:08","1998/07/28",3.6,1,12,1,"PICO",0.12,"L","","2025/10/21","True","1","50","166","0","","",""
"471","2025/10/21","FPICO1T08:08","1998/07/28",3.9,1,13,1,"LITT1",0,"D","","2025/10/21","True","1","50","166","0","","",""
"472","2025/10/21","FPICO1T08:08","1998/07/28",4.2,1,14,1,"LITT1",0,"D","","2025/10/21","True","1","50","166","0","","",""
"473","2025/10/21","FPICO1T08:08","1998/07/28",4.5,1,15,1,"ROCK1",0,"D","","2025/10/21","True","1","50","166","0","","",""
"474","2025/10/21","FPICO1T08:08","1998/07/28",4.8,1,16,1,"ROCK1",0,"D","","2025/10/21","True","1","50","166","0","","",""
"475","2025/10/21","FPICO1T08:08","1998/07/28",5.1,1,17,1,"ROCK1",0,"D","","2025/10/21","True","1","50","166","0","","",""
"476","2025/10/21","FPICO1T08:08","1998/07/28",5.4,1,18,1,"VASC",0.06,"L","","2025/10/21","True","1","50","166","0","","",""
"477","2025/10/21","FPICO1T08:08","1998/07/28",5.7,1,19,1,"VASC",0.1,"L","","2025/10/21","True","1","50","166","0","","",""
"478","2025/10/21","FPICO1T08:08","1998/07/28",6,1,20,1,"VASC",0.11,"L","","2025/10/21","True","1","50","166","0","","",""
"479","2025/10/21","FPICO1T08:08","1998/07/28",6.3,1,21,1,"DUFF",0,"D","","2025/10/21","True","1","50","166","0","","",""
"480","2025/10/21","FPICO1T08:08","1998/07/28",6.6,1,22,1,"WOOD1",0,"D","","2025/10/21","True","1","50","166","0","","",""
"481","2025/10/21","FPICO1T08:08","1998/07/28",6.9,1,23,1,"WOOD1",0,"D","","2025/10/21","True","1","50","166","0","","",""
"482","2025/10/21","FPICO1T08:08","1998/07/28",7.2,1,24,1,"WOOD1",0,"D","","2025/10/21","True","1","50","166","0","","",""
"483","2025/10/21","FPICO1T08:08","1998/07/28",7.5,1,25,1,"WOOD1",0,"D","","2025/10/21","True","1","50","166","0","","",""
"484","2025/10/21","FPICO1T08:08","1998/07/28",7.8,1,26,1,"LITT1",0,"D","","2025/10/21","True","1","50","166","0","","",""
"485","2025/10/21","FPICO1T08:08","1998/07/28",8.1,1,27,1,"LITT1",0,"D","","2025/10/21","True","1","50","166","0","","",""
"486","2025/10/21","FPICO1T08:08","1998/07/28",8.4,1,28,1,"LITT1",0,"D","","2025/10/21","True","1","50","166","0","","",""
"487","2025/10/21","FPICO1T08:08","1998/07/28",8.7,1,29,1,"ROCK1",0,"D","","2025/10/21","True","1","50","166","0","","",""
"488","2025/10/21","FPICO1T08:08","1998/07/28",9,1,30,1,"VASC",0.1,"L","","2025/10/21","True","1","50","166","0","","",""
"489","2025/10/21","FPICO1T08:08","1998/07/28",9.3,1,31,1,"ROCK1",0,"D","","2025/10/21","True","1","50","166","0","","",""
"490","2025/10/21","FPICO1T08:08","1998/07/28",9.6,1,32,1,"ROCK1",0,"D","","2025/10/21","True","1","50","166","0","","",""
"491","2025/10/21","FPICO1T08:08","1998/07/28",9.9,1,33,1,"ROCK1",0,"D","","2025/10/21","True","1","50","166","0","","",""
"492","2025/10/21","FPICO1T08:08","1998/07/28",10.2,1,34,1,"VASC",0.13,"L","","2025/10/21","True","1","50","166","0","","",""
"493","2025/10/21","FPICO1T08:08","1998/07/28",10.5,1,35,1,"VASC",0.11,"L","","2025/10/21","True","1","50","166","0","","",""
"494","2025/10/21","FPICO1T08:08","1998/07/28",10.8,1,36,1,"LITT1",0,"D","","2025/10/21","True","1","50","166","0","","",""
"495","2025/10/21","FPICO1T08:08","1998/07/28",11.1,1,37,1,"LITT1",0,"D","","2025/10/21","True","1","50","166","0","","",""
"496","2025/10/21","FPICO1T08:08","1998/07/28",11.4,1,38,1,"VASC",0.08,"L","","2025/10/21","True","1","50","166","0","","",""
"497","2025/10/21","FPICO1T08:08","1998/07/28",11.7,1,39,1,"VASC",0.06,"L","","2025/10/21","True","1","50","166","0","","",""
"498","2025/10/21","FPICO1T08:08","1998/07/28",12,1,40,1,"VASC",0.06,"L","","2025/10/21","True","1","50","166","0","","",""
"499","2025/10/21","FPICO1T08:08","1998/07/28",12.3,1,41,1,"ROCK1",0,"D","","2025/10/21","True","1","50","166","0","","",""
"500","2025/10/21","FPICO1T08:08","1998/07/28",12.6,1,42,1,"ROCK1",0,"D","","2025/10/21","True","1","50","166","0","","",""
"501","2025/10/21","FPICO1T08:08","1998/07/28",12.9,1,43,1,"ROCK1",0,"D","","2025/10/21","True","1","50","166","0","","",""
"502","2025/10/21","FPICO1T08:08","1998/07/28",13.2,1,44,1,"VASC",0.14,"L","","2025/10/21","True","1","50","166","0","","",""
"503","2025/10/21","FPICO1T08:08","1998/07/28",13.2,1,44,2,"ROWO",0,"L","","2025/10/21","True","1","50","166","0","","",""
"504","2025/10/21","FPICO1T08:08","1998/07/28",13.5,1,45,1,"ABLAL",0.62,"L","","2025/10/21","True","1","50","166","0","","",""
"505","2025/10/21","FPICO1T08:08","1998/07/28",13.5,1,45,2,"VASC",0,"L","","2025/10/21","True","1","50","166","0","","",""
"506","2025/10/21","FPICO1T08:08","1998/07/28",13.8,1,46,1,"ABLAL",0.14,"L","","2025/10/21","True","1","50","166","0","","",""
"507","2025/10/21","FPICO1T08:08","1998/07/28",13.8,1,46,2,"ARCO9",0,"L","","2025/10/21","True","1","50","166","0","","",""
"508","2025/10/21","FPICO1T08:08","1998/07/28",14.1,1,47,1,"ABLAL",0.76,"L","","2025/10/21","True","1","50","166","0","","",""
"509","2025/10/21","FPICO1T08:08","1998/07/28",14.1,1,47,2,"VASC",0,"L","","2025/10/21","True","1","50","166","0","","",""
"510","2025/10/21","FPICO1T08:08","1998/07/28",14.4,1,48,1,"VASC",0.05,"L","","2025/10/21","True","1","50","166","0","","",""
"511","2025/10/21","FPICO1T08:08","1998/07/28",14.7,1,49,1,"VASC",0.2,"L","","2025/10/21","True","1","50","166","0","","",""
"512","2025/10/21","FPICO1T08:08","1998/07/28",15,1,50,1,"PICO",0.6,"L","","2025/10/21","True","1","50","166","0","","",""
"513","2025/10/21","FPICO1T08:08","1998/07/28",15,1,50,2,"VASC",0,"L","","2025/10/21","True","1","50","166","0","","",""
"514","2025/10/21","FPICO1T08:08","1998/07/28",15.3,1,51,1,"VASC",0.2,"L","","2025/10/21","True","1","50","166","0","","",""
"515","2025/10/21","FPICO1T08:08","1998/07/28",15.6,1,52,1,"VASC",0.15,"L","","2025/10/21","True","1","50","166","0","","",""
"516","2025/10/21","FPICO1T08:08","1998/07/28",15.9,1,53,1,"PICO",0.53,"L","","2025/10/21","True","1","50","166","0","","",""
"517","2025/10/21","FPICO1T08:08","1998/07/28",15.9,1,53,2,"VASC",0,"L","","2025/10/21","True","1","50","166","0","","",""
"518","2025/10/21","FPICO1T08:08","1998/07/28",16.2,1,54,1,"LITT1",0,"D","","2025/10/21","True","1","50","166","0","","",""
"519","2025/10/21","FPICO1T08:08","1998/07/28",16.5,1,55,1,"VASC",0.1,"L","","2025/10/21","True","1","50","166","0","","",""
"520","2025/10/21","FPICO1T08:08","1998/07/28",16.8,1,56,1,"LITT1",0,"D","","2025/10/21","True","1","50","166","0","","",""
"521","2025/10/21","FPICO1T08:08","1998/07/28",17.1,1,57,1,"LITT1",0,"D","","2025/10/21","True","1","50","166","0","","",""
"522","2025/10/21","FPICO1T08:08","1998/07/28",17.4,1,58,1,"VASC",0.19,"L","","2025/10/21","True","1","50","166","0","","",""
"523","2025/10/21","FPICO1T08:08","1998/07/28",17.7,1,59,1,"ABLAL",0.21,"L","","2025/10/21","True","1","50","166","0","","",""
"524","2025/10/21","FPICO1T08:08","1998/07/28",17.7,1,59,2,"VASC",0,"L","","2025/10/21","True","1","50","166","0","","",""
"525","2025/10/21","FPICO1T08:08","1998/07/28",18,1,60,1,"ABLAL",0.84,"L","","2025/10/21","True","1","50","166","0","","",""
"526","2025/10/21","FPICO1T08:08","1998/07/28",18,1,60,2,"VASC",0,"L","","2025/10/21","True","1","50","166","0","","",""
"527","2025/10/21","FPICO1T08:08","1998/07/28",18.3,1,61,1,"ABLAL",0.83,"L","","2025/10/21","True","1","50","166","0","","",""
"528","2025/10/21","FPICO1T08:08","1998/07/28",18.3,1,61,2,"VASC",0,"L","","2025/10/21","True","1","50","166","0","","",""
"529","2025/10/21","FPICO1T08:08","1998/07/28",18.6,1,62,1,"ABLAL",1.79,"L","","2025/10/21","True","1","50","166","0","","",""
"530","2025/10/21","FPICO1T08:08","1998/07/28",18.6,1,62,2,"VASC",0,"L","","2025/10/21","True","1","50","166","0","","",""
"531","2025/10/21","FPICO1T08:08","1998/07/28",18.9,1,63,1,"VASC",0.22,"L","","2025/10/21","True","1","50","166","0","","",""
"532","2025/10/21","FPICO1T08:08","1998/07/28",19.2,1,64,1,"VASC",0.1,"L","","2025/10/21","True","1","50","166","0","","",""
"533","2025/10/21","FPICO1T08:08","1998/07/28",19.5,1,65,1,"VASC",0.05,"L","","2025/10/21","True","1","50","166","0","","",""
"534","2025/10/21","FPICO1T08:08","1998/07/28",19.8,1,66,1,"VASC",0.1,"L","","2025/10/21","True","1","50","166","0","","",""
"535","2025/10/21","FPICO1T08:08","1998/07/28",20.1,1,67,1,"VASC",0.06,"L","","2025/10/21","True","1","50","166","0","","",""
"536","2025/10/21","FPICO1T08:08","1998/07/28",20.4,1,68,1,"LITT1",0,"D","","2025/10/21","True","1","50","166","0","","",""
"537","2025/10/21","FPICO1T08:08","1998/07/28",20.7,1,69,1,"ROCK1",0,"D","","2025/10/21","True","1","50","166","0","","",""
"538","2025/10/21","FPICO1T08:08","1998/07/28",21,1,70,1,"VASC",0.12,"L","","2025/10/21","True","1","50","166","0","","",""
"539","2025/10/21","FPICO1T08:08","1998/07/28",21.3,1,71,1,"LITT1",0,"D","","2025/10/21","True","1","50","166","0","","",""
"540","2025/10/21","FPICO1T08:08","1998/07/28",21.6,1,72,1,"ROCK1",0,"D","","2025/10/21","True","1","50","166","0","","",""
"541","2025/10/21","FPICO1T08:08","1998/07/28",21.9,1,73,1,"LITT1",0,"D","","2025/10/21","True","1","50","166","0","","",""
"542","2025/10/21","FPICO1T08:08","1998/07/28",22.2,1,74,1,"LITT1",0,"D","","2025/10/21","True","1","50","166","0","","",""
"543","2025/10/21","FPICO1T08:08","1998/07/28",22.5,1,75,1,"VASC",0.1,"L","","2025/10/21","True","1","50","166","0","","",""
"544","2025/10/21","FPICO1T08:08","1998/07/28",22.8,1,76,1,"LITT1",0,"D","","2025/10/21","True","1","50","166","0","","",""
"545","2025/10/21","FPICO1T08:08","1998/07/28",23.1,1,77,1,"VASC",0.05,"L","","2025/10/21","True","1","50","166","0","","",""
"546","2025/10/21","FPICO1T08:08","1998/07/28",23.4,1,78,1,"VASC",0.07,"L","","2025/10/21","True","1","50","166","0","","",""
"547","2025/10/21","FPICO1T08:08","1998/07/28",23.7,1,79,1,"VASC",0.03,"L","","2025/10/21","True","1","50","166","0","","",""
"548","2025/10/21","FPICO1T08:08","1998/07/28",24,1,80,1,"LITT1",0,"D","","2025/10/21","True","1","50","166","0","","",""
"549","2025/10/21","FPICO1T08:08","1998/07/28",24.3,1,81,1,"ROCK1",0,"D","","2025/10/21","True","1","50","166","0","","",""
"550","2025/10/21","FPICO1T08:08","1998/07/28",24.6,1,82,1,"VASC",0.1,"L","","2025/10/21","True","1","50","166","0","","",""
"551","2025/10/21","FPICO1T08:08","1998/07/28",24.9,1,83,1,"VASC",0.13,"L","","2025/10/21","True","1","50","166","0","","",""
"552","2025/10/21","FPICO1T08:08","1998/07/28",25.2,1,84,1,"ROCK1",0,"D","","2025/10/21","True","1","50","166","0","","",""
"553","2025/10/21","FPICO1T08:08","1998/07/28",25.5,1,85,1,"ROCK1",0,"D","","2025/10/21","True","1","50","166","0","","",""
"554","2025/10/21","FPICO1T08:08","1998/07/28",25.8,1,86,1,"ROCK1",0,"D","","2025/10/21","True","1","50","166","0","","",""
"555","2025/10/21","FPICO1T08:08","1998/07/28",26.1,1,87,1,"LITT1",0,"D","","2025/10/21","True","1","50","166","0","","",""
"556","2025/10/21","FPICO1T08:08","1998/07/28",26.4,1,88,1,"VASC",0.03,"L","","2025/10/21","True","1","50","166","0","","",""
"557","2025/10/21","FPICO1T08:08","1998/07/28",26.7,1,89,1,"ROCK1",0,"D","","2025/10/21","True","1","50","166","0","","",""
"558","2025/10/21","FPICO1T08:08","1998/07/28",27,1,90,1,"VASC",0.12,"L","","2025/10/21","True","1","50","166","0","","",""
"559","2025/10/21","FPICO1T08:08","1998/07/28",27.3,1,91,1,"ROCK1",0,"D","","2025/10/21","True","1","50","166","0","","",""
"560","2025/10/21","FPICO1T08:08","1998/07/28",27.6,1,92,1,"LITT1",0,"D","","2025/10/21","True","1","50","166","0","","",""
"561","2025/10/21","FPICO1T08:08","1998/07/28",27.9,1,93,1,"LITT1",0,"D","","2025/10/21","True","1","50","166","0","","",""
"562","2025/10/21","FPICO1T08:08","1998/07/28",28.2,1,94,1,"MOSS1",0,"L","","2025/10/21","True","1","50","166","0","","",""
"563","2025/10/21","FPICO1T08:08","1998/07/28",28.5,1,95,1,"WOOD1",0,"D","","2025/10/21","True","1","50","166","0","","",""
"564","2025/10/21","FPICO1T08:08","1998/07/28",28.8,1,96,1,"WOOD1",0,"D","","2025/10/21","True","1","50","166","0","","",""
"565","2025/10/21","FPICO1T08:08","1998/07/28",29.1,1,97,1,"WOOD1",0,"D","","2025/10/21","True","1","50","166","0","","",""
"566","2025/10/21","FPICO1T08:08","1998/07/28",29.4,1,98,1,"LITT1",0,"D","","2025/10/21","True","1","50","166","0","","",""
"567","2025/10/21","FPICO1T08:08","1998/07/28",29.7,1,99,1,"LITT1",0,"D","","2025/10/21","True","1","50","166","0","","",""
"568","2025/10/21","FPICO1T08:08","1998/07/28",30,1,100,1,"VASC",0.08,"L","","2025/10/21","True","1","50","166","0","","",""
"569","2025/10/21","FPICO1T08:08","1998/07/28",30.3,1,101,1,"ROCK1",0,"D","","2025/10/21","True","1","50","166","0","","",""
"570","2025/10/21","FPICO1T08:08","1998/07/28",30.6,1,102,1,"ROCK1",0,"D","","2025/10/21","True","1","50","166","0","","",""
"571","2025/10/21","FPICO1T08:08","1998/07/28",30.9,1,103,1,"LITT1",0,"D","","2025/10/21","True","1","50","166","0","","",""
"572","2025/10/21","FPICO1T08:08","1998/07/28",31.2,1,104,1,"CAREX",0.04,"L","","2025/10/21","True","1","50","166","0","","",""
"573","2025/10/21","FPICO1T08:08","1998/07/28",31.5,1,105,1,"LITT1",0,"D","","2025/10/21","True","1","50","166","0","","",""
"574","2025/10/21","FPICO1T08:08","1998/07/28",31.8,1,106,1,"LITT1",0,"D","","2025/10/21","True","1","50","166","0","","",""
"575","2025/10/21","FPICO1T08:08","1998/07/28",32.1,1,107,1,"LITT1",0,"D","","2025/10/21","True","1","50","166","0","","",""
"576","2025/10/21","FPICO1T08:08","1998/07/28",32.4,1,108,1,"CAREX",0.06,"L","","2025/10/21","True","1","50","166","0","","",""
"577","2025/10/21","FPICO1T08:08","1998/07/28",32.7,1,109,1,"CAREX",0.07,"L","","2025/10/21","True","1","50","166","0","","",""
"578","2025/10/21","FPICO1T08:08","1998/07/28",33,1,110,1,"CAREX",0.02,"L","","2025/10/21","True","1","50","166","0","","",""
"579","2025/10/21","FPICO1T08:08","1998/07/28",33.3,1,111,1,"CAREX",0.1,"L","","2025/10/21","True","1","50","166","0","","",""
"580","2025/10/21","FPICO1T08:08","1998/07/28",33.6,1,112,1,"VASC",0.05,"L","","2025/10/21","True","1","50","166","0","","",""
"581","2025/10/21","FPICO1T08:08","1998/07/28",33.9,1,113,1,"LITT1",0,"D","","2025/10/21","True","1","50","166","0","","",""
"582","2025/10/21","FPICO1T08:08","1998/07/28",34.2,1,114,1,"BOLE1",0,"L","","2025/10/21","True","1","50","166","0","","",""
"583","2025/10/21","FPICO1T08:08","1998/07/28",34.5,1,115,1,"CAREX",0.06,"L","","2025/10/21","True","1","50","166","0","","",""
"584","2025/10/21","FPICO1T08:08","1998/07/28",34.8,1,116,1,"CAREX",0.12,"L","","2025/10/21","True","1","50","166","0","","",""
"585","2025/10/21","FPICO1T08:08","1998/07/28",35.1,1,117,1,"ROCK1",0,"D","","2025/10/21","True","1","50","166","0","","",""
"586","2025/10/21","FPICO1T08:08","1998/07/28",35.4,1,118,1,"VASC",0.06,"L","","2025/10/21","True","1","50","166","0","","",""
"587","2025/10/21","FPICO1T08:08","1998/07/28",35.7,1,119,1,"CAREX",0.04,"L","","2025/10/21","True","1","50","166","0","","",""
"588","2025/10/21","FPICO1T08:08","1998/07/28",36,1,120,1,"ROCK1",0,"D","","2025/10/21","True","1","50","166","0","","",""
"589","2025/10/21","FPICO1T08:08","1998/07/28",36.3,1,121,1,"VASC",0.03,"L","","2025/10/21","True","1","50","166","0","","",""
"590","2025/10/21","FPICO1T08:08","1998/07/28",36.6,1,122,1,"ROCK1",0,"D","","2025/10/21","True","1","50","166","0","","",""
"591","2025/10/21","FPICO1T08:08","1998/07/28",36.9,1,123,1,"CAREX",0.16,"L","","2025/10/21","True","1","50","166","0","","",""
"592","2025/10/21","FPICO1T08:08","1998/07/28",37.2,1,124,1,"CAREX",0.1,"L","","2025/10/21","True","1","50","166","0","","",""
"593","2025/10/21","FPICO1T08:08","1998/07/28",37.5,1,125,1,"LITT1",0,"D","","2025/10/21","True","1","50","166","0","","",""
"594","2025/10/21","FPICO1T08:08","1998/07/28",37.8,1,126,1,"CAREX",0.15,"L","","2025/10/21","True","1","50","166","0","","",""
"595","2025/10/21","FPICO1T08:08","1998/07/28",38.1,1,127,1,"LITT1",0,"D","","2025/10/21","True","1","50","166","0","","",""
"596","2025/10/21","FPICO1T08:08","1998/07/28",38.4,1,128,1,"LITT1",0,"D","","2025/10/21","True","1","50","166","0","","",""
"597","2025/10/21","FPICO1T08:08","1998/07/28",38.7,1,129,1,"LITT1",0,"D","","2025/10/21","True","1","50","166","0","","",""
"598","2025/10/21","FPICO1T08:08","1998/07/28",39,1,130,1,"LITT1",0,"D","","2025/10/21","True","1","50","166","0","","",""
"599","2025/10/21","FPICO1T08:08","1998/07/28",39.3,1,131,1,"LITT1",0,"D","","2025/10/21","True","1","50","166","0","","",""
"600","2025/10/21","FPICO1T08:08","1998/07/28",39.6,1,132,1,"LITT1",0,"D","","2025/10/21","True","1","50","166","0","","",""
"601","2025/10/21","FPICO1T08:08","1998/07/28",39.9,1,133,1,"VASC",0.05,"L","","2025/10/21","True","1","50","166","0","","",""
"602","2025/10/21","FPICO1T08:08","1998/07/28",40.2,1,134,1,"LITT1",0,"D","","2025/10/21","True","1","50","166","0","","",""
"603","2025/10/21","FPICO1T08:08","1998/07/28",40.5,1,135,1,"LITT1",0,"D","","2025/10/21","True","1","50","166","0","","",""
"604","2025/10/21","FPICO1T08:08","1998/07/28",40.8,1,136,1,"LITT1",0,"D","","2025/10/21","True","1","50","166","0","","",""
"605","2025/10/21","FPICO1T08:08","1998/07/28",41.1,1,137,1,"VASC",0.07,"L","","2025/10/21","True","1","50","166","0","","",""
"606","2025/10/21","FPICO1T08:08","1998/07/28",41.4,1,138,1,"VASC",0.07,"L","","2025/10/21","True","1","50","166","0","","",""
"607","2025/10/21","FPICO1T08:08","1998/07/28",41.7,1,139,1,"VASC",0.1,"L","","2025/10/21","True","1","50","166","0","","",""
"608","2025/10/21","FPICO1T08:08","1998/07/28",42,1,140,1,"VASC",0.06,"L","","2025/10/21","True","1","50","166","0","","",""
"609","2025/10/21","FPICO1T08:08","1998/07/28",42.3,1,141,1,"BREN",0,"L","","2025/10/21","True","1","50","166","0","","",""
"610","2025/10/21","FPICO1T08:08","1998/07/28",42.6,1,142,1,"LITT1",0,"D","","2025/10/21","True","1","50","166","0","","",""
"611","2025/10/21","FPICO1T08:08","1998/07/28",42.9,1,143,1,"VASC",0.1,"L","","2025/10/21","True","1","50","166","0","","",""
"612","2025/10/21","FPICO1T08:08","1998/07/28",43.2,1,144,1,"VASC",0.06,"L","","2025/10/21","True","1","50","166","0","","",""
"613","2025/10/21","FPICO1T08:08","1998/07/28",43.5,1,145,1,"ROCK1",0,"D","","2025/10/21","True","1","50","166","0","","",""
"614","2025/10/21","FPICO1T08:08","1998/07/28",43.8,1,146,1,"CAREX",0.05,"L","","2025/10/21","True","1","50","166","0","","",""
"615","2025/10/21","FPICO1T08:08","1998/07/28",44.1,1,147,1,"VASC",0.08,"L","","2025/10/21","True","1","50","166","0","","",""
"616","2025/10/21","FPICO1T08:08","1998/07/28",44.4,1,148,1,"VASC",0.07,"L","","2025/10/21","True","1","50","166","0","","",""
"617","2025/10/21","FPICO1T08:08","1998/07/28",44.7,1,149,1,"ROCK1",0,"D","","2025/10/21","True","1","50","166","0","","",""
"618","2025/10/21","FPICO1T08:08","1998/07/28",45,1,150,1,"ROCK1",0,"D","","2025/10/21","True","1","50","166","0","","",""
"619","2025/10/21","FPICO1T08:08","1998/07/28",45.3,1,151,1,"CAREX",0.2,"L","","2025/10/21","True","1","50","166","0","","",""
"620","2025/10/21","FPICO1T08:08","1998/07/28",45.3,1,151,2,"VASC",0,"L","","2025/10/21","True","1","50","166","0","","",""
"621","2025/10/21","FPICO1T08:08","1998/07/28",45.6,1,152,1,"LITT1",0,"D","","2025/10/21","True","1","50","166","0","","",""
"622","2025/10/21","FPICO1T08:08","1998/07/28",45.9,1,153,1,"LITT1",0,"D","","2025/10/21","True","1","50","166","0","","",""
"623","2025/10/21","FPICO1T08:08","1998/07/28",46.2,1,154,1,"ABLAL",0.15,"L","","2025/10/21","True","1","50","166","0","","",""
"624","2025/10/21","FPICO1T08:08","1998/07/28",46.2,1,154,2,"VASC",0,"L","","2025/10/21","True","1","50","166","0","","",""
"625","2025/10/21","FPICO1T08:08","1998/07/28",46.2,1,154,3,"CAREX",0,"L","","2025/10/21","True","1","50","166","0","","",""
"626","2025/10/21","FPICO1T08:08","1998/07/28",46.5,1,155,1,"VASC",0.03,"L","","2025/10/21","True","1","50","166","0","","",""
"627","2025/10/21","FPICO1T08:08","1998/07/28",46.8,1,156,1,"LITT1",0,"D","","2025/10/21","True","1","50","166","0","","",""
"628","2025/10/21","FPICO1T08:08","1998/07/28",47.1,1,157,1,"VASC",0.05,"L","","2025/10/21","True","1","50","166","0","","",""
"629","2025/10/21","FPICO1T08:08","1998/07/28",47.4,1,158,1,"VASC",0.08,"L","","2025/10/21","True","1","50","166","0","","",""
"630","2025/10/21","FPICO1T08:08","1998/07/28",47.7,1,159,1,"VASC",0.02,"L","","2025/10/21","True","1","50","166","0","","",""
"631","2025/10/21","FPICO1T08:08","1998/07/28",48,1,160,1,"VASC",0.05,"L","","2025/10/21","True","1","50","166","0","","",""
"632","2025/10/21","FPICO1T08:08","1998/07/28",48.3,1,161,1,"LITT1",0,"D","","2025/10/21","True","1","50","166","0","","",""
"633","2025/10/21","FPICO1T08:08","1998/07/28",48.6,1,162,1,"LITT1",0,"D","","2025/10/21","True","1","50","166","0","","",""
"634","2025/10/21","FPICO1T08:08","1998/07/28",48.9,1,163,1,"VASC",0.06,"L","","2025/10/21","True","1","50","166","0","","",""
"635","2025/10/21","FPICO1T08:08","1998/07/28",49.2,1,164,1,"ABLAL",0.11,"L","","2025/10/21","True","1","50","166","0","","",""
"636","2025/10/21","FPICO1T08:08","1998/07/28",49.5,1,165,1,"LITT1",0,"D","","2025/10/21","True","1","50","166","0","","",""
"637","2025/10/21","FPICO1T08:08","1998/07/28",49.8,1,166,1,"VASC",0.09,"L","","2025/10/21","True","1","50","166","0","","",""
"638","2025/10/21","FPICO1T08:08","2003/08/12",0.3,1,1,1,"LITT1",0,"D","","2025/10/21","True","1","50","166","0","","",""
"639","2025/10/21","FPICO1T08:08","2003/08/12",0.6,1,2,1,"VAMY2",0.1,"L","","2025/10/21","True","1","50","166","0","","",""
"640","2025/10/21","FPICO1T08:08","2003/08/12",0.9,1,3,1,"LITT1",0,"D","","2025/10/21","True","1","50","166","0","","",""
"641","2025/10/21","FPICO1T08:08","2003/08/12",1.2,1,4,1,"LITT1",0,"D","","2025/10/21","True","1","50","166","0","","",""
"642","2025/10/21","FPICO1T08:08","2003/08/12",1.5,1,5,1,"VAMY2",0.1,"L","","2025/10/21","True","1","50","166","0","","",""
"643","2025/10/21","FPICO1T08:08","2003/08/12",1.8,1,6,1,"VASC",0.1,"L","","2025/10/21","True","1","50","166","0","","",""
"644","2025/10/21","FPICO1T08:08","2003/08/12",2.1,1,7,1,"VASC",0.1,"L","","2025/10/21","True","1","50","166","0","","",""
"645","2025/10/21","FPICO1T08:08","2003/08/12",2.4,1,8,1,"LITT1",0,"D","","2025/10/21","True","1","50","166","0","","",""
"646","2025/10/21","FPICO1T08:08","2003/08/12",2.7,1,9,1,"LITT1",0,"D","","2025/10/21","True","1","50","166","0","","",""
"647","2025/10/21","FPICO1T08:08","2003/08/12",3,1,10,1,"VAMY2",0.1,"L","","2025/10/21","True","1","50","166","0","","",""
"648","2025/10/21","FPICO1T08:08","2003/08/12",3.3,1,11,1,"LITT1",0,"D","","2025/10/21","True","1","50","166","0","","",""
"649","2025/10/21","FPICO1T08:08","2003/08/12",3.6,1,12,1,"LITT1",0,"D","","2025/10/21","True","1","50","166","0","","",""
"650","2025/10/21","FPICO1T08:08","2003/08/12",3.9,1,13,1,"ROCK1",0,"D","","2025/10/21","True","1","50","166","0","","",""
"651","2025/10/21","FPICO1T08:08","2003/08/12",4.2,1,14,1,"VAMY2",0.2,"L","","2025/10/21","True","1","50","166","0","","",""
"652","2025/10/21","FPICO1T08:08","2003/08/12",4.2,1,14,2,"VASC",0,"L","","2025/10/21","True","1","50","166","0","","",""
"653","2025/10/21","FPICO1T08:08","2003/08/12",4.5,1,15,1,"BREN",0,"L","","2025/10/21","True","1","50","166","0","","",""
"654","2025/10/21","FPICO1T08:08","2003/08/12",4.8,1,16,1,"MOSS1",0,"L","","2025/10/21","True","1","50","166","0","","",""
"655","2025/10/21","FPICO1T08:08","2003/08/12",5.1,1,17,1,"WOOD1",0,"D","","2025/10/21","True","1","50","166","0","","",""
"656","2025/10/21","FPICO1T08:08","2003/08/12",5.4,1,18,1,"WOOD1",0,"D","","2025/10/21","True","1","50","166","0","","",""
"657","2025/10/21","FPICO1T08:08","2003/08/12",5.7,1,19,1,"VAMY2",0.01,"L","","2025/10/21","True","1","50","166","0","","",""
"658","2025/10/21","FPICO1T08:08","2003/08/12",6,1,20,1,"UFD11",0.01,"L","","2025/10/21","True","1","50","166","0","","",""
"659","2025/10/21","FPICO1T08:08","2003/08/12",6.3,1,21,1,"BREN",0,"L","","2025/10/21","True","1","50","166","0","","",""
"660","2025/10/21","FPICO1T08:08","2003/08/12",6.6,1,22,1,"LITT1",0,"D","","2025/10/21","True","1","50","166","0","","",""
"661","2025/10/21","FPICO1T08:08","2003/08/12",6.9,1,23,1,"ROCK1",0,"D","","2025/10/21","True","1","50","166","0","","",""
"662","2025/10/21","FPICO1T08:08","2003/08/12",7.2,1,24,1,"WOOD1",0,"D","","2025/10/21","True","1","50","166","0","","",""
"663","2025/10/21","FPICO1T08:08","2003/08/12",7.5,1,25,1,"WOOD1",0,"D","","2025/10/21","True","1","50","166","0","","",""
"664","2025/10/21","FPICO1T08:08","2003/08/12",7.8,1,26,1,"BREN",0,"L","","2025/10/21","True","1","50","166","0","","",""
"665","2025/10/21","FPICO1T08:08","2003/08/12",8.1,1,27,1,"VAMY2",0.1,"L","","2025/10/21","True","1","50","166","0","","",""
"666","2025/10/21","FPICO1T08:08","2003/08/12",8.4,1,28,1,"LITT1",0,"D","","2025/10/21","True","1","50","166","0","","",""
"667","2025/10/21","FPICO1T08:08","2003/08/12",8.7,1,29,1,"LITT1",0,"D","","2025/10/21","True","1","50","166","0","","",""
"668","2025/10/21","FPICO1T08:08","2003/08/12",9,1,30,1,"LITT1",0,"D","","2025/10/21","True","1","50","166","0","","",""
"669","2025/10/21","FPICO1T08:08","2003/08/12",9.3,1,31,1,"VAMY2",0.1,"L","","2025/10/21","True","1","50","166","0","","",""
"670","2025/10/21","FPICO1T08:08","2003/08/12",9.6,1,32,1,"BREN",0,"L","","2025/10/21","True","1","50","166","0","","",""
"671","2025/10/21","FPICO1T08:08","2003/08/12",9.9,1,33,1,"VAMY2",0.1,"L","","2025/10/21","True","1","50","166","0","","",""
"672","2025/10/21","FPICO1T08:08","2003/08/12",10.2,1,34,1,"BOLE1",0,"D","","2025/10/21","True","1","50","166","0","","",""
"673","2025/10/21","FPICO1T08:08","2003/08/12",10.5,1,35,1,"LITT1",0,"D","","2025/10/21","True","1","50","166","0","","",""
"674","2025/10/21","FPICO1T08:08","2003/08/12",10.8,1,36,1,"BARE1",0,"D","","2025/10/21","True","1","50","166","0","","",""
"675","2025/10/21","FPICO1T08:08","2003/08/12",11.1,1,37,1,"LITT1",0,"D","","2025/10/21","True","1","50","166","0","","",""
"676","2025/10/21","FPICO1T08:08","2003/08/12",11.4,1,38,1,"ROCK1",0,"D","","2025/10/21","True","1","50","166","0","","",""
"677","2025/10/21","FPICO1T08:08","2003/08/12",11.7,1,39,1,"LITT1",0,"D","","2025/10/21","True","1","50","166","0","","",""
"678","2025/10/21","FPICO1T08:08","2003/08/12",12,1,40,1,"LITT1",0,"D","","2025/10/21","True","1","50","166","0","","",""
"679","2025/10/21","FPICO1T08:08","2003/08/12",12.3,1,41,1,"WOOD1",0,"D","","2025/10/21","True","1","50","166","0","","",""
"680","2025/10/21","FPICO1T08:08","2003/08/12",12.6,1,42,1,"WOOD1",0,"D","","2025/10/21","True","1","50","166","0","","",""
"681","2025/10/21","FPICO1T08:08","2003/08/12",12.9,1,43,1,"WOOD1",0,"D","","2025/10/21","True","1","50","166","0","","",""
"682","2025/10/21","FPICO1T08:08","2003/08/12",13.2,1,44,1,"WOOD1",0,"D","","2025/10/21","True","1","50","166","0","","",""
"683","2025/10/21","FPICO1T08:08","2003/08/12",13.5,1,45,1,"VAMY2",0.3,"L","","2025/10/21","True","1","50","166","0","","",""
"684","2025/10/21","FPICO1T08:08","2003/08/12",13.8,1,46,1,"LITT1",0,"D","","2025/10/21","True","1","50","166","0","","",""
"685","2025/10/21","FPICO1T08:08","2003/08/12",14.1,1,47,1,"VAMY2",0.3,"L","","2025/10/21","True","1","50","166","0","","",""
"686","2025/10/21","FPICO1T08:08","2003/08/12",14.4,1,48,1,"LITT1",0,"D","","2025/10/21","True","1","50","166","0","","",""
"687","2025/10/21","FPICO1T08:08","2003/08/12",14.7,1,49,1,"VAMY2",0.2,"L","","2025/10/21","True","1","50","166","0","","",""
"688","2025/10/21","FPICO1T08:08","2003/08/12",15,1,50,1,"LITT1",0,"D","","2025/10/21","True","1","50","166","0","","",""
"689","2025/10/21","FPICO1T08:08","2003/08/12",15.3,1,51,1,"LITT1",0,"D","","2025/10/21","True","1","50","166","0","","",""
"690","2025/10/21","FPICO1T08:08","2003/08/12",15.6,1,52,1,"VAMY2",0.2,"L","","2025/10/21","True","1","50","166","0","","",""
"691","2025/10/21","FPICO1T08:08","2003/08/12",15.9,1,53,1,"VAMY2",0.1,"L","","2025/10/21","True","1","50","166","0","","",""
"692","2025/10/21","FPICO1T08:08","2003/08/12",16.2,1,54,1,"LITT1",0,"D","","2025/10/21","True","1","50","166","0","","",""
"693","2025/10/21","FPICO1T08:08","2003/08/12",16.5,1,55,1,"VASC",0.2,"L","","2025/10/21","True","1","50","166","0","","",""
"694","2025/10/21","FPICO1T08:08","2003/08/12",16.8,1,56,1,"LITT1",0,"D","","2025/10/21","True","1","50","166","0","","",""
"695","2025/10/21","FPICO1T08:08","2003/08/12",17.1,1,57,1,"LITT1",0,"D","","2025/10/21","True","1","50","166","0","","",""
"696","2025/10/21","FPICO1T08:08","2003/08/12",17.4,1,58,1,"LITT1",0,"D","","2025/10/21","True","1","50","166","0","","",""
"697","2025/10/21","FPICO1T08:08","2003/08/12",17.7,1,59,1,"LITT1",0,"D","","2025/10/21","True","1","50","166","0","","",""
"698","2025/10/21","FPICO1T08:08","2003/08/12",18,1,60,1,"LITT1",0,"D","","2025/10/21","True","1","50","166","0","","",""
"699","2025/10/21","FPICO1T08:08","2003/08/12",18.3,1,61,1,"VAMY2",0.1,"L","","2025/10/21","True","1","50","166","0","","",""
"700","2025/10/21","FPICO1T08:08","2003/08/12",18.6,1,62,1,"VAMY2",0.1,"L","","2025/10/21","True","1","50","166","0","","",""
"701","2025/10/21","FPICO1T08:08","2003/08/12",18.9,1,63,1,"LITT1",0,"D","","2025/10/21","True","1","50","166","0","","",""
"702","2025/10/21","FPICO1T08:08","2003/08/12",19.2,1,64,1,"LITT1",0,"D","","2025/10/21","True","1","50","166","0","","",""
"703","2025/10/21","FPICO1T08:08","2003/08/12",19.5,1,65,1,"BREN",0,"L","","2025/10/21","True","1","50","166","0","","",""
"704","2025/10/21","FPICO1T08:08","2003/08/12",19.8,1,66,1,"LITT1",0,"D","","2025/10/21","True","1","50","166","0","","",""
"705","2025/10/21","FPICO1T08:08","2003/08/12",20.1,1,67,1,"VAMY2",0.1,"L","","2025/10/21","True","1","50","166","0","","",""
"706","2025/10/21","FPICO1T08:08","2003/08/12",20.4,1,68,1,"VAMY2",0.1,"L","","2025/10/21","True","1","50","166","0","","",""
"707","2025/10/21","FPICO1T08:08","2003/08/12",20.7,1,69,1,"BREN",0,"L","","2025/10/21","True","1","50","166","0","","",""
"708","2025/10/21","FPICO1T08:08","2003/08/12",21,1,70,1,"ASXX2",0.2,"L","","2025/10/21","True","1","50","166","0","","",""
"709","2025/10/21","FPICO1T08:08","2003/08/12",21,1,70,2,"VAMY2",0,"L","","2025/10/21","True","1","50","166","0","","",""
"710","2025/10/21","FPICO1T08:08","2003/08/12",21.3,1,71,1,"LITT1",0,"D","","2025/10/21","True","1","50","166","0","","",""
"711","2025/10/21","FPICO1T08:08","2003/08/12",21.6,1,72,1,"VAMY2",0.1,"L","","2025/10/21","True","1","50","166","0","","",""
"712","2025/10/21","FPICO1T08:08","2003/08/12",21.9,1,73,1,"LITT1",0,"D","","2025/10/21","True","1","50","166","0","","",""
"713","2025/10/21","FPICO1T08:08","2003/08/12",22.2,1,74,1,"LITT1",0,"D","","2025/10/21","True","1","50","166","0","","",""
"714","2025/10/21","FPICO1T08:08","2003/08/12",22.5,1,75,1,"BREN",0,"L","","2025/10/21","True","1","50","166","0","","",""
"715","2025/10/21","FPICO1T08:08","2003/08/12",22.8,1,76,1,"LITT1",0,"D","","2025/10/21","True","1","50","166","0","","",""
"716","2025/10/21","FPICO1T08:08","2003/08/12",23.1,1,77,1,"VAMY2",0.1,"L","","2025/10/21","True","1","50","166","0","","",""
"717","2025/10/21","FPICO1T08:08","2003/08/12",23.4,1,78,1,"VAMY2",0.1,"L","","2025/10/21","True","1","50","166","0","","",""
"718","2025/10/21","FPICO1T08:08","2003/08/12",23.7,1,79,1,"VAMY2",0.1,"L","","2025/10/21","True","1","50","166","0","","",""
"719","2025/10/21","FPICO1T08:08","2003/08/12",24,1,80,1,"LITT1",0,"D","","2025/10/21","True","1","50","166","0","","",""
"720","2025/10/21","FPICO1T08:08","2003/08/12",24.3,1,81,1,"VAMY2",0.2,"L","","2025/10/21","True","1","50","166","0","","",""
"721","2025/10/21","FPICO1T08:08","2003/08/12",24.6,1,82,1,"VAMY2",0.1,"L","","2025/10/21","True","1","50","166","0","","",""
"722","2025/10/21","FPICO1T08:08","2003/08/12",24.9,1,83,1,"BREN",0,"L","","2025/10/21","True","1","50","166","0","","",""
"723","2025/10/21","FPICO1T08:08","2003/08/12",25.2,1,84,1,"WOOD1",0,"D","","2025/10/21","True","1","50","166","0","","",""
"724","2025/10/21","FPICO1T08:08","2003/08/12",25.5,1,85,1,"BREN",0,"L","","2025/10/21","True","1","50","166","0","","",""
"725","2025/10/21","FPICO1T08:08","2003/08/12",25.8,1,86,1,"BREN",0,"L","","2025/10/21","True","1","50","166","0","","",""
"726","2025/10/21","FPICO1T08:08","2003/08/12",26.1,1,87,1,"LITT1",0,"D","","2025/10/21","True","1","50","166","0","","",""
"727","2025/10/21","FPICO1T08:08","2003/08/12",26.4,1,88,1,"ROCK1",0,"D","","2025/10/21","True","1","50","166","0","","",""
"728","2025/10/21","FPICO1T08:08","2003/08/12",26.7,1,89,1,"ROCK1",0,"D","","2025/10/21","True","1","50","166","0","","",""
"729","2025/10/21","FPICO1T08:08","2003/08/12",27,1,90,1,"LITT1",0,"D","","2025/10/21","True","1","50","166","0","","",""
"730","2025/10/21","FPICO1T08:08","2003/08/12",27.3,1,91,1,"BREN",0,"L","","2025/10/21","True","1","50","166","0","","",""
"731","2025/10/21","FPICO1T08:08","2003/08/12",27.6,1,92,1,"LITT1",0,"D","","2025/10/21","True","1","50","166","0","","",""
"732","2025/10/21","FPICO1T08:08","2003/08/12",27.9,1,93,1,"VASC",0.1,"L","","2025/10/21","True","1","50","166","0","","",""
"733","2025/10/21","FPICO1T08:08","2003/08/12",28.2,1,94,1,"BREN",0,"L","","2025/10/21","True","1","50","166","0","","",""
"734","2025/10/21","FPICO1T08:08","2003/08/12",28.5,1,95,1,"LITT1",0,"D","","2025/10/21","True","1","50","166","0","","",""
"735","2025/10/21","FPICO1T08:08","2003/08/12",28.8,1,96,1,"WOOD1",0,"D","","2025/10/21","True","1","50","166","0","","",""
"736","2025/10/21","FPICO1T08:08","2003/08/12",29.1,1,97,1,"WOOD1",0,"D","","2025/10/21","True","1","50","166","0","","",""
"737","2025/10/21","FPICO1T08:08","2003/08/12",29.4,1,98,1,"LITT1",0,"D","","2025/10/21","True","1","50","166","0","","",""
"738","2025/10/21","FPICO1T08:08","2003/08/12",29.7,1,99,1,"LITT1",0,"D","","2025/10/21","True","1","50","166","0","","",""
"739","2025/10/21","FPICO1T08:08","2003/08/12",30,1,100,1,"LITT1",0,"D","","2025/10/21","True","1","50","166","0","","",""
"740","2025/10/21","FPICO1T08:08","2003/08/12",30.3,1,101,1,"LITT1",0,"D","","2025/10/21","True","1","50","166","0","","",""
"741","2025/10/21","FPICO1T08:08","2003/08/12",30.6,1,102,1,"VAMY2",0.1,"L","","2025/10/21","True","1","50","166","0","","",""
"742","2025/10/21","FPICO1T08:08","2003/08/12",30.9,1,103,1,"LITT1",0,"D","","2025/10/21","True","1","50","166","0","","",""
"743","2025/10/21","FPICO1T08:08","2003/08/12",31.2,1,104,1,"VAMY2",0.1,"L","","2025/10/21","True","1","50","166","0","","",""
"744","2025/10/21","FPICO1T08:08","2003/08/12",31.2,1,104,2,"CAREX",0,"L","","2025/10/21","True","1","50","166","0","","",""
"745","2025/10/21","FPICO1T08:08","2003/08/12",31.5,1,105,1,"BREN",0,"L","","2025/10/21","True","1","50","166","0","","",""
"746","2025/10/21","FPICO1T08:08","2003/08/12",31.8,1,106,1,"LITT1",0,"D","","2025/10/21","True","1","50","166","0","","",""
"747","2025/10/21","FPICO1T08:08","2003/08/12",32.1,1,107,1,"VAMY2",0.1,"L","","2025/10/21","True","1","50","166","0","","",""
"748","2025/10/21","FPICO1T08:08","2003/08/12",32.4,1,108,1,"LITT1",0,"D","","2025/10/21","True","1","50","166","0","","",""
"749","2025/10/21","FPICO1T08:08","2003/08/12",32.7,1,109,1,"CAREX",0.1,"L","","2025/10/21","True","1","50","166","0","","",""
"750","2025/10/21","FPICO1T08:08","2003/08/12",33,1,110,1,"CAREX",0.1,"L","","2025/10/21","True","1","50","166","0","","",""
"751","2025/10/21","FPICO1T08:08","2003/08/12",33,1,110,2,"VAMY2",0,"L","","2025/10/21","True","1","50","166","0","","",""
"752","2025/10/21","FPICO1T08:08","2003/08/12",33.3,1,111,1,"VAMY2",0.1,"L","","2025/10/21","True","1","50","166","0","","",""
"753","2025/10/21","FPICO1T08:08","2003/08/12",33.6,1,112,1,"BREN",0,"L","","2025/10/21","True","1","50","166","0","","",""
"754","2025/10/21","FPICO1T08:08","2003/08/12",33.9,1,113,1,"LITT1",0,"D","","2025/10/21","True","1","50","166","0","","",""
"755","2025/10/21","FPICO1T08:08","2003/08/12",34.2,1,114,1,"LITT1",0,"D","","2025/10/21","True","1","50","166","0","","",""
"756","2025/10/21","FPICO1T08:08","2003/08/12",34.5,1,115,1,"LITT1",0,"D","","2025/10/21","True","1","50","166","0","","",""
"757","2025/10/21","FPICO1T08:08","2003/08/12",34.8,1,116,1,"LITT1",0,"D","","2025/10/21","True","1","50","166","0","","",""
"758","2025/10/21","FPICO1T08:08","2003/08/12",35.1,1,117,1,"LITT1",0,"D","","2025/10/21","True","1","50","166","0","","",""
"759","2025/10/21","FPICO1T08:08","2003/08/12",35.4,1,118,1,"VAMY2",0.1,"L","","2025/10/21","True","1","50","166","0","","",""
"760","2025/10/21","FPICO1T08:08","2003/08/12",35.7,1,119,1,"CAREX",0.2,"L","","2025/10/21","True","1","50","166","0","","",""
"761","2025/10/21","FPICO1T08:08","2003/08/12",36,1,120,1,"LITT1",0,"D","","2025/10/21","True","1","50","166","0","","",""
"762","2025/10/21","FPICO1T08:08","2003/08/12",36.3,1,121,1,"LITT1",0,"D","","2025/10/21","True","1","50","166","0","","",""
"763","2025/10/21","FPICO1T08:08","2003/08/12",36.6,1,122,1,"BREN",0,"L","","2025/10/21","True","1","50","166","0","","",""
"764","2025/10/21","FPICO1T08:08","2003/08/12",36.9,1,123,1,"BREN",0,"L","","2025/10/21","True","1","50","166","0","","",""
"765","2025/10/21","FPICO1T08:08","2003/08/12",37.2,1,124,1,"LITT1",0,"D","","2025/10/21","True","1","50","166","0","","",""
"766","2025/10/21","FPICO1T08:08","2003/08/12",37.5,1,125,1,"CAREX",0.1,"L","","2025/10/21","True","1","50","166","0","","",""
"767","2025/10/21","FPICO1T08:08","2003/08/12",37.8,1,126,1,"LITT1",0,"L","","2025/10/21","True","1","50","166","0","","",""
"768","2025/10/21","FPICO1T08:08","2003/08/12",38.1,1,127,1,"LITT1",0,"D","","2025/10/21","True","1","50","166","0","","",""
"769","2025/10/21","FPICO1T08:08","2003/08/12",38.4,1,128,1,"CAREX",0.1,"L","","2025/10/21","True","1","50","166","0","","",""
"770","2025/10/21","FPICO1T08:08","2003/08/12",38.7,1,129,1,"LITT1",0,"D","","2025/10/21","True","1","50","166","0","","",""
"771","2025/10/21","FPICO1T08:08","2003/08/12",39,1,130,1,"VASC",0.2,"L","","2025/10/21","True","1","50","166","0","","",""
"772","2025/10/21","FPICO1T08:08","2003/08/12",39.3,1,131,1,"LITT1",0,"D","","2025/10/21","True","1","50","166","0","","",""
"773","2025/10/21","FPICO1T08:08","2003/08/12",39.6,1,132,1,"LITT1",0,"D","","2025/10/21","True","1","50","166","0","","",""
"774","2025/10/21","FPICO1T08:08","2003/08/12",39.9,1,133,1,"LITT1",0,"D","","2025/10/21","True","1","50","166","0","","",""
"775","2025/10/21","FPICO1T08:08","2003/08/12",40.2,1,134,1,"CAREX",0.2,"L","","2025/10/21","True","1","50","166","0","","",""
"776","2025/10/21","FPICO1T08:08","2003/08/12",40.2,1,134,2,"VASC",0,"L","","2025/10/21","True","1","50","166","0","","",""
"777","2025/10/21","FPICO1T08:08","2003/08/12",40.5,1,135,1,"CAREX",0.1,"L","","2025/10/21","True","1","50","166","0","","",""
"778","2025/10/21","FPICO1T08:08","2003/08/12",40.8,1,136,1,"LITT1",0,"D","","2025/10/21","True","1","50","166","0","","",""
"779","2025/10/21","FPICO1T08:08","2003/08/12",41.1,1,137,1,"BREN",0,"L","","2025/10/21","True","1","50","166","0","","",""
"780","2025/10/21","FPICO1T08:08","2003/08/12",41.4,1,138,1,"LITT1",0,"D","","2025/10/21","True","1","50","166","0","","",""
"781","2025/10/21","FPICO1T08:08","2003/08/12",41.7,1,139,1,"LITT1",0,"D","","2025/10/21","True","1","50","166","0","","",""
"782","2025/10/21","FPICO1T08:08","2003/08/12",42,1,140,1,"LITT1",0,"D","","2025/10/21","True","1","50","166","0","","",""
"783","2025/10/21","FPICO1T08:08","2003/08/12",42.3,1,141,1,"VAMY2",0.1,"L","","2025/10/21","True","1","50","166","0","","",""
"784","2025/10/21","FPICO1T08:08","2003/08/12",42.6,1,142,1,"LITT1",0,"D","","2025/10/21","True","1","50","166","0","","",""
"785","2025/10/21","FPICO1T08:08","2003/08/12",42.9,1,143,1,"LITT1",0,"D","","2025/10/21","True","1","50","166","0","","",""
"786","2025/10/21","FPICO1T08:08","2003/08/12",43.2,1,144,1,"LITT1",0,"D","","2025/10/21","True","1","50","166","0","","",""
"787","2025/10/21","FPICO1T08:08","2003/08/12",43.5,1,145,1,"LITT1",0,"D","","2025/10/21","True","1","50","166","0","","",""
"788","2025/10/21","FPICO1T08:08","2003/08/12",43.8,1,146,1,"BREN",0,"L","","2025/10/21","True","1","50","166","0","","",""
"789","2025/10/21","FPICO1T08:08","2003/08/12",44.1,1,147,1,"LITT1",0,"D","","2025/10/21","True","1","50","166","0","","",""
"790","2025/10/21","FPICO1T08:08","2003/08/12",44.4,1,148,1,"VAMY2",0.2,"L","","2025/10/21","True","1","50","166","0","","",""
"791","2025/10/21","FPICO1T08:08","2003/08/12",44.7,1,149,1,"BREN",0,"L","","2025/10/21","True","1","50","166","0","","",""
"792","2025/10/21","FPICO1T08:08","2003/08/12",45,1,150,1,"VAMY2",0.1,"L","","2025/10/21","True","1","50","166","0","","",""
"793","2025/10/21","FPICO1T08:08","2003/08/12",45.3,1,151,1,"CAREX",0.1,"L","","2025/10/21","True","1","50","166","0","","",""
"794","2025/10/21","FPICO1T08:08","2003/08/12",45.6,1,152,1,"VAMY2",0.1,"L","","2025/10/21","True","1","50","166","0","","",""
"795","2025/10/21","FPICO1T08:08","2003/08/12",45.9,1,153,1,"CAREX",0.1,"L","","2025/10/21","True","1","50","166","0","","",""
"796","2025/10/21","FPICO1T08:08","2003/08/12",46.2,1,154,1,"CAREX",0.1,"L","","2025/10/21","True","1","50","166","0","","",""
"797","2025/10/21","FPICO1T08:08","2003/08/12",46.5,1,155,1,"VASC",0.1,"L","","2025/10/21","True","1","50","166","0","","",""
"798","2025/10/21","FPICO1T08:08","2003/08/12",46.8,1,156,1,"VAMY2",0.1,"L","","2025/10/21","True","1","50","166","0","","",""
"799","2025/10/21","FPICO1T08:08","2003/08/12",47.1,1,157,1,"LITT1",0,"D","","2025/10/21","True","1","50","166","0","","",""
"800","2025/10/21","FPICO1T08:08","2003/08/12",47.4,1,158,1,"LITT1",0,"D","","2025/10/21","True","1","50","166","0","","",""
"801","2025/10/21","FPICO1T08:08","2003/08/12",47.7,1,159,1,"LITT1",0,"D","","2025/10/21","True","1","50","166","0","","",""
"802","2025/10/21","FPICO1T08:08","2003/08/12",48,1,160,1,"BREN",0,"L","","2025/10/21","True","1","50","166","0","","",""
"803","2025/10/21","FPICO1T08:08","2003/08/12",48.3,1,161,1,"BOLE1",0,"D","","2025/10/21","True","1","50","166","0","","",""
"804","2025/10/21","FPICO1T08:08","2003/08/12",48.6,1,162,1,"LITT1",0,"D","","2025/10/21","True","1","50","166","0","","",""
"805","2025/10/21","FPICO1T08:08","2003/08/12",48.9,1,163,1,"LITT1",0,"D","","2025/10/21","True","1","50","166","0","","",""
"806","2025/10/21","FPICO1T08:08","2003/08/12",49.2,1,164,1,"LITT1",0,"D","","2025/10/21","True","1","50","166","0","","",""
"807","2025/10/21","FPICO1T08:08","2003/08/12",49.5,1,165,1,"LITT1",0,"D","","2025/10/21","True","1","50","166","0","","",""
"808","2025/10/21","FPICO1T08:08","2003/08/12",49.8,1,166,1,"LITT1",0,"D","","2025/10/21","True","1","50","166","0","","",""
"809","2025/10/21","FPICO1T08:09","1998/07/29",0.3,1,1,1,"VASC",0.04,"L","","2025/10/21","True","1","50","166","0","","",""
"810","2025/10/21","FPICO1T08:09","1998/07/29",0.6,1,2,1,"LITT1",0,"D","","2025/10/21","True","1","50","166","0","","",""
"811","2025/10/21","FPICO1T08:09","1998/07/29",0.9,1,3,1,"VASC",0.06,"L","","2025/10/21","True","1","50","166","0","","",""
"812","2025/10/21","FPICO1T08:09","1998/07/29",1.2,1,4,1,"LITT1",0,"D","","2025/10/21","True","1","50","166","0","","",""
"813","2025/10/21","FPICO1T08:09","1998/07/29",1.5,1,5,1,"ROCK1",0,"D","","2025/10/21","True","1","50","166","0","","",""
"814","2025/10/21","FPICO1T08:09","1998/07/29",1.8,1,6,1,"ROCK1",0,"D","","2025/10/21","True","1","50","166","0","","",""
"815","2025/10/21","FPICO1T08:09","1998/07/29",2.1,1,7,1,"VASC",0.12,"L","","2025/10/21","True","1","50","166","0","","",""
"816","2025/10/21","FPICO1T08:09","1998/07/29",2.4,1,8,1,"ERFO3",0.03,"L","","2025/10/21","True","1","50","166","0","","",""
"817","2025/10/21","FPICO1T08:09","1998/07/29",2.7,1,9,1,"VASC",0.07,"L","","2025/10/21","True","1","50","166","0","","",""
"818","2025/10/21","FPICO1T08:09","1998/07/29",3,1,10,1,"ROWO",0.09,"L","","2025/10/21","True","1","50","166","0","","",""
"819","2025/10/21","FPICO1T08:09","1998/07/29",3.3,1,11,1,"VASC",0.07,"L","","2025/10/21","True","1","50","166","0","","",""
"820","2025/10/21","FPICO1T08:09","1998/07/29",3.6,1,12,1,"VASC",0.12,"L","","2025/10/21","True","1","50","166","0","","",""
"821","2025/10/21","FPICO1T08:09","1998/07/29",3.9,1,13,1,"VASC",0.08,"L","","2025/10/21","True","1","50","166","0","","",""
"822","2025/10/21","FPICO1T08:09","1998/07/29",4.2,1,14,1,"LITT1",0,"D","","2025/10/21","True","1","50","166","0","","",""
"823","2025/10/21","FPICO1T08:09","1998/07/29",4.5,1,15,1,"ARCO9",0.07,"L","","2025/10/21","True","1","50","166","0","","",""
"824","2025/10/21","FPICO1T08:09","1998/07/29",4.8,1,16,1,"VASC",0.03,"L","","2025/10/21","True","1","50","166","0","","",""
"825","2025/10/21","FPICO1T08:09","1998/07/29",5.1,1,17,1,"VASC",0.07,"L","","2025/10/21","True","1","50","166","0","","",""
"826","2025/10/21","FPICO1T08:09","1998/07/29",5.4,1,18,1,"LITT1",0,"D","","2025/10/21","True","1","50","166","0","","",""
"827","2025/10/21","FPICO1T08:09","1998/07/29",5.7,1,19,1,"ROCK1",0,"D","","2025/10/21","True","1","50","166","0","","",""
"828","2025/10/21","FPICO1T08:09","1998/07/29",6,1,20,1,"ROCK1",0,"D","","2025/10/21","True","1","50","166","0","","",""
"829","2025/10/21","FPICO1T08:09","1998/07/29",6.3,1,21,1,"ERFO3",0.11,"L","","2025/10/21","True","1","50","166","0","","",""
"830","2025/10/21","FPICO1T08:09","1998/07/29",6.6,1,22,1,"LITT1",0,"D","","2025/10/21","True","1","50","166","0","","",""
"831","2025/10/21","FPICO1T08:09","1998/07/29",6.9,1,23,1,"VASC",0.18,"L","","2025/10/21","True","1","50","166","0","","",""
"832","2025/10/21","FPICO1T08:09","1998/07/29",7.2,1,24,1,"MARE11",0.14,"L","","2025/10/21","True","1","50","166","0","","",""
"833","2025/10/21","FPICO1T08:09","1998/07/29",7.2,1,24,2,"VASC",0,"L","","2025/10/21","True","1","50","166","0","","",""
"834","2025/10/21","FPICO1T08:09","1998/07/29",7.5,1,25,1,"WOOD1",0,"D","","2025/10/21","True","1","50","166","0","","",""
"835","2025/10/21","FPICO1T08:09","1998/07/29",7.8,1,26,1,"ROCK1",0,"D","","2025/10/21","True","1","50","166","0","","",""
"836","2025/10/21","FPICO1T08:09","1998/07/29",8.1,1,27,1,"VASC",0.11,"D","","2025/10/21","True","1","50","166","0","","",""
"837","2025/10/21","FPICO1T08:09","1998/07/29",8.4,1,28,1,"WOOD1",0,"D","","2025/10/21","True","1","50","166","0","","",""
"838","2025/10/21","FPICO1T08:09","1998/07/29",8.7,1,29,1,"WOOD1",0,"D","","2025/10/21","True","1","50","166","0","","",""
"839","2025/10/21","FPICO1T08:09","1998/07/29",9,1,30,1,"LITT1",0,"D","","2025/10/21","True","1","50","166","0","","",""
"840","2025/10/21","FPICO1T08:09","1998/07/29",9.3,1,31,1,"VASC",0.09,"L","","2025/10/21","True","1","50","166","0","","",""
"841","2025/10/21","FPICO1T08:09","1998/07/29",9.6,1,32,1,"LITT1",0,"D","","2025/10/21","True","1","50","166","0","","",""
"842","2025/10/21","FPICO1T08:09","1998/07/29",9.9,1,33,1,"VASC",0.09,"L","","2025/10/21","True","1","50","166","0","","",""
"843","2025/10/21","FPICO1T08:09","1998/07/29",10.2,1,34,1,"LITT1",0,"D","","2025/10/21","True","1","50","166","0","","",""
"844","2025/10/21","FPICO1T08:09","1998/07/29",10.5,1,35,1,"VASC",0.04,"L","","2025/10/21","True","1","50","166","0","","",""
"845","2025/10/21","FPICO1T08:09","1998/07/29",10.8,1,36,1,"WOOD1",0,"D","","2025/10/21","True","1","50","166","0","","",""
"846","2025/10/21","FPICO1T08:09","1998/07/29",11.1,1,37,1,"ROCK1",0,"D","","2025/10/21","True","1","50","166","0","","",""
"847","2025/10/21","FPICO1T08:09","1998/07/29",11.4,1,38,1,"WOOD1",0,"D","","2025/10/21","True","1","50","166","0","","",""
"848","2025/10/21","FPICO1T08:09","1998/07/29",11.7,1,39,1,"VASC",0.1,"L","","2025/10/21","True","1","50","166","0","","",""
"849","2025/10/21","FPICO1T08:09","1998/07/29",12,1,40,1,"VASC",0.18,"L","","2025/10/21","True","1","50","166","0","","",""
"850","2025/10/21","FPICO1T08:09","1998/07/29",12.3,1,41,1,"CAREX",0.16,"L","","2025/10/21","True","1","50","166","0","","",""
"851","2025/10/21","FPICO1T08:09","1998/07/29",12.3,1,41,2,"VASC",0,"L","","2025/10/21","True","1","50","166","0","","",""
"852","2025/10/21","FPICO1T08:09","1998/07/29",12.6,1,42,1,"VASC",0.14,"L","","2025/10/21","True","1","50","166","0","","",""
"853","2025/10/21","FPICO1T08:09","1998/07/29",12.6,1,42,2,"ERFO3",0,"L","","2025/10/21","True","1","50","166","0","","",""
"854","2025/10/21","FPICO1T08:09","1998/07/29",12.9,1,43,1,"VASC",0.12,"L","","2025/10/21","True","1","50","166","0","","",""
"855","2025/10/21","FPICO1T08:09","1998/07/29",13.2,1,44,1,"LITT1",0,"D","","2025/10/21","True","1","50","166","0","","",""
"856","2025/10/21","FPICO1T08:09","1998/07/29",13.5,1,45,1,"VASC",0.1,"L","","2025/10/21","True","1","50","166","0","","",""
"857","2025/10/21","FPICO1T08:09","1998/07/29",13.8,1,46,1,"LITT1",0,"D","","2025/10/21","True","1","50","166","0","","",""
"858","2025/10/21","FPICO1T08:09","1998/07/29",14.1,1,47,1,"VASC",0.13,"L","","2025/10/21","True","1","50","166","0","","",""
"859","2025/10/21","FPICO1T08:09","1998/07/29",14.4,1,48,1,"VASC",0.1,"L","","2025/10/21","True","1","50","166","0","","",""
"860","2025/10/21","FPICO1T08:09","1998/07/29",14.7,1,49,1,"VASC",0.18,"L","","2025/10/21","True","1","50","166","0","","",""
"861","2025/10/21","FPICO1T08:09","1998/07/29",15,1,50,1,"WOOD1",0,"D","","2025/10/21","True","1","50","166","0","","",""
"862","2025/10/21","FPICO1T08:09","1998/07/29",15.3,1,51,1,"WOOD1",0,"D","","2025/10/21","True","1","50","166","0","","",""
"863","2025/10/21","FPICO1T08:09","1998/07/29",15.6,1,52,1,"LITT1",0,"D","","2025/10/21","True","1","50","166","0","","",""
"864","2025/10/21","FPICO1T08:09","1998/07/29",15.9,1,53,1,"ROCK1",0,"D","","2025/10/21","True","1","50","166","0","","",""
"865","2025/10/21","FPICO1T08:09","1998/07/29",16.2,1,54,1,"ROCK1",0,"D","","2025/10/21","True","1","50","166","0","","",""
"866","2025/10/21","FPICO1T08:09","1998/07/29",16.5,1,55,1,"ROCK1",0,"D","","2025/10/21","True","1","50","166","0","","",""
"867","2025/10/21","FPICO1T08:09","1998/07/29",16.8,1,56,1,"ROCK1",0,"D","","2025/10/21","True","1","50","166","0","","",""
"868","2025/10/21","FPICO1T08:09","1998/07/29",17.1,1,57,1,"ROCK1",0,"D","","2025/10/21","True","1","50","166","0","","",""
"869","2025/10/21","FPICO1T08:09","1998/07/29",17.4,1,58,1,"JUCO6",0.43,"L","","2025/10/21","True","1","50","166","0","","",""
"870","2025/10/21","FPICO1T08:09","1998/07/29",17.7,1,59,1,"JUCO6",0.31,"L","","2025/10/21","True","1","50","166","0","","",""
"871","2025/10/21","FPICO1T08:09","1998/07/29",18,1,60,1,"WOOD1",0,"D","","2025/10/21","True","1","50","166","0","","",""
"872","2025/10/21","FPICO1T08:09","1998/07/29",18.3,1,61,1,"ROCK1",0,"D","","2025/10/21","True","1","50","166","0","","",""
"873","2025/10/21","FPICO1T08:09","1998/07/29",18.6,1,62,1,"LITT1",0,"D","","2025/10/21","True","1","50","166","0","","",""
"874","2025/10/21","FPICO1T08:09","1998/07/29",18.9,1,63,1,"LITT1",0,"D","","2025/10/21","True","1","50","166","0","","",""
"875","2025/10/21","FPICO1T08:09","1998/07/29",19.2,1,64,1,"WOOD1",0,"D","","2025/10/21","True","1","50","166","0","","",""
"876","2025/10/21","FPICO1T08:09","1998/07/29",19.5,1,65,1,"LITT1",0,"D","","2025/10/21","True","1","50","166","0","","",""
"877","2025/10/21","FPICO1T08:09","1998/07/29",19.8,1,66,1,"VASC",0.14,"L","","2025/10/21","True","1","50","166","0","","",""
"878","2025/10/21","FPICO1T08:09","1998/07/29",20.1,1,67,1,"LITT1",0,"D","","2025/10/21","True","1","50","166","0","","",""
"879","2025/10/21","FPICO1T08:09","1998/07/29",20.4,1,68,1,"VASC",0.14,"L","","2025/10/21","True","1","50","166","0","","",""
"880","2025/10/21","FPICO1T08:09","1998/07/29",20.4,1,68,2,"ARCO9",0,"L","","2025/10/21","True","1","50","166","0","","",""
"881","2025/10/21","FPICO1T08:09","1998/07/29",20.7,1,69,1,"ROCK1",0,"D","","2025/10/21","True","1","50","166","0","","",""
"882","2025/10/21","FPICO1T08:09","1998/07/29",21,1,70,1,"VASC",0.1,"L","","2025/10/21","True","1","50","166","0","","",""
"883","2025/10/21","FPICO1T08:09","1998/07/29",21.3,1,71,1,"VASC",0.11,"L","","2025/10/21","True","1","50","166","0","","",""
"884","2025/10/21","FPICO1T08:09","1998/07/29",21.6,1,72,1,"ROWO",0.04,"L","","2025/10/21","True","1","50","166","0","","",""
"885","2025/10/21","FPICO1T08:09","1998/07/29",21.9,1,73,1,"LITT1",0,"D","","2025/10/21","True","1","50","166","0","","",""
"886","2025/10/21","FPICO1T08:09","1998/07/29",22.2,1,74,1,"LITT1",0,"D","","2025/10/21","True","1","50","166","0","","",""
"887","2025/10/21","FPICO1T08:09","1998/07/29",22.5,1,75,1,"VASC",0.11,"L","","2025/10/21","True","1","50","166","0","","",""
"888","2025/10/21","FPICO1T08:09","1998/07/29",22.8,1,76,1,"LITT1",0,"D","","2025/10/21","True","1","50","166","0","","",""
"889","2025/10/21","FPICO1T08:09","1998/07/29",23.1,1,77,1,"WOOD1",0,"D","","2025/10/21","True","1","50","166","0","","",""
"890","2025/10/21","FPICO1T08:09","1998/07/29",23.4,1,78,1,"VASC",0.08,"L","","2025/10/21","True","1","50","166","0","","",""
"891","2025/10/21","FPICO1T08:09","1998/07/29",23.7,1,79,1,"VASC",0.05,"L","","2025/10/21","True","1","50","166","0","","",""
"892","2025/10/21","FPICO1T08:09","1998/07/29",24,1,80,1,"VASC",0.06,"L","","2025/10/21","True","1","50","166","0","","",""
"893","2025/10/21","FPICO1T08:09","1998/07/29",24.3,1,81,1,"LITT1",0,"D","","2025/10/21","True","1","50","166","0","","",""
"894","2025/10/21","FPICO1T08:09","1998/07/29",24.6,1,82,1,"WOOD1",0,"D","","2025/10/21","True","1","50","166","0","","",""
"895","2025/10/21","FPICO1T08:09","1998/07/29",24.9,1,83,1,"VASC",0.12,"L","","2025/10/21","True","1","50","166","0","","",""
"896","2025/10/21","FPICO1T08:09","1998/07/29",25.2,1,84,1,"WOOD1",0,"D","","2025/10/21","True","1","50","166","0","","",""
"897","2025/10/21","FPICO1T08:09","1998/07/29",25.5,1,85,1,"VASC",0.11,"L","","2025/10/21","True","1","50","166","0","","",""
"898","2025/10/21","FPICO1T08:09","1998/07/29",25.8,1,86,1,"VASC",0.06,"L","","2025/10/21","True","1","50","166","0","","",""
"899","2025/10/21","FPICO1T08:09","1998/07/29",26.1,1,87,1,"VASC",0.12,"L","","2025/10/21","True","1","50","166","0","","",""
"900","2025/10/21","FPICO1T08:09","1998/07/29",26.4,1,88,1,"ROCK1",0,"D","","2025/10/21","True","1","50","166","0","","",""
"901","2025/10/21","FPICO1T08:09","1998/07/29",26.7,1,89,1,"LITT1",0,"D","","2025/10/21","True","1","50","166","0","","",""
"902","2025/10/21","FPICO1T08:09","1998/07/29",27,1,90,1,"LITT1",0,"D","","2025/10/21","True","1","50","166","0","","",""
"903","2025/10/21","FPICO1T08:09","1998/07/29",27.3,1,91,1,"LITT1",0,"D","","2025/10/21","True","1","50","166","0","","",""
"904","2025/10/21","FPICO1T08:09","1998/07/29",27.6,1,92,1,"VASC",0.06,"L","","2025/10/21","True","1","50","166","0","","",""
"905","2025/10/21","FPICO1T08:09","1998/07/29",27.9,1,93,1,"ROCK1",0,"D","","2025/10/21","True","1","50","166","0","","",""
"906","2025/10/21","FPICO1T08:09","1998/07/29",28.2,1,94,1,"VASC",0.14,"L","","2025/10/21","True","1","50","166","0","","",""
"907","2025/10/21","FPICO1T08:09","1998/07/29",28.2,1,94,2,"ARCO9",0,"L","","2025/10/21","True","1","50","166","0","","",""
"908","2025/10/21","FPICO1T08:09","1998/07/29",28.5,1,95,1,"ROCK1",0,"D","","2025/10/21","True","1","50","166","0","","",""
"909","2025/10/21","FPICO1T08:09","1998/07/29",28.8,1,96,1,"VASC",0.12,"L","","2025/10/21","True","1","50","166","0","","",""
"910","2025/10/21","FPICO1T08:09","1998/07/29",29.1,1,97,1,"VASC",0.07,"L","","2025/10/21","True","1","50","166","0","","",""
"911","2025/10/21","FPICO1T08:09","1998/07/29",29.4,1,98,1,"VASC",0.14,"L","","2025/10/21","True","1","50","166","0","","",""
"912","2025/10/21","FPICO1T08:09","1998/07/29",29.7,1,99,1,"LITT1",0,"D","","2025/10/21","True","1","50","166","0","","",""
"913","2025/10/21","FPICO1T08:09","1998/07/29",30,1,100,1,"VASC",0.13,"L","","2025/10/21","True","1","50","166","0","","",""
"914","2025/10/21","FPICO1T08:09","1998/07/29",30.3,1,101,1,"VASC",0.15,"L","","2025/10/21","True","1","50","166","0","","",""
"915","2025/10/21","FPICO1T08:09","1998/07/29",30.6,1,102,1,"LITT1",0,"D","","2025/10/21","True","1","50","166","0","","",""
"916","2025/10/21","FPICO1T08:09","1998/07/29",30.9,1,103,1,"ROCK1",0,"D","","2025/10/21","True","1","50","166","0","","",""
"917","2025/10/21","FPICO1T08:09","1998/07/29",31.2,1,104,1,"ROCK1",0,"D","","2025/10/21","True","1","50","166","0","","",""
"918","2025/10/21","FPICO1T08:09","1998/07/29",31.5,1,105,1,"ROCK1",0,"D","","2025/10/21","True","1","50","166","0","","",""
"919","2025/10/21","FPICO1T08:09","1998/07/29",31.8,1,106,1,"ROCK1",0,"D","","2025/10/21","True","1","50","166","0","","",""
"920","2025/10/21","FPICO1T08:09","1998/07/29",32.1,1,107,1,"ROCK1",0,"D","","2025/10/21","True","1","50","166","0","","",""
"921","2025/10/21","FPICO1T08:09","1998/07/29",32.4,1,108,1,"ROCK1",0,"D","","2025/10/21","True","1","50","166","0","","",""
"922","2025/10/21","FPICO1T08:09","1998/07/29",32.7,1,109,1,"ROCK1",0,"D","","2025/10/21","True","1","50","166","0","","",""
"923","2025/10/21","FPICO1T08:09","1998/07/29",33,1,110,1,"ROCK1",0,"D","","2025/10/21","True","1","50","166","0","","",""
"924","2025/10/21","FPICO1T08:09","1998/07/29",33.3,1,111,1,"ROCK1",0,"D","","2025/10/21","True","1","50","166","0","","",""
"925","2025/10/21","FPICO1T08:09","1998/07/29",33.6,1,112,1,"ROCK1",0,"D","","2025/10/21","True","1","50","166","0","","",""
"926","2025/10/21","FPICO1T08:09","1998/07/29",33.9,1,113,1,"ROCK1",0,"D","","2025/10/21","True","1","50","166","0","","",""
"927","2025/10/21","FPICO1T08:09","1998/07/29",34.2,1,114,1,"LITT1",0,"D","","2025/10/21","True","1","50","166","0","","",""
"928","2025/10/21","FPICO1T08:09","1998/07/29",34.5,1,115,1,"ROCK1",0,"D","","2025/10/21","True","1","50","166","0","","",""
"929","2025/10/21","FPICO1T08:09","1998/07/29",34.8,1,116,1,"LITT1",0,"D","","2025/10/21","True","1","50","166","0","","",""
"930","2025/10/21","FPICO1T08:09","1998/07/29",35.1,1,117,1,"VASC",0.27,"L","","2025/10/21","True","1","50","166","0","","",""
"931","2025/10/21","FPICO1T08:09","1998/07/29",35.4,1,118,1,"ROCK1",0,"D","","2025/10/21","True","1","50","166","0","","",""
"932","2025/10/21","FPICO1T08:09","1998/07/29",35.7,1,119,1,"VASC",0.15,"L","","2025/10/21","True","1","50","166","0","","",""
"933","2025/10/21","FPICO1T08:09","1998/07/29",36,1,120,1,"VASC",0.06,"L","","2025/10/21","True","1","50","166","0","","",""
"934","2025/10/21","FPICO1T08:09","1998/07/29",36.3,1,121,1,"VASC",0.08,"L","","2025/10/21","True","1","50","166","0","","",""
"935","2025/10/21","FPICO1T08:09","1998/07/29",36.6,1,122,1,"LITT1",0,"D","","2025/10/21","True","1","50","166","0","","",""
"936","2025/10/21","FPICO1T08:09","1998/07/29",36.9,1,123,1,"LITT1",0,"D","","2025/10/21","True","1","50","166","0","","",""
"937","2025/10/21","FPICO1T08:09","1998/07/29",37.2,1,124,1,"LITT1",0,"D","","2025/10/21","True","1","50","166","0","","",""
"938","2025/10/21","FPICO1T08:09","1998/07/29",37.5,1,125,1,"VASC",0.06,"L","","2025/10/21","True","1","50","166","0","","",""
"939","2025/10/21","FPICO1T08:09","1998/07/29",37.8,1,126,1,"LITT1",0,"D","","2025/10/21","True","1","50","166","0","","",""
"940","2025/10/21","FPICO1T08:09","1998/07/29",38.1,1,127,1,"VASC",0.19,"L","","2025/10/21","True","1","50","166","0","","",""
"941","2025/10/21","FPICO1T08:09","1998/07/29",38.4,1,128,1,"WOOD1",0,"D","","2025/10/21","True","1","50","166","0","","",""
"942","2025/10/21","FPICO1T08:09","1998/07/29",38.7,1,129,1,"VASC",0.12,"L","","2025/10/21","True","1","50","166","0","","",""
"943","2025/10/21","FPICO1T08:09","1998/07/29",39,1,130,1,"VASC",0.1,"L","","2025/10/21","True","1","50","166","0","","",""
"944","2025/10/21","FPICO1T08:09","1998/07/29",39.3,1,131,1,"VASC",0.11,"L","","2025/10/21","True","1","50","166","0","","",""
"945","2025/10/21","FPICO1T08:09","1998/07/29",39.6,1,132,1,"JUCO6",0.09,"L","","2025/10/21","True","1","50","166","0","","",""
"946","2025/10/21","FPICO1T08:09","1998/07/29",39.9,1,133,1,"VASC",0.19,"L","","2025/10/21","True","1","50","166","0","","",""
"947","2025/10/21","FPICO1T08:09","1998/07/29",40.2,1,134,1,"LITT1",0,"D","","2025/10/21","True","1","50","166","0","","",""
"948","2025/10/21","FPICO1T08:09","1998/07/29",40.5,1,135,1,"LITT1",0,"D","","2025/10/21","True","1","50","166","0","","",""
"949","2025/10/21","FPICO1T08:09","1998/07/29",40.8,1,136,1,"WOOD1",0,"D","","2025/10/21","True","1","50","166","0","","",""
"950","2025/10/21","FPICO1T08:09","1998/07/29",41.1,1,137,1,"LITT1",0,"D","","2025/10/21","True","1","50","166","0","","",""
"951","2025/10/21","FPICO1T08:09","1998/07/29",41.4,1,138,1,"WOOD1",0,"D","","2025/10/21","True","1","50","166","0","","",""
"952","2025/10/21","FPICO1T08:09","1998/07/29",41.7,1,139,1,"VASC",0.09,"L","","2025/10/21","True","1","50","166","0","","",""
"953","2025/10/21","FPICO1T08:09","1998/07/29",42,1,140,1,"LITT1",0,"D","","2025/10/21","True","1","50","166","0","","",""
"954","2025/10/21","FPICO1T08:09","1998/07/29",42.3,1,141,1,"WOOD1",0,"D","","2025/10/21","True","1","50","166","0","","",""
"955","2025/10/21","FPICO1T08:09","1998/07/29",42.6,1,142,1,"VASC",0.18,"L","","2025/10/21","True","1","50","166","0","","",""
"956","2025/10/21","FPICO1T08:09","1998/07/29",42.9,1,143,1,"CAREX",0.04,"L","","2025/10/21","True","1","50","166","0","","",""
"957","2025/10/21","FPICO1T08:09","1998/07/29",43.2,1,144,1,"WOOD1",0,"D","","2025/10/21","True","1","50","166","0","","",""
"958","2025/10/21","FPICO1T08:09","1998/07/29",43.5,1,145,1,"CAREX",0.13,"L","","2025/10/21","True","1","50","166","0","","",""
"959","2025/10/21","FPICO1T08:09","1998/07/29",43.5,1,145,2,"VASC",0,"L","","2025/10/21","True","1","50","166","0","","",""
"960","2025/10/21","FPICO1T08:09","1998/07/29",43.8,1,146,1,"CAREX",0.13,"L","","2025/10/21","True","1","50","166","0","","",""
"961","2025/10/21","FPICO1T08:09","1998/07/29",43.8,1,146,2,"VASC",0,"L","","2025/10/21","True","1","50","166","0","","",""
"962","2025/10/21","FPICO1T08:09","1998/07/29",44.1,1,147,1,"VASC",0.17,"L","","2025/10/21","True","1","50","166","0","","",""
"963","2025/10/21","FPICO1T08:09","1998/07/29",44.4,1,148,1,"VASC",0.16,"L","","2025/10/21","True","1","50","166","0","","",""
"964","2025/10/21","FPICO1T08:09","1998/07/29",44.7,1,149,1,"VASC",0.15,"L","","2025/10/21","True","1","50","166","0","","",""
"965","2025/10/21","FPICO1T08:09","1998/07/29",45,1,150,1,"CAREX",0.1,"L","","2025/10/21","True","1","50","166","0","","",""
"966","2025/10/21","FPICO1T08:09","1998/07/29",45.3,1,151,1,"VASC",0.18,"L","","2025/10/21","True","1","50","166","0","","",""
"967","2025/10/21","FPICO1T08:09","1998/07/29",45.6,1,152,1,"LITT1",0,"D","","2025/10/21","True","1","50","166","0","","",""
"968","2025/10/21","FPICO1T08:09","1998/07/29",45.9,1,153,1,"LITT1",0,"D","","2025/10/21","True","1","50","166","0","","",""
"969","2025/10/21","FPICO1T08:09","1998/07/29",46.2,1,154,1,"LITT1",0,"D","","2025/10/21","True","1","50","166","0","","",""
"970","2025/10/21","FPICO1T08:09","1998/07/29",46.5,1,155,1,"WOOD1",0,"D","","2025/10/21","True","1","50","166","0","","",""
"971","2025/10/21","FPICO1T08:09","1998/07/29",46.8,1,156,1,"WOOD1",0,"D","","2025/10/21","True","1","50","166","0","","",""
"972","2025/10/21","FPICO1T08:09","1998/07/29",47.1,1,157,1,"JUCO6",0.25,"L","","2025/10/21","True","1","50","166","0","","",""
"973","2025/10/21","FPICO1T08:09","1998/07/29",47.1,1,157,2,"VASC",0,"L","","2025/10/21","True","1","50","166","0","","",""
"974","2025/10/21","FPICO1T08:09","1998/07/29",47.4,1,158,1,"JUCO6",0.3,"L","","2025/10/21","True","1","50","166","0","","",""
"975","2025/10/21","FPICO1T08:09","1998/07/29",47.4,1,158,2,"VASC",0,"L","","2025/10/21","True","1","50","166","0","","",""
"976","2025/10/21","FPICO1T08:09","1998/07/29",47.7,1,159,1,"JUCO6",0.37,"L","","2025/10/21","True","1","50","166","0","","",""
"977","2025/10/21","FPICO1T08:09","1998/07/29",48,1,160,1,"JUCO6",0.4,"L","","2025/10/21","True","1","50","166","0","","",""
"978","2025/10/21","FPICO1T08:09","1998/07/29",48.3,1,161,1,"JUCO6",0.21,"L","","2025/10/21","True","1","50","166","0","","",""
"979","2025/10/21","FPICO1T08:09","1998/07/29",48.6,1,162,1,"JUCO6",0.22,"L","","2025/10/21","True","1","50","166","0","","",""
"980","2025/10/21","FPICO1T08:09","1998/07/29",48.9,1,163,1,"BREN",0,"L","","2025/10/21","True","1","50","166","0","","",""
"981","2025/10/21","FPICO1T08:09","1998/07/29",49.2,1,164,1,"LITT1",0,"D","","2025/10/21","True","1","50","166","0","","",""
"982","2025/10/21","FPICO1T08:09","1998/07/29",49.5,1,165,1,"ROCK1",0,"D","","2025/10/21","True","1","50","166","0","","",""
"983","2025/10/21","FPICO1T08:09","1998/07/29",49.8,1,166,1,"ROCK1",0,"D","","2025/10/21","True","1","50","166","0","","",""
"984","2025/10/21","FPICO1T08:09","2003/08/13",0.3,1,1,1,"LITT1",0,"D","","2025/10/21","True","1","50","166","0","","",""
"985","2025/10/21","FPICO1T08:09","2003/08/13",0.6,1,2,1,"LITT1",0,"D","","2025/10/21","True","1","50","166","0","","",""
"986","2025/10/21","FPICO1T08:09","2003/08/13",0.9,1,3,1,"LITT1",0,"D","","2025/10/21","True","1","50","166","0","","",""
"987","2025/10/21","FPICO1T08:09","2003/08/13",1.2,1,4,1,"ROCK1",0,"D","","2025/10/21","True","1","50","166","0","","",""
"988","2025/10/21","FPICO1T08:09","2003/08/13",1.5,1,5,1,"BREN",0,"L","","2025/10/21","True","1","50","166","0","","",""
"989","2025/10/21","FPICO1T08:09","2003/08/13",1.8,1,6,1,"ROCK1",0,"D","","2025/10/21","True","1","50","166","0","","",""
"990","2025/10/21","FPICO1T08:09","2003/08/13",2.1,1,7,1,"BARE1",0,"D","","2025/10/21","True","1","50","166","0","","",""
"991","2025/10/21","FPICO1T08:09","2003/08/13",2.4,1,8,1,"VAMY2",0.1,"L","","2025/10/21","True","1","50","166","0","","",""
"992","2025/10/21","FPICO1T08:09","2003/08/13",2.7,1,9,1,"VAMY2",0.1,"L","","2025/10/21","True","1","50","166","0","","",""
"993","2025/10/21","FPICO1T08:09","2003/08/13",3,1,10,1,"VAMY2",0.1,"L","","2025/10/21","True","1","50","166","0","","",""
"994","2025/10/21","FPICO1T08:09","2003/08/13",3.3,1,11,1,"LITT1",0,"D","","2025/10/21","True","1","50","166","0","","",""
"995","2025/10/21","FPICO1T08:09","2003/08/13",3.6,1,12,1,"LITT1",0,"D","","2025/10/21","True","1","50","166","0","","",""
"996","2025/10/21","FPICO1T08:09","2003/08/13",3.9,1,13,1,"VAMY2",0.1,"L","","2025/10/21","True","1","50","166","0","","",""
"997","2025/10/21","FPICO1T08:09","2003/08/13",4.2,1,14,1,"LITT1",0,"D","","2025/10/21","True","1","50","166","0","","",""
"998","2025/10/21","FPICO1T08:09","2003/08/13",4.5,1,15,1,"VAMY2",0.1,"L","","2025/10/21","True","1","50","166","0","","",""
"999","2025/10/21","FPICO1T08:09","2003/08/13",4.8,1,16,1,"VAMY2",0.1,"L","","2025/10/21","True","1","50","166","0","","",""
"1000","2025/10/21","FPICO1T08:09","2003/08/13",5.1,1,17,1,"ROCK1",0,"D","","2025/10/21","True","1","50","166","0","","",""
"1001","2025/10/21","FPICO1T08:09","2003/08/13",5.4,1,18,1,"VAMY2",0.1,"L","","2025/10/21","True","1","50","166","0","","",""
"1002","2025/10/21","FPICO1T08:09","2003/08/13",5.7,1,19,1,"VAMY2",0.2,"L","","2025/10/21","True","1","50","166","0","","",""
"1003","2025/10/21","FPICO1T08:09","2003/08/13",6,1,20,1,"VAMY2",0.2,"L","","2025/10/21","True","1","50","166","0","","",""
"1004","2025/10/21","FPICO1T08:09","2003/08/13",6.3,1,21,1,"LITT1",0,"D","","2025/10/21","True","1","50","166","0","","",""
"1005","2025/10/21","FPICO1T08:09","2003/08/13",6.6,1,22,1,"VAMY2",0.1,"L","","2025/10/21","True","1","50","166","0","","",""
"1006","2025/10/21","FPICO1T08:09","2003/08/13",6.9,1,23,1,"LITT1",0,"D","","2025/10/21","True","1","50","166","0","","",""
"1007","2025/10/21","FPICO1T08:09","2003/08/13",7.2,1,24,1,"LITT1",0,"D","","2025/10/21","True","1","50","166","0","","",""
"1008","2025/10/21","FPICO1T08:09","2003/08/13",7.5,1,25,1,"VAMY2",0.1,"L","","2025/10/21","True","1","50","166","0","","",""
"1009","2025/10/21","FPICO1T08:09","2003/08/13",7.8,1,26,1,"LITT1",0,"D","","2025/10/21","True","1","50","166","0","","",""
"1010","2025/10/21","FPICO1T08:09","2003/08/13",8.1,1,27,1,"WOOD1",0,"D","","2025/10/21","True","1","50","166","0","","",""
"1011","2025/10/21","FPICO1T08:09","2003/08/13",8.4,1,28,1,"VAMY2",0.2,"L","","2025/10/21","True","1","50","166","0","","",""
"1012","2025/10/21","FPICO1T08:09","2003/08/13",8.7,1,29,1,"VAMY2",0.1,"L","","2025/10/21","True","1","50","166","0","","",""
"1013","2025/10/21","FPICO1T08:09","2003/08/13",9,1,30,1,"LITT1",0,"D","","2025/10/21","True","1","50","166","0","","",""
"1014","2025/10/21","FPICO1T08:09","2003/08/13",9.3,1,31,1,"WOOD1",0,"D","","2025/10/21","True","1","50","166","0","","",""
"1015","2025/10/21","FPICO1T08:09","2003/08/13",9.6,1,32,1,"WOOD1",0,"D","","2025/10/21","True","1","50","166","0","","",""
"1016","2025/10/21","FPICO1T08:09","2003/08/13",9.9,1,33,1,"BREN",0,"L","","2025/10/21","True","1","50","166","0","","",""
"1017","2025/10/21","FPICO1T08:09","2003/08/13",10.2,1,34,1,"LITT1",0,"D","","2025/10/21","True","1","50","166","0","","",""
"1018","2025/10/21","FPICO1T08:09","2003/08/13",10.5,1,35,1,"VAMY2",0.1,"L","","2025/10/21","True","1","50","166","0","","",""
"1019","2025/10/21","FPICO1T08:09","2003/08/13",10.8,1,36,1,"CAREX",0.2,"L","","2025/10/21","True","1","50","166","0","","",""
"1020","2025/10/21","FPICO1T08:09","2003/08/13",10.8,1,36,2,"VAMY2",0,"L","","2025/10/21","True","1","50","166","0","","",""
"1021","2025/10/21","FPICO1T08:09","2003/08/13",11.1,1,37,1,"LITT1",0,"D","","2025/10/21","True","1","50","166","0","","",""
"1022","2025/10/21","FPICO1T08:09","2003/08/13",11.4,1,38,1,"LITT1",0,"D","","2025/10/21","True","1","50","166","0","","",""
"1023","2025/10/21","FPICO1T08:09","2003/08/13",11.7,1,39,1,"LITT1",0,"D","","2025/10/21","True","1","50","166","0","","",""
"1024","2025/10/21","FPICO1T08:09","2003/08/13",12,1,40,1,"LITT1",0,"D","","2025/10/21","True","1","50","166","0","","",""
"1025","2025/10/21","FPICO1T08:09","2003/08/13",12.3,1,41,1,"LITT1",0,"D","","2025/10/21","True","1","50","166","0","","",""
"1026","2025/10/21","FPICO1T08:09","2003/08/13",12.6,1,42,1,"VAMY2",0.1,"L","","2025/10/21","True","1","50","166","0","","",""
"1027","2025/10/21","FPICO1T08:09","2003/08/13",12.9,1,43,1,"VAMY2",0.2,"L","","2025/10/21","True","1","50","166","0","","",""
"1028","2025/10/21","FPICO1T08:09","2003/08/13",13.2,1,44,1,"VAMY2",0.2,"L","","2025/10/21","True","1","50","166","0","","",""
"1029","2025/10/21","FPICO1T08:09","2003/08/13",13.2,1,44,2,"CAREX",0,"L","","2025/10/21","True","1","50","166","0","","",""
"1030","2025/10/21","FPICO1T08:09","2003/08/13",13.5,1,45,1,"VAMY2",0.2,"L","","2025/10/21","True","1","50","166","0","","",""
"1031","2025/10/21","FPICO1T08:09","2003/08/13",13.8,1,46,1,"VAMY2",0.2,"L","","2025/10/21","True","1","50","166","0","","",""
"1032","2025/10/21","FPICO1T08:09","2003/08/13",14.1,1,47,1,"VAMY2",0.1,"L","","2025/10/21","True","1","50","166","0","","",""
"1033","2025/10/21","FPICO1T08:09","2003/08/13",14.4,1,48,1,"LITT1",0,"D","","2025/10/21","True","1","50","166","0","","",""
"1034","2025/10/21","FPICO1T08:09","2003/08/13",14.7,1,49,1,"LITT1",0,"D","","2025/10/21","True","1","50","166","0","","",""
"1035","2025/10/21","FPICO1T08:09","2003/08/13",15,1,50,1,"VAMY2",0.2,"L","","2025/10/21","True","1","50","166","0","","",""
"1036","2025/10/21","FPICO1T08:09","2003/08/13",15,1,50,2,"CAREX",0,"L","","2025/10/21","True","1","50","166","0","","",""
"1037","2025/10/21","FPICO1T08:09","2003/08/13",15.3,1,51,1,"LITT1",0,"D","","2025/10/21","True","1","50","166","0","","",""
"1038","2025/10/21","FPICO1T08:09","2003/08/13",15.6,1,52,1,"WOOD1",0,"D","","2025/10/21","True","1","50","166","0","","",""
"1039","2025/10/21","FPICO1T08:09","2003/08/13",15.9,1,53,1,"BREN",0,"L","","2025/10/21","True","1","50","166","0","","",""
"1040","2025/10/21","FPICO1T08:09","2003/08/13",16.2,1,54,1,"BREN",0,"L","","2025/10/21","True","1","50","166","0","","",""
"1041","2025/10/21","FPICO1T08:09","2003/08/13",16.5,1,55,1,"VAMY2",0.2,"L","","2025/10/21","True","1","50","166","0","","",""
"1042","2025/10/21","FPICO1T08:09","2003/08/13",16.8,1,56,1,"VAMY2",0.2,"L","","2025/10/21","True","1","50","166","0","","",""
"1043","2025/10/21","FPICO1T08:09","2003/08/13",17.1,1,57,1,"LITT1",0,"D","","2025/10/21","True","1","50","166","0","","",""
"1044","2025/10/21","FPICO1T08:09","2003/08/13",17.4,1,58,1,"LITT1",0,"D","","2025/10/21","True","1","50","166","0","","",""
"1045","2025/10/21","FPICO1T08:09","2003/08/13",17.7,1,59,1,"VAMY2",0.1,"L","","2025/10/21","True","1","50","166","0","","",""
"1046","2025/10/21","FPICO1T08:09","2003/08/13",18,1,60,1,"LITT1",0,"D","","2025/10/21","True","1","50","166","0","","",""
"1047","2025/10/21","FPICO1T08:09","2003/08/13",18.3,1,61,1,"LITT1",0,"D","","2025/10/21","True","1","50","166","0","","",""
"1048","2025/10/21","FPICO1T08:09","2003/08/13",18.6,1,62,1,"LITT1",0,"D","","2025/10/21","True","1","50","166","0","","",""
"1049","2025/10/21","FPICO1T08:09","2003/08/13",18.9,1,63,1,"VAMY2",0.1,"L","","2025/10/21","True","1","50","166","0","","",""
"1050","2025/10/21","FPICO1T08:09","2003/08/13",19.2,1,64,1,"LITT1",0,"D","","2025/10/21","True","1","50","166","0","","",""
"1051","2025/10/21","FPICO1T08:09","2003/08/13",19.5,1,65,1,"BREN",0,"L","","2025/10/21","True","1","50","166","0","","",""
"1052","2025/10/21","FPICO1T08:09","2003/08/13",19.8,1,66,1,"VAMY2",0.2,"L","","2025/10/21","True","1","50","166","0","","",""
"1053","2025/10/21","FPICO1T08:09","2003/08/13",20.1,1,67,1,"LITT1",0,"D","","2025/10/21","True","1","50","166","0","","",""
"1054","2025/10/21","FPICO1T08:09","2003/08/13",20.4,1,68,1,"VAMY2",0.2,"L","","2025/10/21","True","1","50","166","0","","",""
"1055","2025/10/21","FPICO1T08:09","2003/08/13",20.7,1,69,1,"WOOD1",0,"D","","2025/10/21","True","1","50","166","0","","",""
"1056","2025/10/21","FPICO1T08:09","2003/08/13",21,1,70,1,"LITT1",0,"D","","2025/10/21","True","1","50","166","0","","",""
"1057","2025/10/21","FPICO1T08:09","2003/08/13",21.3,1,71,1,"LITT1",0,"D","","2025/10/21","True","1","50","166","0","","",""
"1058","2025/10/21","FPICO1T08:09","2003/08/13",21.6,1,72,1,"LITT1",0,"D","","2025/10/21","True","1","50","166","0","","",""
"1059","2025/10/21","FPICO1T08:09","2003/08/13",21.9,1,73,1,"LITT1",0,"D","","2025/10/21","True","1","50","166","0","","",""
"1060","2025/10/21","FPICO1T08:09","2003/08/13",22.2,1,74,1,"LITT1",0,"D","","2025/10/21","True","1","50","166","0","","",""
"1061","2025/10/21","FPICO1T08:09","2003/08/13",22.5,1,75,1,"VAMY2",0.1,"L","","2025/10/21","True","1","50","166","0","","",""
"1062","2025/10/21","FPICO1T08:09","2003/08/13",22.8,1,76,1,"LITT1",0,"D","","2025/10/21","True","1","50","166","0","","",""
"1063","2025/10/21","FPICO1T08:09","2003/08/13",23.1,1,77,1,"LITT1",0,"D","","2025/10/21","True","1","50","166","0","","",""
"1064","2025/10/21","FPICO1T08:09","2003/08/13",23.4,1,78,1,"WOOD1",0,"D","","2025/10/21","True","1","50","166","0","","",""
"1065","2025/10/21","FPICO1T08:09","2003/08/13",23.7,1,79,1,"VAMY2",0.2,"L","","2025/10/21","True","1","50","166","0","","",""
"1066","2025/10/21","FPICO1T08:09","2003/08/13",24,1,80,1,"VAMY2",0.2,"L","","2025/10/21","True","1","50","166","0","","",""
"1067","2025/10/21","FPICO1T08:09","2003/08/13",24.3,1,81,1,"LITT1",0,"D","","2025/10/21","True","1","50","166","0","","",""
"1068","2025/10/21","FPICO1T08:09","2003/08/13",24.6,1,82,1,"WOOD1",0,"D","","2025/10/21","True","1","50","166","0","","",""
"1069","2025/10/21","FPICO1T08:09","2003/08/13",24.9,1,83,1,"LITT1",0,"D","","2025/10/21","True","1","50","166","0","","",""
"1070","2025/10/21","FPICO1T08:09","2003/08/13",25.2,1,84,1,"WOOD1",0,"D","","2025/10/21","True","1","50","166","0","","",""
"1071","2025/10/21","FPICO1T08:09","2003/08/13",25.5,1,85,1,"LITT1",0,"D","","2025/10/21","True","1","50","166","0","","",""
"1072","2025/10/21","FPICO1T08:09","2003/08/13",25.8,1,86,1,"VAMY2",0.3,"L","","2025/10/21","True","1","50","166","0","","",""
"1073","2025/10/21","FPICO1T08:09","2003/08/13",26.1,1,87,1,"BOLE1",0,"D","","2025/10/21","True","1","50","166","0","","",""
"1074","2025/10/21","FPICO1T08:09","2003/08/13",26.4,1,88,1,"VAMY2",0.2,"L","","2025/10/21","True","1","50","166","0","","",""
"1075","2025/10/21","FPICO1T08:09","2003/08/13",26.7,1,89,1,"VAMY2",0.1,"L","","2025/10/21","True","1","50","166","0","","",""
"1076","2025/10/21","FPICO1T08:09","2003/08/13",27,1,90,1,"LITT1",0,"D","","2025/10/21","True","1","50","166","0","","",""
"1077","2025/10/21","FPICO1T08:09","2003/08/13",27.3,1,91,1,"LITT1",0,"D","","2025/10/21","True","1","50","166","0","","",""
"1078","2025/10/21","FPICO1T08:09","2003/08/13",27.6,1,92,1,"LITT1",0,"D","","2025/10/21","True","1","50","166","0","","",""
"1079","2025/10/21","FPICO1T08:09","2003/08/13",27.9,1,93,1,"LITT1",0,"D","","2025/10/21","True","1","50","166","0","","",""
"1080","2025/10/21","FPICO1T08:09","2003/08/13",28.2,1,94,1,"VAMY2",0.1,"L","","2025/10/21","True","1","50","166","0","","",""
"1081","2025/10/21","FPICO1T08:09","2003/08/13",28.5,1,95,1,"LITT1",0,"D","","2025/10/21","True","1","50","166","0","","",""
"1082","2025/10/21","FPICO1T08:09","2003/08/13",28.8,1,96,1,"VAMY2",0.1,"L","","2025/10/21","True","1","50","166","0","","",""
"1083","2025/10/21","FPICO1T08:09","2003/08/13",29.1,1,97,1,"VAMY2",0.1,"L","","2025/10/21","True","1","50","166","0","","",""
"1084","2025/10/21","FPICO1T08:09","2003/08/13",29.4,1,98,1,"BREN",0,"L","","2025/10/21","True","1","50","166","0","","",""
"1085","2025/10/21","FPICO1T08:09","2003/08/13",29.7,1,99,1,"VAMY2",0.2,"L","","2025/10/21","True","1","50","166","0","","",""
"1086","2025/10/21","FPICO1T08:09","2003/08/13",30,1,100,1,"BREN",0,"L","","2025/10/21","True","1","50","166","0","","",""
"1087","2025/10/21","FPICO1T08:09","2003/08/13",30.3,1,101,1,"LITT1",0,"D","","2025/10/21","True","1","50","166","0","","",""
"1088","2025/10/21","FPICO1T08:09","2003/08/13",30.6,1,102,1,"LITT1",0,"D","","2025/10/21","True","1","50","166","0","","",""
"1089","2025/10/21","FPICO1T08:09","2003/08/13",30.9,1,103,1,"BREN",0,"L","","2025/10/21","True","1","50","166","0","","",""
"1090","2025/10/21","FPICO1T08:09","2003/08/13",31.2,1,104,1,"BREN",0,"L","","2025/10/21","True","1","50","166","0","","",""
"1091","2025/10/21","FPICO1T08:09","2003/08/13",31.5,1,105,1,"BREN",0,"L","","2025/10/21","True","1","50","166","0","","",""
"1092","2025/10/21","FPICO1T08:09","2003/08/13",31.8,1,106,1,"BREN",0,"L","","2025/10/21","True","1","50","166","0","","",""
"1093","2025/10/21","FPICO1T08:09","2003/08/13",32.1,1,107,1,"BREN",0,"L","","2025/10/21","True","1","50","166","0","","",""
"1094","2025/10/21","FPICO1T08:09","2003/08/13",32.4,1,108,1,"BREN",0,"L","","2025/10/21","True","1","50","166","0","","",""
"1095","2025/10/21","FPICO1T08:09","2003/08/13",32.7,1,109,1,"BREN",0,"L","","2025/10/21","True","1","50","166","0","","",""
"1096","2025/10/21","FPICO1T08:09","2003/08/13",33,1,110,1,"LITT1",0,"D","","2025/10/21","True","1","50","166","0","","",""
"1097","2025/10/21","FPICO1T08:09","2003/08/13",33.3,1,111,1,"LITT1",0,"D","","2025/10/21","True","1","50","166","0","","",""
"1098","2025/10/21","FPICO1T08:09","2003/08/13",33.6,1,112,1,"BREN",0,"L","","2025/10/21","True","1","50","166","0","","",""
"1099","2025/10/21","FPICO1T08:09","2003/08/13",33.9,1,113,1,"BREN",0,"L","","2025/10/21","True","1","50","166","0","","",""
"1100","2025/10/21","FPICO1T08:09","2003/08/13",34.2,1,114,1,"CAREX",0.2,"L","","2025/10/21","True","1","50","166","0","","",""
"1101","2025/10/21","FPICO1T08:09","2003/08/13",34.5,1,115,1,"BREN",0,"L","","2025/10/21","True","1","50","166","0","","",""
"1102","2025/10/21","FPICO1T08:09","2003/08/13",34.8,1,116,1,"VAMY2",0.1,"L","","2025/10/21","True","1","50","166","0","","",""
"1103","2025/10/21","FPICO1T08:09","2003/08/13",35.1,1,117,1,"LITT1",0,"D","","2025/10/21","True","1","50","166","0","","",""
"1104","2025/10/21","FPICO1T08:09","2003/08/13",35.4,1,118,1,"VAMY2",0.1,"L","","2025/10/21","True","1","50","166","0","","",""
"1105","2025/10/21","FPICO1T08:09","2003/08/13",35.7,1,119,1,"LITT1",0,"D","","2025/10/21","True","1","50","166","0","","",""
"1106","2025/10/21","FPICO1T08:09","2003/08/13",36,1,120,1,"LITT1",0,"D","","2025/10/21","True","1","50","166","0","","",""
"1107","2025/10/21","FPICO1T08:09","2003/08/13",36.3,1,121,1,"LITT1",0,"D","","2025/10/21","True","1","50","166","0","","",""
"1108","2025/10/21","FPICO1T08:09","2003/08/13",36.6,1,122,1,"LITT1",0,"D","","2025/10/21","True","1","50","166","0","","",""
"1109","2025/10/21","FPICO1T08:09","2003/08/13",36.9,1,123,1,"VAMY2",0.1,"L","","2025/10/21","True","1","50","166","0","","",""
"1110","2025/10/21","FPICO1T08:09","2003/08/13",37.2,1,124,1,"VAMY2",0.1,"L","","2025/10/21","True","1","50","166","0","","",""
"1111","2025/10/21","FPICO1T08:09","2003/08/13",37.5,1,125,1,"LITT1",0,"D","","2025/10/21","True","1","50","166","0","","",""
"1112","2025/10/21","FPICO1T08:09","2003/08/13",37.8,1,126,1,"ROCK1",0,"D","","2025/10/21","True","1","50","166","0","","",""
"1113","2025/10/21","FPICO1T08:09","2003/08/13",38.1,1,127,1,"VAMY2",0.1,"L","","2025/10/21","True","1","50","166","0","","",""
"1114","2025/10/21","FPICO1T08:09","2003/08/13",38.4,1,128,1,"VAMY2",0.1,"L","","2025/10/21","True","1","50","166","0","","",""
"1115","2025/10/21","FPICO1T08:09","2003/08/13",38.7,1,129,1,"LITT1",0,"D","","2025/10/21","True","1","50","166","0","","",""
"1116","2025/10/21","FPICO1T08:09","2003/08/13",39,1,130,1,"VAMY2",0.2,"L","","2025/10/21","True","1","50","166","0","","",""
"1117","2025/10/21","FPICO1T08:09","2003/08/13",39.3,1,131,1,"ROCK1",0,"D","","2025/10/21","True","1","50","166","0","","",""
"1118","2025/10/21","FPICO1T08:09","2003/08/13",39.6,1,132,1,"VAMY2",0.2,"L","","2025/10/21","True","1","50","166","0","","",""
"1119","2025/10/21","FPICO1T08:09","2003/08/13",39.9,1,133,1,"LITT1",0,"D","","2025/10/21","True","1","50","166","0","","",""
"1120","2025/10/21","FPICO1T08:09","2003/08/13",40.2,1,134,1,"VAMY2",0.1,"L","","2025/10/21","True","1","50","166","0","","",""
"1121","2025/10/21","FPICO1T08:09","2003/08/13",40.5,1,135,1,"VAMY2",0.1,"L","","2025/10/21","True","1","50","166","0","","",""
"1122","2025/10/21","FPICO1T08:09","2003/08/13",40.8,1,136,1,"VAMY2",0.1,"L","","2025/10/21","True","1","50","166","0","","",""
"1123","2025/10/21","FPICO1T08:09","2003/08/13",41.1,1,137,1,"ROCK1",0,"D","","2025/10/21","True","1","50","166","0","","",""
"1124","2025/10/21","FPICO1T08:09","2003/08/13",41.4,1,138,1,"LITT1",0,"D","","2025/10/21","True","1","50","166","0","","",""
"1125","2025/10/21","FPICO1T08:09","2003/08/13",41.7,1,139,1,"LITT1",0,"D","","2025/10/21","True","1","50","166","0","","",""
"1126","2025/10/21","FPICO1T08:09","2003/08/13",42,1,140,1,"VAMY2",0.1,"L","","2025/10/21","True","1","50","166","0","","",""
"1127","2025/10/21","FPICO1T08:09","2003/08/13",42.3,1,141,1,"WOOD1",0,"D","","2025/10/21","True","1","50","166","0","","",""
"1128","2025/10/21","FPICO1T08:09","2003/08/13",42.6,1,142,1,"LITT1",0,"D","","2025/10/21","True","1","50","166","0","","",""
"1129","2025/10/21","FPICO1T08:09","2003/08/13",42.9,1,143,1,"VAMY2",0.2,"L","","2025/10/21","True","1","50","166","0","","",""
"1130","2025/10/21","FPICO1T08:09","2003/08/13",43.2,1,144,1,"CAREX",0.2,"L","","2025/10/21","True","1","50","166","0","","",""
"1131","2025/10/21","FPICO1T08:09","2003/08/13",43.2,1,144,2,"VAMY2",0,"L","","2025/10/21","True","1","50","166","0","","",""
"1132","2025/10/21","FPICO1T08:09","2003/08/13",43.5,1,145,1,"VAMY2",0.1,"L","","2025/10/21","True","1","50","166","0","","",""
"1133","2025/10/21","FPICO1T08:09","2003/08/13",43.8,1,146,1,"CAREX",0.1,"L","","2025/10/21","True","1","50","166","0","","",""
"1134","2025/10/21","FPICO1T08:09","2003/08/13",44.1,1,147,1,"VAMY2",0.2,"L","","2025/10/21","True","1","50","166","0","","",""
"1135","2025/10/21","FPICO1T08:09","2003/08/13",44.4,1,148,1,"VAMY2",0.2,"L","","2025/10/21","True","1","50","166","0","","",""
"1136","2025/10/21","FPICO1T08:09","2003/08/13",44.7,1,149,1,"VAMY2",0.2,"L","","2025/10/21","True","1","50","166","0","","",""
"1137","2025/10/21","FPICO1T08:09","2003/08/13",45,1,150,1,"CAREX",0.3,"L","","2025/10/21","True","1","50","166","0","","",""
"1138","2025/10/21","FPICO1T08:09","2003/08/13",45,1,150,2,"VAMY2",0,"L","","2025/10/21","True","1","50","166","0","","",""
"1139","2025/10/21","FPICO1T08:09","2003/08/13",45.3,1,151,1,"VAMY2",0.2,"L","","2025/10/21","True","1","50","166","0","","",""
"1140","2025/10/21","FPICO1T08:09","2003/08/13",45.6,1,152,1,"VAMY2",0.2,"L","","2025/10/21","True","1","50","166","0","","",""
"1141","2025/10/21","FPICO1T08:09","2003/08/13",45.9,1,153,1,"LITT1",0,"D","","2025/10/21","True","1","50","166","0","","",""
"1142","2025/10/21","FPICO1T08:09","2003/08/13",46.2,1,154,1,"LITT1",0,"D","","2025/10/21","True","1","50","166","0","","",""
"1143","2025/10/21","FPICO1T08:09","2003/08/13",46.5,1,155,1,"BOLE1",0,"D","","2025/10/21","True","1","50","166","0","","",""
"1144","2025/10/21","FPICO1T08:09","2003/08/13",46.8,1,156,1,"WOOD1",0,"D","","2025/10/21","True","1","50","166","0","","",""
"1145","2025/10/21","FPICO1T08:09","2003/08/13",47.1,1,157,1,"LITT1",0,"D","","2025/10/21","True","1","50","166","0","","",""
"1146","2025/10/21","FPICO1T08:09","2003/08/13",47.4,1,158,1,"LITT1",0,"D","","2025/10/21","True","1","50","166","0","","",""
"1147","2025/10/21","FPICO1T08:09","2003/08/13",47.7,1,159,1,"VAMY2",0.1,"L","","2025/10/21","True","1","50","166","0","","",""
"1148","2025/10/21","FPICO1T08:09","2003/08/13",48,1,160,1,"LITT1",0,"D","","2025/10/21","True","1","50","166","0","","",""
"1149","2025/10/21","FPICO1T08:09","2003/08/13",48.3,1,161,1,"ROCK1",0,"D","","2025/10/21","True","1","50","166","0","","",""
"1150","2025/10/21","FPICO1T08:09","2003/08/13",48.6,1,162,1,"LITT1",0,"D","","2025/10/21","True","1","50","166","0","","",""
"1151","2025/10/21","FPICO1T08:09","2003/08/13",48.9,1,163,1,"ROCK1",0,"D","","2025/10/21","True","1","50","166","0","","",""
"1152","2025/10/21","FPICO1T08:09","2003/08/13",49.2,1,164,1,"LITT1",0,"D","","2025/10/21","True","1","50","166","0","","",""
"1153","2025/10/21","FPICO1T08:09","2003/08/13",49.5,1,165,1,"LITT1",0,"D","","2025/10/21","True","1","50","166","0","","",""
"1154","2025/10/21","FPICO1T08:09","2003/08/13",49.8,1,166,1,"ROCK1",0,"D","","2025/10/21","True","1","50","166","0","","",""
"1155","2025/10/21","FPICO1T08:10","1998/07/29",0.3,1,1,1,"CAREX",0.06,"L","","2025/10/21","True","1","50","166","0","","",""
"1156","2025/10/21","FPICO1T08:10","1998/07/29",0.6,1,2,1,"LITT1",0,"D","","2025/10/21","True","1","50","166","0","","",""
"1157","2025/10/21","FPICO1T08:10","1998/07/29",0.9,1,3,1,"ROCK1",0,"D","","2025/10/21","True","1","50","166","0","","",""
"1158","2025/10/21","FPICO1T08:10","1998/07/29",1.2,1,4,1,"ROCK1",0,"D","","2025/10/21","True","1","50","166","0","","",""
"1159","2025/10/21","FPICO1T08:10","1998/07/29",1.5,1,5,1,"VASC",0.02,"L","","2025/10/21","True","1","50","166","0","","",""
"1160","2025/10/21","FPICO1T08:10","1998/07/29",1.8,1,6,1,"CAREX",0.01,"L","","2025/10/21","True","1","50","166","0","","",""
"1161","2025/10/21","FPICO1T08:10","1998/07/29",1.8,1,6,2,"VASC",0,"L","","2025/10/21","True","1","50","166","0","","",""
"1162","2025/10/21","FPICO1T08:10","1998/07/29",2.1,1,7,1,"VASC",0.08,"L","","2025/10/21","True","1","50","166","0","","",""
"1163","2025/10/21","FPICO1T08:10","1998/07/29",2.4,1,8,1,"CAREX",0.16,"L","","2025/10/21","True","1","50","166","0","","",""
"1164","2025/10/21","FPICO1T08:10","1998/07/29",2.7,1,9,1,"VASC",0.04,"L","","2025/10/21","True","1","50","166","0","","",""
"1165","2025/10/21","FPICO1T08:10","1998/07/29",3,1,10,1,"VASC",0.07,"L","","2025/10/21","True","1","50","166","0","","",""
"1166","2025/10/21","FPICO1T08:10","1998/07/29",3.3,1,11,1,"LITT1",0,"D","","2025/10/21","True","1","50","166","0","","",""
"1167","2025/10/21","FPICO1T08:10","1998/07/29",3.6,1,12,1,"WOOD1",0,"D","","2025/10/21","True","1","50","166","0","","",""
"1168","2025/10/21","FPICO1T08:10","1998/07/29",3.9,1,13,1,"VASC",0.13,"L","","2025/10/21","True","1","50","166","0","","",""
"1169","2025/10/21","FPICO1T08:10","1998/07/29",4.2,1,14,1,"VASC",0.07,"L","","2025/10/21","True","1","50","166","0","","",""
"1170","2025/10/21","FPICO1T08:10","1998/07/29",4.5,1,15,1,"VASC",0.1,"L","","2025/10/21","True","1","50","166","0","","",""
"1171","2025/10/21","FPICO1T08:10","1998/07/29",4.8,1,16,1,"VASC",0.16,"L","","2025/10/21","True","1","50","166","0","","",""
"1172","2025/10/21","FPICO1T08:10","1998/07/29",5.1,1,17,1,"CAREX",0.08,"L","","2025/10/21","True","1","50","166","0","","",""
"1173","2025/10/21","FPICO1T08:10","1998/07/29",5.4,1,18,1,"ARCO9",0.07,"L","","2025/10/21","True","1","50","166","0","","",""
"1174","2025/10/21","FPICO1T08:10","1998/07/29",5.4,1,18,2,"CAREX",0,"L","","2025/10/21","True","1","50","166","0","","",""
"1175","2025/10/21","FPICO1T08:10","1998/07/29",5.7,1,19,1,"CAREX",0.06,"L","","2025/10/21","True","1","50","166","0","","",""
"1176","2025/10/21","FPICO1T08:10","1998/07/29",6,1,20,1,"VASC",0.09,"L","","2025/10/21","True","1","50","166","0","","",""
"1177","2025/10/21","FPICO1T08:10","1998/07/29",6.3,1,21,1,"MARE11",0.12,"L","","2025/10/21","True","1","50","166","0","","",""
"1178","2025/10/21","FPICO1T08:10","1998/07/29",6.3,1,21,2,"VASC",0,"L","","2025/10/21","True","1","50","166","0","","",""
"1179","2025/10/21","FPICO1T08:10","1998/07/29",6.6,1,22,1,"MARE11",0.12,"L","","2025/10/21","True","1","50","166","0","","",""
"1180","2025/10/21","FPICO1T08:10","1998/07/29",6.6,1,22,2,"VASC",0,"L","","2025/10/21","True","1","50","166","0","","",""
"1181","2025/10/21","FPICO1T08:10","1998/07/29",6.9,1,23,1,"VASC",0.13,"L","","2025/10/21","True","1","50","166","0","","",""
"1182","2025/10/21","FPICO1T08:10","1998/07/29",7.2,1,24,1,"MOSS1",0,"L","","2025/10/21","True","1","50","166","0","","",""
"1183","2025/10/21","FPICO1T08:10","1998/07/29",7.5,1,25,1,"CAREX",0.07,"L","","2025/10/21","True","1","50","166","0","","",""
"1184","2025/10/21","FPICO1T08:10","1998/07/29",7.5,1,25,2,"MARE11",0,"L","","2025/10/21","True","1","50","166","0","","",""
"1185","2025/10/21","FPICO1T08:10","1998/07/29",7.8,1,26,1,"VASC",0.08,"L","","2025/10/21","True","1","50","166","0","","",""
"1186","2025/10/21","FPICO1T08:10","1998/07/29",8.1,1,27,1,"VASC",0.16,"L","","2025/10/21","True","1","50","166","0","","",""
"1187","2025/10/21","FPICO1T08:10","1998/07/29",8.4,1,28,1,"VASC",0.2,"L","","2025/10/21","True","1","50","166","0","","",""
"1188","2025/10/21","FPICO1T08:10","1998/07/29",8.7,1,29,1,"VASC",0.14,"L","","2025/10/21","True","1","50","166","0","","",""
"1189","2025/10/21","FPICO1T08:10","1998/07/29",9,1,30,1,"VASC",0.06,"L","","2025/10/21","True","1","50","166","0","","",""
"1190","2025/10/21","FPICO1T08:10","1998/07/29",9.3,1,31,1,"VASC",0.1,"L","","2025/10/21","True","1","50","166","0","","",""
"1191","2025/10/21","FPICO1T08:10","1998/07/29",9.6,1,32,1,"VASC",0.14,"L","","2025/10/21","True","1","50","166","0","","",""
"1192","2025/10/21","FPICO1T08:10","1998/07/29",9.9,1,33,1,"VASC",0.13,"L","","2025/10/21","True","1","50","166","0","","",""
"1193","2025/10/21","FPICO1T08:10","1998/07/29",10.2,1,34,1,"VASC",0.07,"L","","2025/10/21","True","1","50","166","0","","",""
"1194","2025/10/21","FPICO1T08:10","1998/07/29",10.5,1,35,1,"VASC",0.1,"L","","2025/10/21","True","1","50","166","0","","",""
"1195","2025/10/21","FPICO1T08:10","1998/07/29",10.8,1,36,1,"CHANC",0.05,"L","","2025/10/21","True","1","50","166","0","","",""
"1196","2025/10/21","FPICO1T08:10","1998/07/29",10.8,1,36,2,"VASC",0,"L","","2025/10/21","True","1","50","166","0","","",""
"1197","2025/10/21","FPICO1T08:10","1998/07/29",11.1,1,37,1,"VASC",0.13,"L","","2025/10/21","True","1","50","166","0","","",""
"1198","2025/10/21","FPICO1T08:10","1998/07/29",11.4,1,38,1,"VASC",0.11,"L","","2025/10/21","True","1","50","166","0","","",""
"1199","2025/10/21","FPICO1T08:10","1998/07/29",11.7,1,39,1,"VASC",0.13,"L","","2025/10/21","True","1","50","166","0","","",""
"1200","2025/10/21","FPICO1T08:10","1998/07/29",12,1,40,1,"VASC",0.12,"L","","2025/10/21","True","1","50","166","0","","",""
"1201","2025/10/21","FPICO1T08:10","1998/07/29",12.3,1,41,1,"VASC",0.06,"L","","2025/10/21","True","1","50","166","0","","",""
"1202","2025/10/21","FPICO1T08:10","1998/07/29",12.6,1,42,1,"LITT1",0,"D","","2025/10/21","True","1","50","166","0","","",""
"1203","2025/10/21","FPICO1T08:10","1998/07/29",12.9,1,43,1,"VASC",0.08,"L","","2025/10/21","True","1","50","166","0","","",""
"1204","2025/10/21","FPICO1T08:10","1998/07/29",13.2,1,44,1,"VASC",0.14,"L","","2025/10/21","True","1","50","166","0","","",""
"1205","2025/10/21","FPICO1T08:10","1998/07/29",13.5,1,45,1,"JUCO6",0.14,"L","","2025/10/21","True","1","50","166","0","","",""
"1206","2025/10/21","FPICO1T08:10","1998/07/29",13.5,1,45,2,"VASC",0,"L","","2025/10/21","True","1","50","166","0","","",""
"1207","2025/10/21","FPICO1T08:10","1998/07/29",13.8,1,46,1,"JUCO6",0.17,"L","","2025/10/21","True","1","50","166","0","","",""
"1208","2025/10/21","FPICO1T08:10","1998/07/29",13.8,1,46,2,"VASC",0,"L","","2025/10/21","True","1","50","166","0","","",""
"1209","2025/10/21","FPICO1T08:10","1998/07/29",14.1,1,47,1,"LITT1",0,"D","","2025/10/21","True","1","50","166","0","","",""
"1210","2025/10/21","FPICO1T08:10","1998/07/29",14.4,1,48,1,"VASC",0.13,"L","","2025/10/21","True","1","50","166","0","","",""
"1211","2025/10/21","FPICO1T08:10","1998/07/29",14.7,1,49,1,"CAREX",0.15,"L","","2025/10/21","True","1","50","166","0","","",""
"1212","2025/10/21","FPICO1T08:10","1998/07/29",14.7,1,49,2,"VASC",0,"L","","2025/10/21","True","1","50","166","0","","",""
"1213","2025/10/21","FPICO1T08:10","1998/07/29",15,1,50,1,"JUCO6",0.15,"L","","2025/10/21","True","1","50","166","0","","",""
"1214","2025/10/21","FPICO1T08:10","1998/07/29",15.3,1,51,1,"JUCO6",0.31,"L","","2025/10/21","True","1","50","166","0","","",""
"1215","2025/10/21","FPICO1T08:10","1998/07/29",15.6,1,52,1,"JUCO6",0.43,"L","","2025/10/21","True","1","50","166","0","","",""
"1216","2025/10/21","FPICO1T08:10","1998/07/29",15.9,1,53,1,"LITT1",0,"D","","2025/10/21","True","1","50","166","0","","",""
"1217","2025/10/21","FPICO1T08:10","1998/07/29",16.2,1,54,1,"LITT1",0,"D","","2025/10/21","True","1","50","166","0","","",""
"1218","2025/10/21","FPICO1T08:10","1998/07/29",16.5,1,55,1,"ABLAL",0.52,"L","","2025/10/21","True","1","50","166","0","","",""
"1219","2025/10/21","FPICO1T08:10","1998/07/29",16.8,1,56,1,"ABLAL",0.3,"L","","2025/10/21","True","1","50","166","0","","",""
"1220","2025/10/21","FPICO1T08:10","1998/07/29",17.1,1,57,1,"ABLAL",0.4,"L","","2025/10/21","True","1","50","166","0","","",""
"1221","2025/10/21","FPICO1T08:10","1998/07/29",17.1,1,57,2,"CAREX",0,"L","","2025/10/21","True","1","50","166","0","","",""
"1222","2025/10/21","FPICO1T08:10","1998/07/29",17.4,1,58,1,"LITT1",0,"D","","2025/10/21","True","1","50","166","0","","",""
"1223","2025/10/21","FPICO1T08:10","1998/07/29",17.7,1,59,1,"LITT1",0,"D","","2025/10/21","True","1","50","166","0","","",""
"1224","2025/10/21","FPICO1T08:10","1998/07/29",18,1,60,1,"CAREX",0.17,"L","","2025/10/21","True","1","50","166","0","","",""
"1225","2025/10/21","FPICO1T08:10","1998/07/29",18.3,1,61,1,"CAREX",0.16,"L","","2025/10/21","True","1","50","166","0","","",""
"1226","2025/10/21","FPICO1T08:10","1998/07/29",18.6,1,62,1,"CAREX",0.13,"L","","2025/10/21","True","1","50","166","0","","",""
"1227","2025/10/21","FPICO1T08:10","1998/07/29",18.6,1,62,2,"VASC",0,"L","","2025/10/21","True","1","50","166","0","","",""
"1228","2025/10/21","FPICO1T08:10","1998/07/29",18.9,1,63,1,"CAREX",0.09,"L","","2025/10/21","True","1","50","166","0","","",""
"1229","2025/10/21","FPICO1T08:10","1998/07/29",19.2,1,64,1,"VASC",0.1,"L","","2025/10/21","True","1","50","166","0","","",""
"1230","2025/10/21","FPICO1T08:10","1998/07/29",19.5,1,65,1,"LITT1",0,"D","","2025/10/21","True","1","50","166","0","","",""
"1231","2025/10/21","FPICO1T08:10","1998/07/29",19.8,1,66,1,"CAREX",0.03,"L","","2025/10/21","True","1","50","166","0","","",""
"1232","2025/10/21","FPICO1T08:10","1998/07/29",20.1,1,67,1,"BRCIC3",0.1,"L","","2025/10/21","True","1","50","166","0","","",""
"1233","2025/10/21","FPICO1T08:10","1998/07/29",20.1,1,67,2,"VASC",0,"L","","2025/10/21","True","1","50","166","0","","",""
"1234","2025/10/21","FPICO1T08:10","1998/07/29",20.4,1,68,1,"VASC",0.09,"L","","2025/10/21","True","1","50","166","0","","",""
"1235","2025/10/21","FPICO1T08:10","1998/07/29",20.7,1,69,1,"ROWO",0.09,"L","","2025/10/21","True","1","50","166","0","","",""
"1236","2025/10/21","FPICO1T08:10","1998/07/29",21,1,70,1,"LITT1",0,"D","","2025/10/21","True","1","50","166","0","","",""
"1237","2025/10/21","FPICO1T08:10","1998/07/29",21.3,1,71,1,"LITT1",0,"D","","2025/10/21","True","1","50","166","0","","",""
"1238","2025/10/21","FPICO1T08:10","1998/07/29",21.6,1,72,1,"JUCO6",0.21,"L","","2025/10/21","True","1","50","166","0","","",""
"1239","2025/10/21","FPICO1T08:10","1998/07/29",21.9,1,73,1,"LITT1",0,"D","","2025/10/21","True","1","50","166","0","","",""
"1240","2025/10/21","FPICO1T08:10","1998/07/29",22.2,1,74,1,"VASC",0.08,"L","","2025/10/21","True","1","50","166","0","","",""
"1241","2025/10/21","FPICO1T08:10","1998/07/29",22.5,1,75,1,"JUCO6",0.4,"L","","2025/10/21","True","1","50","166","0","","",""
"1242","2025/10/21","FPICO1T08:10","1998/07/29",22.5,1,75,2,"VASC",0,"L","","2025/10/21","True","1","50","166","0","","",""
"1243","2025/10/21","FPICO1T08:10","1998/07/29",22.8,1,76,1,"VASC",0.15,"L","","2025/10/21","True","1","50","166","0","","",""
"1244","2025/10/21","FPICO1T08:10","1998/07/29",23.1,1,77,1,"VASC",0.14,"L","","2025/10/21","True","1","50","166","0","","",""
"1245","2025/10/21","FPICO1T08:10","1998/07/29",23.4,1,78,1,"JUCO6",0.4,"L","","2025/10/21","True","1","50","166","0","","",""
"1246","2025/10/21","FPICO1T08:10","1998/07/29",23.7,1,79,1,"JUCO6",0.33,"L","","2025/10/21","True","1","50","166","0","","",""
"1247","2025/10/21","FPICO1T08:10","1998/07/29",23.7,1,79,2,"VASC",0,"L","","2025/10/21","True","1","50","166","0","","",""
"1248","2025/10/21","FPICO1T08:10","1998/07/29",24,1,80,1,"JUCO6",0.4,"L","","2025/10/21","True","1","50","166","0","","",""
"1249","2025/10/21","FPICO1T08:10","1998/07/29",24,1,80,2,"VASC",0,"L","","2025/10/21","True","1","50","166","0","","",""
"1250","2025/10/21","FPICO1T08:10","1998/07/29",24.3,1,81,1,"VASC",0.14,"L","","2025/10/21","True","1","50","166","0","","",""
"1251","2025/10/21","FPICO1T08:10","1998/07/29",24.6,1,82,1,"VASC",0.09,"L","","2025/10/21","True","1","50","166","0","","",""
"1252","2025/10/21","FPICO1T08:10","1998/07/29",24.9,1,83,1,"LITT1",0,"D","","2025/10/21","True","1","50","166","0","","",""
"1253","2025/10/21","FPICO1T08:10","1998/07/29",25.2,1,84,1,"VASC",0.17,"L","","2025/10/21","True","1","50","166","0","","",""
"1254","2025/10/21","FPICO1T08:10","1998/07/29",25.2,1,84,2,"MARE11",0,"L","","2025/10/21","True","1","50","166","0","","",""
"1255","2025/10/21","FPICO1T08:10","1998/07/29",25.5,1,85,1,"VASC",0.17,"L","","2025/10/21","True","1","50","166","0","","",""
"1256","2025/10/21","FPICO1T08:10","1998/07/29",25.8,1,86,1,"ROCK1",0,"D","","2025/10/21","True","1","50","166","0","","",""
"1257","2025/10/21","FPICO1T08:10","1998/07/29",26.1,1,87,1,"ROCK1",0,"D","","2025/10/21","True","1","50","166","0","","",""
"1258","2025/10/21","FPICO1T08:10","1998/07/29",26.4,1,88,1,"VASC",0.14,"L","","2025/10/21","True","1","50","166","0","","",""
"1259","2025/10/21","FPICO1T08:10","1998/07/29",26.7,1,89,1,"VASC",0.12,"L","","2025/10/21","True","1","50","166","0","","",""
"1260","2025/10/21","FPICO1T08:10","1998/07/29",27,1,90,1,"VASC",0.14,"L","","2025/10/21","True","1","50","166","0","","",""
"1261","2025/10/21","FPICO1T08:10","1998/07/29",27.3,1,91,1,"ROCK1",0,"D","","2025/10/21","True","1","50","166","0","","",""
"1262","2025/10/21","FPICO1T08:10","1998/07/29",27.6,1,92,1,"VASC",0.11,"L","","2025/10/21","True","1","50","166","0","","",""
"1263","2025/10/21","FPICO1T08:10","1998/07/29",27.9,1,93,1,"VASC",0.12,"L","","2025/10/21","True","1","50","166","0","","",""
"1264","2025/10/21","FPICO1T08:10","1998/07/29",28.2,1,94,1,"VASC",0.07,"L","","2025/10/21","True","1","50","166","0","","",""
"1265","2025/10/21","FPICO1T08:10","1998/07/29",28.5,1,95,1,"VASC",0.06,"L","","2025/10/21","True","1","50","166","0","","",""
"1266","2025/10/21","FPICO1T08:10","1998/07/29",28.8,1,96,1,"VASC",0.13,"L","","2025/10/21","True","1","50","166","0","","",""
"1267","2025/10/21","FPICO1T08:10","1998/07/29",29.1,1,97,1,"BRCIC3",0.12,"L","","2025/10/21","True","1","50","166","0","","",""
"1268","2025/10/21","FPICO1T08:10","1998/07/29",29.1,1,97,2,"VASC",0,"L","","2025/10/21","True","1","50","166","0","","",""
"1269","2025/10/21","FPICO1T08:10","1998/07/29",29.4,1,98,1,"LITT1",0,"D","","2025/10/21","True","1","50","166","0","","",""
"1270","2025/10/21","FPICO1T08:10","1998/07/29",29.7,1,99,1,"VASC",0.14,"L","","2025/10/21","True","1","50","166","0","","",""
"1271","2025/10/21","FPICO1T08:10","1998/07/29",30,1,100,1,"VASC",0.07,"L","","2025/10/21","True","1","50","166","0","","",""
"1272","2025/10/21","FPICO1T08:10","1998/07/29",30.3,1,101,1,"VASC",0.06,"L","","2025/10/21","True","1","50","166","0","","",""
"1273","2025/10/21","FPICO1T08:10","1998/07/29",30.6,1,102,1,"LITT1",0,"D","","2025/10/21","True","1","50","166","0","","",""
"1274","2025/10/21","FPICO1T08:10","1998/07/29",30.9,1,103,1,"CAREX",0.11,"L","","2025/10/21","True","1","50","166","0","","",""
"1275","2025/10/21","FPICO1T08:10","1998/07/29",30.9,1,103,2,"VASC",0,"L","","2025/10/21","True","1","50","166","0","","",""
"1276","2025/10/21","FPICO1T08:10","1998/07/29",31.2,1,104,1,"LITT1",0,"D","","2025/10/21","True","1","50","166","0","","",""
"1277","2025/10/21","FPICO1T08:10","1998/07/29",31.5,1,105,1,"VASC",0.1,"L","","2025/10/21","True","1","50","166","0","","",""
"1278","2025/10/21","FPICO1T08:10","1998/07/29",31.8,1,106,1,"LITT1",0,"D","","2025/10/21","True","1","50","166","0","","",""
"1279","2025/10/21","FPICO1T08:10","1998/07/29",32.1,1,107,1,"LITT1",0,"D","","2025/10/21","True","1","50","166","0","","",""
"1280","2025/10/21","FPICO1T08:10","1998/07/29",32.4,1,108,1,"LITT1",0,"D","","2025/10/21","True","1","50","166","0","","",""
"1281","2025/10/21","FPICO1T08:10","1998/07/29",32.7,1,109,1,"VASC",0.11,"L","","2025/10/21","True","1","50","166","0","","",""
"1282","2025/10/21","FPICO1T08:10","1998/07/29",33,1,110,1,"VASC",0.12,"L","","2025/10/21","True","1","50","166","0","","",""
"1283","2025/10/21","FPICO1T08:10","1998/07/29",33.3,1,111,1,"VASC",0.17,"L","","2025/10/21","True","1","50","166","0","","",""
"1284","2025/10/21","FPICO1T08:10","1998/07/29",33.6,1,112,1,"VASC",0.11,"L","","2025/10/21","True","1","50","166","0","","",""
"1285","2025/10/21","FPICO1T08:10","1998/07/29",33.9,1,113,1,"VASC",0.13,"L","","2025/10/21","True","1","50","166","0","","",""
"1286","2025/10/21","FPICO1T08:10","1998/07/29",34.2,1,114,1,"VASC",0.14,"L","","2025/10/21","True","1","50","166","0","","",""
"1287","2025/10/21","FPICO1T08:10","1998/07/29",34.5,1,115,1,"PICO",0.8,"L","","2025/10/21","True","1","50","166","0","","",""
"1288","2025/10/21","FPICO1T08:10","1998/07/29",34.5,1,115,2,"VASC",0,"L","","2025/10/21","True","1","50","166","0","","",""
"1289","2025/10/21","FPICO1T08:10","1998/07/29",34.8,1,116,1,"VASC",0.1,"L","","2025/10/21","True","1","50","166","0","","",""
"1290","2025/10/21","FPICO1T08:10","1998/07/29",35.1,1,117,1,"VASC",0.11,"L","","2025/10/21","True","1","50","166","0","","",""
"1291","2025/10/21","FPICO1T08:10","1998/07/29",35.4,1,118,1,"LITT1",0,"D","","2025/10/21","True","1","50","166","0","","",""
"1292","2025/10/21","FPICO1T08:10","1998/07/29",35.7,1,119,1,"VASC",0.18,"L","","2025/10/21","True","1","50","166","0","","",""
"1293","2025/10/21","FPICO1T08:10","1998/07/29",36,1,120,1,"LITT1",0,"D","","2025/10/21","True","1","50","166","0","","",""
"1294","2025/10/21","FPICO1T08:10","1998/07/29",36.3,1,121,1,"VASC",0.15,"L","","2025/10/21","True","1","50","166","0","","",""
"1295","2025/10/21","FPICO1T08:10","1998/07/29",36.6,1,122,1,"VASC",0.12,"L","","2025/10/21","True","1","50","166","0","","",""
"1296","2025/10/21","FPICO1T08:10","1998/07/29",36.6,1,122,2,"MOSS1",0,"L","","2025/10/21","True","1","50","166","0","","",""
"1297","2025/10/21","FPICO1T08:10","1998/07/29",36.9,1,123,1,"LITT1",0,"D","","2025/10/21","True","1","50","166","0","","",""
"1298","2025/10/21","FPICO1T08:10","1998/07/29",37.2,1,124,1,"CAREX",0.14,"L","","2025/10/21","True","1","50","166","0","","",""
"1299","2025/10/21","FPICO1T08:10","1998/07/29",37.2,1,124,2,"VASC",0,"L","","2025/10/21","True","1","50","166","0","","",""
"1300","2025/10/21","FPICO1T08:10","1998/07/29",37.5,1,125,1,"LITT1",0,"D","","2025/10/21","True","1","50","166","0","","",""
"1301","2025/10/21","FPICO1T08:10","1998/07/29",37.8,1,126,1,"CAREX",0.14,"L","","2025/10/21","True","1","50","166","0","","",""
"1302","2025/10/21","FPICO1T08:10","1998/07/29",38.1,1,127,1,"LITT1",0,"D","","2025/10/21","True","1","50","166","0","","",""
"1303","2025/10/21","FPICO1T08:10","1998/07/29",38.4,1,128,1,"LITT1",0,"D","","2025/10/21","True","1","50","166","0","","",""
"1304","2025/10/21","FPICO1T08:10","1998/07/29",38.7,1,129,1,"VASC",0.06,"L","","2025/10/21","True","1","50","166","0","","",""
"1305","2025/10/21","FPICO1T08:10","1998/07/29",39,1,130,1,"VASC",0.1,"L","","2025/10/21","True","1","50","166","0","","",""
"1306","2025/10/21","FPICO1T08:10","1998/07/29",39.3,1,131,1,"VASC",0.08,"L","","2025/10/21","True","1","50","166","0","","",""
"1307","2025/10/21","FPICO1T08:10","1998/07/29",39.6,1,132,1,"BRCIC3",0.06,"L","","2025/10/21","True","1","50","166","0","","",""
"1308","2025/10/21","FPICO1T08:10","1998/07/29",39.9,1,133,1,"VASC",0.03,"L","","2025/10/21","True","1","50","166","0","","",""
"1309","2025/10/21","FPICO1T08:10","1998/07/29",40.2,1,134,1,"VASC",0.05,"L","","2025/10/21","True","1","50","166","0","","",""
"1310","2025/10/21","FPICO1T08:10","1998/07/29",40.5,1,135,1,"LITT1",0,"D","","2025/10/21","True","1","50","166","0","","",""
"1311","2025/10/21","FPICO1T08:10","1998/07/29",40.8,1,136,1,"VASC",0.06,"L","","2025/10/21","True","1","50","166","0","","",""
"1312","2025/10/21","FPICO1T08:10","1998/07/29",41.1,1,137,1,"VASC",0.09,"L","","2025/10/21","True","1","50","166","0","","",""
"1313","2025/10/21","FPICO1T08:10","1998/07/29",41.4,1,138,1,"VASC",0.15,"L","","2025/10/21","True","1","50","166","0","","",""
"1314","2025/10/21","FPICO1T08:10","1998/07/29",41.7,1,139,1,"VASC",0.05,"L","","2025/10/21","True","1","50","166","0","","",""
"1315","2025/10/21","FPICO1T08:10","1998/07/29",42,1,140,1,"VASC",0.09,"L","","2025/10/21","True","1","50","166","0","","",""
"1316","2025/10/21","FPICO1T08:10","1998/07/29",42.3,1,141,1,"VASC",0.07,"L","","2025/10/21","True","1","50","166","0","","",""
"1317","2025/10/21","FPICO1T08:10","1998/07/29",42.6,1,142,1,"CAREX",0.16,"L","","2025/10/21","True","1","50","166","0","","",""
"1318","2025/10/21","FPICO1T08:10","1998/07/29",42.9,1,143,1,"CAREX",0.1,"L","","2025/10/21","True","1","50","166","0","","",""
"1319","2025/10/21","FPICO1T08:10","1998/07/29",42.9,1,143,2,"VASC",0,"L","","2025/10/21","True","1","50","166","0","","",""
"1320","2025/10/21","FPICO1T08:10","1998/07/29",43.2,1,144,1,"VASC",0.07,"L","","2025/10/21","True","1","50","166","0","","",""
"1321","2025/10/21","FPICO1T08:10","1998/07/29",43.5,1,145,1,"LITT1",0,"D","","2025/10/21","True","1","50","166","0","","",""
"1322","2025/10/21","FPICO1T08:10","1998/07/29",43.8,1,146,1,"LITT1",0,"D","","2025/10/21","True","1","50","166","0","","",""
"1323","2025/10/21","FPICO1T08:10","1998/07/29",44.1,1,147,1,"WOOD1",0,"D","","2025/10/21","True","1","50","166","0","","",""
"1324","2025/10/21","FPICO1T08:10","1998/07/29",44.4,1,148,1,"WOOD1",0,"D","","2025/10/21","True","1","50","166","0","","",""
"1325","2025/10/21","FPICO1T08:10","1998/07/29",44.7,1,149,1,"ARCO9",0.06,"L","","2025/10/21","True","1","50","166","0","","",""
"1326","2025/10/21","FPICO1T08:10","1998/07/29",45,1,150,1,"DUFF",0,"D","","2025/10/21","True","1","50","166","0","","",""
"1327","2025/10/21","FPICO1T08:10","1998/07/29",45.3,1,151,1,"ROCK1",0,"D","","2025/10/21","True","1","50","166","0","","",""
"1328","2025/10/21","FPICO1T08:10","1998/07/29",45.6,1,152,1,"ROCK1",0,"D","","2025/10/21","True","1","50","166","0","","",""
"1329","2025/10/21","FPICO1T08:10","1998/07/29",45.9,1,153,1,"LITT1",0,"D","","2025/10/21","True","1","50","166","0","","",""
"1330","2025/10/21","FPICO1T08:10","1998/07/29",46.2,1,154,1,"LITT1",0,"D","","2025/10/21","True","1","50","166","0","","",""
"1331","2025/10/21","FPICO1T08:10","1998/07/29",46.5,1,155,1,"VASC",0.08,"L","","2025/10/21","True","1","50","166","0","","",""
"1332","2025/10/21","FPICO1T08:10","1998/07/29",46.8,1,156,1,"CAREX",0.24,"L","","2025/10/21","True","1","50","166","0","","",""
"1333","2025/10/21","FPICO1T08:10","1998/07/29",47.1,1,157,1,"CAREX",0.13,"L","","2025/10/21","True","1","50","166","0","","",""
"1334","2025/10/21","FPICO1T08:10","1998/07/29",47.4,1,158,1,"CAREX",0.08,"L","","2025/10/21","True","1","50","166","0","","",""
"1335","2025/10/21","FPICO1T08:10","1998/07/29",47.4,1,158,2,"ARCO9",0,"L","","2025/10/21","True","1","50","166","0","","",""
"1336","2025/10/21","FPICO1T08:10","1998/07/29",47.4,1,158,3,"VASC",0,"L","","2025/10/21","True","1","50","166","0","","",""
"1337","2025/10/21","FPICO1T08:10","1998/07/29",47.7,1,159,1,"LITT1",0,"D","","2025/10/21","True","1","50","166","0","","",""
"1338","2025/10/21","FPICO1T08:10","1998/07/29",48,1,160,1,"CAREX",0.02,"L","","2025/10/21","True","1","50","166","0","","",""
"1339","2025/10/21","FPICO1T08:10","1998/07/29",48.3,1,161,1,"CAREX",0.14,"L","","2025/10/21","True","1","50","166","0","","",""
"1340","2025/10/21","FPICO1T08:10","1998/07/29",48.3,1,161,2,"ARCO9",0,"L","","2025/10/21","True","1","50","166","0","","",""
"1341","2025/10/21","FPICO1T08:10","1998/07/29",48.6,1,162,1,"CAREX",0.1,"L","","2025/10/21","True","1","50","166","0","","",""
"1342","2025/10/21","FPICO1T08:10","1998/07/29",48.6,1,162,2,"VASC",0,"L","","2025/10/21","True","1","50","166","0","","",""
"1343","2025/10/21","FPICO1T08:10","1998/07/29",48.9,1,163,1,"VASC",0.15,"L","","2025/10/21","True","1","50","166","0","","",""
"1344","2025/10/21","FPICO1T08:10","1998/07/29",49.2,1,164,1,"LITT1",0,"D","","2025/10/21","True","1","50","166","0","","",""
"1345","2025/10/21","FPICO1T08:10","1998/07/29",49.5,1,165,1,"LITT1",0,"D","","2025/10/21","True","1","50","166","0","","",""
"1346","2025/10/21","FPICO1T08:10","1998/07/29",49.8,1,166,1,"CAREX",0.08,"L","","2025/10/21","True","1","50","166","0","","",""
"1347","2025/10/21","FPICO1T08:10","2003/08/13",0.3,1,1,1,"VAMY2",0.1,"L","","2025/10/21","True","1","50","166","0","","",""
"1348","2025/10/21","FPICO1T08:10","2003/08/13",0.3,1,1,2,"CAREX",0,"L","","2025/10/21","True","1","50","166","0","","",""
"1349","2025/10/21","FPICO1T08:10","2003/08/13",0.6,1,2,1,"LITT1",0,"D","","2025/10/21","True","1","50","166","0","","",""
"1350","2025/10/21","FPICO1T08:10","2003/08/13",0.9,1,3,1,"LITT1",0,"D","","2025/10/21","True","1","50","166","0","","",""
"1351","2025/10/21","FPICO1T08:10","2003/08/13",1.2,1,4,1,"LITT1",0,"D","","2025/10/21","True","1","50","166","0","","",""
"1352","2025/10/21","FPICO1T08:10","2003/08/13",1.5,1,5,1,"VAMY2",0.2,"L","","2025/10/21","True","1","50","166","0","","",""
"1353","2025/10/21","FPICO1T08:10","2003/08/13",1.8,1,6,1,"VAMY2",0.1,"L","","2025/10/21","True","1","50","166","0","","",""
"1354","2025/10/21","FPICO1T08:10","2003/08/13",2.1,1,7,1,"MARE11",0.2,"L","","2025/10/21","True","1","50","166","0","","",""
"1355","2025/10/21","FPICO1T08:10","2003/08/13",2.1,1,7,2,"VAMY2",0,"L","","2025/10/21","True","1","50","166","0","","",""
"1356","2025/10/21","FPICO1T08:10","2003/08/13",2.4,1,8,1,"VAMY2",0.1,"L","","2025/10/21","True","1","50","166","0","","",""
"1357","2025/10/21","FPICO1T08:10","2003/08/13",2.4,1,8,2,"CAREX",0,"L","","2025/10/21","True","1","50","166","0","","",""
"1358","2025/10/21","FPICO1T08:10","2003/08/13",2.7,1,9,1,"BARE1",0,"D","","2025/10/21","True","1","50","166","0","","",""
"1359","2025/10/21","FPICO1T08:10","2003/08/13",3,1,10,1,"VAMY2",0.1,"L","","2025/10/21","True","1","50","166","0","","",""
"1360","2025/10/21","FPICO1T08:10","2003/08/13",3.3,1,11,1,"ROCK1",0,"D","","2025/10/21","True","1","50","166","0","","",""
"1361","2025/10/21","FPICO1T08:10","2003/08/13",3.6,1,12,1,"LITT1",0,"D","","2025/10/21","True","1","50","166","0","","",""
"1362","2025/10/21","FPICO1T08:10","2003/08/13",3.9,1,13,1,"LITT1",0,"D","","2025/10/21","True","1","50","166","0","","",""
"1363","2025/10/21","FPICO1T08:10","2003/08/13",4.2,1,14,1,"WOOD1",0,"D","","2025/10/21","True","1","50","166","0","","",""
"1364","2025/10/21","FPICO1T08:10","2003/08/13",4.5,1,15,1,"CAREX",0.2,"L","","2025/10/21","True","1","50","166","0","","",""
"1365","2025/10/21","FPICO1T08:10","2003/08/13",4.5,1,15,2,"VAMY2",0,"L","","2025/10/21","True","1","50","166","0","","",""
"1366","2025/10/21","FPICO1T08:10","2003/08/13",4.8,1,16,1,"VAMY2",0.1,"L","","2025/10/21","True","1","50","166","0","","",""
"1367","2025/10/21","FPICO1T08:10","2003/08/13",5.1,1,17,1,"CAREX",0.3,"L","","2025/10/21","True","1","50","166","0","","",""
"1368","2025/10/21","FPICO1T08:10","2003/08/13",5.4,1,18,1,"VAMY2",0.1,"L","","2025/10/21","True","1","50","166","0","","",""
"1369","2025/10/21","FPICO1T08:10","2003/08/13",5.7,1,19,1,"CAREX",0.1,"L","","2025/10/21","True","1","50","166","0","","",""
"1370","2025/10/21","FPICO1T08:10","2003/08/13",5.7,1,19,2,"MARE11",0,"L","","2025/10/21","True","1","50","166","0","","",""
"1371","2025/10/21","FPICO1T08:10","2003/08/13",6,1,20,1,"CAREX",0.2,"L","","2025/10/21","True","1","50","166","0","","",""
"1372","2025/10/21","FPICO1T08:10","2003/08/13",6,1,20,2,"VAMY2",0,"L","","2025/10/21","True","1","50","166","0","","",""
"1373","2025/10/21","FPICO1T08:10","2003/08/13",6.3,1,21,1,"MARE11",0.1,"L","","2025/10/21","True","1","50","166","0","","",""
"1374","2025/10/21","FPICO1T08:10","2003/08/13",6.3,1,21,2,"VAMY2",0,"L","","2025/10/21","True","1","50","166","0","","",""
"1375","2025/10/21","FPICO1T08:10","2003/08/13",6.6,1,22,1,"MARE11",0.2,"L","","2025/10/21","True","1","50","166","0","","",""
"1376","2025/10/21","FPICO1T08:10","2003/08/13",6.6,1,22,2,"VAMY2",0,"L","","2025/10/21","True","1","50","166","0","","",""
"1377","2025/10/21","FPICO1T08:10","2003/08/13",6.9,1,23,1,"LITT1",0,"D","","2025/10/21","True","1","50","166","0","","",""
"1378","2025/10/21","FPICO1T08:10","2003/08/13",7.2,1,24,1,"ROCK1",0,"D","","2025/10/21","True","1","50","166","0","","",""
"1379","2025/10/21","FPICO1T08:10","2003/08/13",7.5,1,25,1,"CAREX",0.2,"L","","2025/10/21","True","1","50","166","0","","",""
"1380","2025/10/21","FPICO1T08:10","2003/08/13",7.8,1,26,1,"VAMY2",0.1,"L","","2025/10/21","True","1","50","166","0","","",""
"1381","2025/10/21","FPICO1T08:10","2003/08/13",8.1,1,27,1,"CAREX",0.2,"L","","2025/10/21","True","1","50","166","0","","",""
"1382","2025/10/21","FPICO1T08:10","2003/08/13",8.1,1,27,2,"VAMY2",0,"L","","2025/10/21","True","1","50","166","0","","",""
"1383","2025/10/21","FPICO1T08:10","2003/08/13",8.4,1,28,1,"VAMY2",0.2,"L","","2025/10/21","True","1","50","166","0","","",""
"1384","2025/10/21","FPICO1T08:10","2003/08/13",8.7,1,29,1,"VAMY2",0.2,"L","","2025/10/21","True","1","50","166","0","","",""
"1385","2025/10/21","FPICO1T08:10","2003/08/13",9,1,30,1,"VAMY2",0.1,"L","","2025/10/21","True","1","50","166","0","","",""
"1386","2025/10/21","FPICO1T08:10","2003/08/13",9.3,1,31,1,"VAMY2",0.2,"L","","2025/10/21","True","1","50","166","0","","",""
"1387","2025/10/21","FPICO1T08:10","2003/08/13",9.6,1,32,1,"LITT1",0,"D","","2025/10/21","True","1","50","166","0","","",""
"1388","2025/10/21","FPICO1T08:10","2003/08/13",9.9,1,33,1,"VAMY2",0.1,"L","","2025/10/21","True","1","50","166","0","","",""
"1389","2025/10/21","FPICO1T08:10","2003/08/13",10.2,1,34,1,"VAMY2",0.1,"L","","2025/10/21","True","1","50","166","0","","",""
"1390","2025/10/21","FPICO1T08:10","2003/08/13",10.5,1,35,1,"LITT1",0,"D","","2025/10/21","True","1","50","166","0","","",""
"1391","2025/10/21","FPICO1T08:10","2003/08/13",10.8,1,36,1,"VAMY2",0.1,"L","","2025/10/21","True","1","50","166","0","","",""
"1392","2025/10/21","FPICO1T08:10","2003/08/13",11.1,1,37,1,"VAMY2",0.2,"L","","2025/10/21","True","1","50","166","0","","",""
"1393","2025/10/21","FPICO1T08:10","2003/08/13",11.4,1,38,1,"VAMY2",0.2,"L","","2025/10/21","True","1","50","166","0","","",""
"1394","2025/10/21","FPICO1T08:10","2003/08/13",11.7,1,39,1,"VAMY2",0,"L","","2025/10/21","True","1","50","166","0","","",""
"1395","2025/10/21","FPICO1T08:10","2003/08/13",12,1,40,1,"LITT1",0,"D","","2025/10/21","True","1","50","166","0","","",""
"1396","2025/10/21","FPICO1T08:10","2003/08/13",12.3,1,41,1,"VAMY2",0.1,"L","","2025/10/21","True","1","50","166","0","","",""
"1397","2025/10/21","FPICO1T08:10","2003/08/13",12.6,1,42,1,"VAMY2",0.1,"L","","2025/10/21","True","1","50","166","0","","",""
"1398","2025/10/21","FPICO1T08:10","2003/08/13",12.9,1,43,1,"VAMY2",0.2,"L","","2025/10/21","True","1","50","166","0","","",""
"1399","2025/10/21","FPICO1T08:10","2003/08/13",13.2,1,44,1,"VAMY2",0.1,"L","","2025/10/21","True","1","50","166","0","","",""
"1400","2025/10/21","FPICO1T08:10","2003/08/13",13.5,1,45,1,"VAMY2",0.2,"L","","2025/10/21","True","1","50","166","0","","",""
"1401","2025/10/21","FPICO1T08:10","2003/08/13",13.8,1,46,1,"VAMY2",0.1,"L","","2025/10/21","True","1","50","166","0","","",""
"1402","2025/10/21","FPICO1T08:10","2003/08/13",14.1,1,47,1,"BREN",0,"L","","2025/10/21","True","1","50","166","0","","",""
"1403","2025/10/21","FPICO1T08:10","2003/08/13",14.4,1,48,1,"VAMY2",0.1,"L","","2025/10/21","True","1","50","166","0","","",""
"1404","2025/10/21","FPICO1T08:10","2003/08/13",14.7,1,49,1,"VAMY2",0.2,"L","","2025/10/21","True","1","50","166","0","","",""
"1405","2025/10/21","FPICO1T08:10","2003/08/13",15,1,50,1,"VAMY2",0.1,"L","","2025/10/21","True","1","50","166","0","","",""
"1406","2025/10/21","FPICO1T08:10","2003/08/13",15.3,1,51,1,"VAMY2",0.1,"L","","2025/10/21","True","1","50","166","0","","",""
"1407","2025/10/21","FPICO1T08:10","2003/08/13",15.6,1,52,1,"LITT1",0,"D","","2025/10/21","True","1","50","166","0","","",""
"1408","2025/10/21","FPICO1T08:10","2003/08/13",15.9,1,53,1,"BARE1",0,"D","","2025/10/21","True","1","50","166","0","","",""
"1409","2025/10/21","FPICO1T08:10","2003/08/13",16.2,1,54,1,"LITT1",0,"D","","2025/10/21","True","1","50","166","0","","",""
"1410","2025/10/21","FPICO1T08:10","2003/08/13",16.5,1,55,1,"LITT1",0,"D","","2025/10/21","True","1","50","166","0","","",""
"1411","2025/10/21","FPICO1T08:10","2003/08/13",16.8,1,56,1,"ROCK1",0,"D","","2025/10/21","True","1","50","166","0","","",""
"1412","2025/10/21","FPICO1T08:10","2003/08/13",17.1,1,57,1,"LITT1",0,"D","","2025/10/21","True","1","50","166","0","","",""
"1413","2025/10/21","FPICO1T08:10","2003/08/13",17.4,1,58,1,"LITT1",0,"D","","2025/10/21","True","1","50","166","0","","",""
"1414","2025/10/21","FPICO1T08:10","2003/08/13",17.7,1,59,1,"LITT1",0,"D","","2025/10/21","True","1","50","166","0","","",""
"1415","2025/10/21","FPICO1T08:10","2003/08/13",18,1,60,1,"LITT1",0,"D","","2025/10/21","True","1","50","166","0","","",""
"1416","2025/10/21","FPICO1T08:10","2003/08/13",18.3,1,61,1,"CAREX",0.2,"L","","2025/10/21","True","1","50","166","0","","",""
"1417","2025/10/21","FPICO1T08:10","2003/08/13",18.6,1,62,1,"CAREX",0.3,"L","","2025/10/21","True","1","50","166","0","","",""
"1418","2025/10/21","FPICO1T08:10","2003/08/13",18.9,1,63,1,"MARE11",0.2,"L","","2025/10/21","True","1","50","166","0","","",""
"1419","2025/10/21","FPICO1T08:10","2003/08/13",18.9,1,63,2,"CAREX",0,"L","","2025/10/21","True","1","50","166","0","","",""
"1420","2025/10/21","FPICO1T08:10","2003/08/13",19.2,1,64,1,"CAREX",0.2,"L","","2025/10/21","True","1","50","166","0","","",""
"1421","2025/10/21","FPICO1T08:10","2003/08/13",19.5,1,65,1,"CAREX",0.2,"L","","2025/10/21","True","1","50","166","0","","",""
"1422","2025/10/21","FPICO1T08:10","2003/08/13",19.8,1,66,1,"SALIX",0.1,"L","","2025/10/21","True","1","50","166","0","","",""
"1423","2025/10/21","FPICO1T08:10","2003/08/13",20.1,1,67,1,"CAREX",0.2,"L","","2025/10/21","True","1","50","166","0","","",""
"1424","2025/10/21","FPICO1T08:10","2003/08/13",20.4,1,68,1,"VAMY2",0.1,"L","","2025/10/21","True","1","50","166","0","","",""
"1425","2025/10/21","FPICO1T08:10","2003/08/13",20.7,1,69,1,"LITT1",0,"D","","2025/10/21","True","1","50","166","0","","",""
"1426","2025/10/21","FPICO1T08:10","2003/08/13",21,1,70,1,"JUCO6",0.3,"L","","2025/10/21","True","1","50","166","0","","",""
"1427","2025/10/21","FPICO1T08:10","2003/08/13",21,1,70,2,"MARE11",0,"L","","2025/10/21","True","1","50","166","0","","",""
"1428","2025/10/21","FPICO1T08:10","2003/08/13",21.3,1,71,1,"VAMY2",0.2,"L","","2025/10/21","True","1","50","166","0","","",""
"1429","2025/10/21","FPICO1T08:10","2003/08/13",21.6,1,72,1,"LITT1",0,"D","","2025/10/21","True","1","50","166","0","","",""
"1430","2025/10/21","FPICO1T08:10","2003/08/13",21.9,1,73,1,"WOOD1",0,"D","","2025/10/21","True","1","50","166","0","","",""
"1431","2025/10/21","FPICO1T08:10","2003/08/13",22.2,1,74,1,"LITT1",0,"D","","2025/10/21","True","1","50","166","0","","",""
"1432","2025/10/21","FPICO1T08:10","2003/08/13",22.5,1,75,1,"JUCO6",0.2,"L","","2025/10/21","True","1","50","166","0","","",""
"1433","2025/10/21","FPICO1T08:10","2003/08/13",22.5,1,75,2,"VAMY2",0,"L","","2025/10/21","True","1","50","166","0","","",""
"1434","2025/10/21","FPICO1T08:10","2003/08/13",22.8,1,76,1,"JUCO6",0.3,"L","","2025/10/21","True","1","50","166","0","","",""
"1435","2025/10/21","FPICO1T08:10","2003/08/13",22.8,1,76,2,"VAMY2",0,"L","","2025/10/21","True","1","50","166","0","","",""
"1436","2025/10/21","FPICO1T08:10","2003/08/13",23.1,1,77,1,"WOOD1",0,"D","","2025/10/21","True","1","50","166","0","","",""
"1437","2025/10/21","FPICO1T08:10","2003/08/13",23.4,1,78,1,"VAMY2",0.2,"L","","2025/10/21","True","1","50","166","0","","",""
"1438","2025/10/21","FPICO1T08:10","2003/08/13",23.7,1,79,1,"JUCO6",0.4,"L","","2025/10/21","True","1","50","166","0","","",""
"1439","2025/10/21","FPICO1T08:10","2003/08/13",23.7,1,79,2,"ROWO",0,"L","","2025/10/21","True","1","50","166","0","","",""
"1440","2025/10/21","FPICO1T08:10","2003/08/13",24,1,80,1,"JUCO6",0.4,"L","","2025/10/21","True","1","50","166","0","","",""
"1441","2025/10/21","FPICO1T08:10","2003/08/13",24,1,80,2,"VAMY2",0,"L","","2025/10/21","True","1","50","166","0","","",""
"1442","2025/10/21","FPICO1T08:10","2003/08/13",24.3,1,81,1,"RILA",0.3,"L","","2025/10/21","True","1","50","166","0","","",""
"1443","2025/10/21","FPICO1T08:10","2003/08/13",24.3,1,81,2,"VAMY2",0,"L","","2025/10/21","True","1","50","166","0","","",""
"1444","2025/10/21","FPICO1T08:10","2003/08/13",24.6,1,82,1,"VAMY2",0.1,"L","","2025/10/21","True","1","50","166","0","","",""
"1445","2025/10/21","FPICO1T08:10","2003/08/13",24.9,1,83,1,"VAMY2",0.1,"L","","2025/10/21","True","1","50","166","0","","",""
"1446","2025/10/21","FPICO1T08:10","2003/08/13",25.2,1,84,1,"VAMY2",0.1,"L","","2025/10/21","True","1","50","166","0","","",""
"1447","2025/10/21","FPICO1T08:10","2003/08/13",25.5,1,85,1,"VAMY2",0.2,"L","","2025/10/21","True","1","50","166","0","","",""
"1448","2025/10/21","FPICO1T08:10","2003/08/13",25.8,1,86,1,"VAMY2",0.2,"L","","2025/10/21","True","1","50","166","0","","",""
"1449","2025/10/21","FPICO1T08:10","2003/08/13",26.1,1,87,1,"LITT1",0,"D","","2025/10/21","True","1","50","166","0","","",""
"1450","2025/10/21","FPICO1T08:10","2003/08/13",26.4,1,88,1,"VAMY2",0.2,"L","","2025/10/21","True","1","50","166","0","","",""
"1451","2025/10/21","FPICO1T08:10","2003/08/13",26.7,1,89,1,"VAMY2",0.1,"L","","2025/10/21","True","1","50","166","0","","",""
"1452","2025/10/21","FPICO1T08:10","2003/08/13",27,1,90,1,"BRPO2",0.1,"L","","2025/10/21","True","1","50","166","0","","",""
"1453","2025/10/21","FPICO1T08:10","2003/08/13",27.3,1,91,1,"VAMY2",0.1,"L","","2025/10/21","True","1","50","166","0","","",""
"1454","2025/10/21","FPICO1T08:10","2003/08/13",27.6,1,92,1,"VAMY2",0.1,"L","","2025/10/21","True","1","50","166","0","","",""
"1455","2025/10/21","FPICO1T08:10","2003/08/13",27.9,1,93,1,"LITT1",0,"D","","2025/10/21","True","1","50","166","0","","",""
"1456","2025/10/21","FPICO1T08:10","2003/08/13",28.2,1,94,1,"VAMY2",0.2,"L","","2025/10/21","True","1","50","166","0","","",""
"1457","2025/10/21","FPICO1T08:10","2003/08/13",28.5,1,95,1,"VAMY2",0.2,"L","","2025/10/21","True","1","50","166","0","","",""
"1458","2025/10/21","FPICO1T08:10","2003/08/13",28.8,1,96,1,"LITT1",0,"D","","2025/10/21","True","1","50","166","0","","",""
"1459","2025/10/21","FPICO1T08:10","2003/08/13",29.1,1,97,1,"ARCO9",0.1,"L","","2025/10/21","True","1","50","166","0","","",""
"1460","2025/10/21","FPICO1T08:10","2003/08/13",29.1,1,97,2,"VAMY2",0,"L","","2025/10/21","True","1","50","166","0","","",""
"1461","2025/10/21","FPICO1T08:10","2003/08/13",29.4,1,98,1,"ROCK1",0,"D","","2025/10/21","True","1","50","166","0","","",""
"1462","2025/10/21","FPICO1T08:10","2003/08/13",29.7,1,99,1,"VAMY2",0.1,"L","","2025/10/21","True","1","50","166","0","","",""
"1463","2025/10/21","FPICO1T08:10","2003/08/13",30,1,100,1,"LITT1",0,"D","","2025/10/21","True","1","50","166","0","","",""
"1464","2025/10/21","FPICO1T08:10","2003/08/13",30.3,1,101,1,"VAMY2",0.1,"L","","2025/10/21","True","1","50","166","0","","",""
"1465","2025/10/21","FPICO1T08:10","2003/08/13",30.6,1,102,1,"VAMY2",0.2,"L","","2025/10/21","True","1","50","166","0","","",""
"1466","2025/10/21","FPICO1T08:10","2003/08/13",30.9,1,103,1,"VAMY2",0.1,"L","","2025/10/21","True","1","50","166","0","","",""
"1467","2025/10/21","FPICO1T08:10","2003/08/13",31.2,1,104,1,"LITT1",0,"D","","2025/10/21","True","1","50","166","0","","",""
"1468","2025/10/21","FPICO1T08:10","2003/08/13",31.5,1,105,1,"VAMY2",0.1,"L","","2025/10/21","True","1","50","166","0","","",""
"1469","2025/10/21","FPICO1T08:10","2003/08/13",31.8,1,106,1,"LITT1",0,"D","","2025/10/21","True","1","50","166","0","","",""
"1470","2025/10/21","FPICO1T08:10","2003/08/13",32.1,1,107,1,"VAMY2",0.2,"L","","2025/10/21","True","1","50","166","0","","",""
"1471","2025/10/21","FPICO1T08:10","2003/08/13",32.4,1,108,1,"LITT1",0,"D","","2025/10/21","True","1","50","166","0","","",""
"1472","2025/10/21","FPICO1T08:10","2003/08/13",32.7,1,109,1,"VAMY2",0.1,"L","","2025/10/21","True","1","50","166","0","","",""
"1473","2025/10/21","FPICO1T08:10","2003/08/13",33,1,110,1,"LITT1",0,"D","","2025/10/21","True","1","50","166","0","","",""
"1474","2025/10/21","FPICO1T08:10","2003/08/13",33.3,1,111,1,"VAMY2",0.1,"L","","2025/10/21","True","1","50","166","0","","",""
"1475","2025/10/21","FPICO1T08:10","2003/08/13",33.6,1,112,1,"LITT1",0,"D","","2025/10/21","True","1","50","166","0","","",""
"1476","2025/10/21","FPICO1T08:10","2003/08/13",33.9,1,113,1,"VAMY2",0.1,"L","","2025/10/21","True","1","50","166","0","","",""
"1477","2025/10/21","FPICO1T08:10","2003/08/13",34.2,1,114,1,"VAMY2",0.1,"L","","2025/10/21","True","1","50","166","0","","",""
"1478","2025/10/21","FPICO1T08:10","2003/08/13",34.5,1,115,1,"VAMY2",0.1,"L","","2025/10/21","True","1","50","166","0","","",""
"1479","2025/10/21","FPICO1T08:10","2003/08/13",34.8,1,116,1,"VAMY2",0.1,"L","","2025/10/21","True","1","50","166","0","","",""
"1480","2025/10/21","FPICO1T08:10","2003/08/13",35.1,1,117,1,"VAMY2",0.3,"L","","2025/10/21","True","1","50","166","0","","",""
"1481","2025/10/21","FPICO1T08:10","2003/08/13",35.4,1,118,1,"VAMY2",0.3,"L","","2025/10/21","True","1","50","166","0","","",""
"1482","2025/10/21","FPICO1T08:10","2003/08/13",35.7,1,119,1,"VAMY2",0.2,"L","","2025/10/21","True","1","50","166","0","","",""
"1483","2025/10/21","FPICO1T08:10","2003/08/13",36,1,120,1,"LITT1",0,"D","","2025/10/21","True","1","50","166","0","","",""
"1484","2025/10/21","FPICO1T08:10","2003/08/13",36.3,1,121,1,"VAMY2",0.1,"L","","2025/10/21","True","1","50","166","0","","",""
"1485","2025/10/21","FPICO1T08:10","2003/08/13",36.6,1,122,1,"VAMY2",0.1,"L","","2025/10/21","True","1","50","166","0","","",""
"1486","2025/10/21","FPICO1T08:10","2003/08/13",36.9,1,123,1,"LITT1",0,"D","","2025/10/21","True","1","50","166","0","","",""
"1487","2025/10/21","FPICO1T08:10","2003/08/13",37.2,1,124,1,"CAREX",0.2,"L","","2025/10/21","True","1","50","166","0","","",""
"1488","2025/10/21","FPICO1T08:10","2003/08/13",37.2,1,124,2,"VAMY2",0,"L","","2025/10/21","True","1","50","166","0","","",""
"1489","2025/10/21","FPICO1T08:10","2003/08/13",37.5,1,125,1,"LITT1",0,"D","","2025/10/21","True","1","50","166","0","","",""
"1490","2025/10/21","FPICO1T08:10","2003/08/13",37.8,1,126,1,"CAREX",0.1,"L","","2025/10/21","True","1","50","166","0","","",""
"1491","2025/10/21","FPICO1T08:10","2003/08/13",38.1,1,127,1,"LITT1",0,"D","","2025/10/21","True","1","50","166","0","","",""
"1492","2025/10/21","FPICO1T08:10","2003/08/13",38.4,1,128,1,"LITT1",0,"D","","2025/10/21","True","1","50","166","0","","",""
"1493","2025/10/21","FPICO1T08:10","2003/08/13",38.7,1,129,1,"LITT1",0,"D","","2025/10/21","True","1","50","166","0","","",""
"1494","2025/10/21","FPICO1T08:10","2003/08/13",39,1,130,1,"VAMY2",0.2,"L","","2025/10/21","True","1","50","166","0","","",""
"1495","2025/10/21","FPICO1T08:10","2003/08/13",39.3,1,131,1,"LITT1",0,"D","","2025/10/21","True","1","50","166","0","","",""
"1496","2025/10/21","FPICO1T08:10","2003/08/13",39.6,1,132,1,"VAMY2",0.1,"L","","2025/10/21","True","1","50","166","0","","",""
"1497","2025/10/21","FPICO1T08:10","2003/08/13",39.9,1,133,1,"LITT1",0,"D","","2025/10/21","True","1","50","166","0","","",""
"1498","2025/10/21","FPICO1T08:10","2003/08/13",40.2,1,134,1,"BREN",0,"L","","2025/10/21","True","1","50","166","0","","",""
"1499","2025/10/21","FPICO1T08:10","2003/08/13",40.5,1,135,1,"VAMY2",0.1,"L","","2025/10/21","True","1","50","166","0","","",""
"1500","2025/10/21","FPICO1T08:10","2003/08/13",40.8,1,136,1,"BREN",0,"L","","2025/10/21","True","1","50","166","0","","",""
"1501","2025/10/21","FPICO1T08:10","2003/08/13",41.1,1,137,1,"VAMY2",0.1,"L","","2025/10/21","True","1","50","166","0","","",""
"1502","2025/10/21","FPICO1T08:10","2003/08/13",41.4,1,138,1,"LITT1",0,"D","","2025/10/21","True","1","50","166","0","","",""
"1503","2025/10/21","FPICO1T08:10","2003/08/13",41.7,1,139,1,"ROCK1",0,"D","","2025/10/21","True","1","50","166","0","","",""
"1504","2025/10/21","FPICO1T08:10","2003/08/13",42,1,140,1,"ROWO",0.1,"L","","2025/10/21","True","1","50","166","0","","",""
"1505","2025/10/21","FPICO1T08:10","2003/08/13",42.3,1,141,1,"LITT1",0,"D","","2025/10/21","True","1","50","166","0","","",""
"1506","2025/10/21","FPICO1T08:10","2003/08/13",42.6,1,142,1,"LITT1",0,"D","","2025/10/21","True","1","50","166","0","","",""
"1507","2025/10/21","FPICO1T08:10","2003/08/13",42.9,1,143,1,"LITT1",0,"D","","2025/10/21","True","1","50","166","0","","",""
"1508","2025/10/21","FPICO1T08:10","2003/08/13",43.2,1,144,1,"LITT1",0,"D","","2025/10/21","True","1","50","166","0","","",""
"1509","2025/10/21","FPICO1T08:10","2003/08/13",43.5,1,145,1,"LITT1",0,"D","","2025/10/21","True","1","50","166","0","","",""
"1510","2025/10/21","FPICO1T08:10","2003/08/13",43.8,1,146,1,"BARE1",0,"D","","2025/10/21","True","1","50","166","0","","",""
"1511","2025/10/21","FPICO1T08:10","2003/08/13",44.1,1,147,1,"CAREX",0.1,"L","","2025/10/21","True","1","50","166","0","","",""
"1512","2025/10/21","FPICO1T08:10","2003/08/13",44.4,1,148,1,"LITT1",0,"D","","2025/10/21","True","1","50","166","0","","",""
"1513","2025/10/21","FPICO1T08:10","2003/08/13",44.7,1,149,1,"LITT1",0,"D","","2025/10/21","True","1","50","166","0","","",""
"1514","2025/10/21","FPICO1T08:10","2003/08/13",45,1,150,1,"LITT1",0,"D","","2025/10/21","True","1","50","166","0","","",""
"1515","2025/10/21","FPICO1T08:10","2003/08/13",45.3,1,151,1,"LITT1",0,"D","","2025/10/21","True","1","50","166","0","","",""
"1516","2025/10/21","FPICO1T08:10","2003/08/13",45.6,1,152,1,"LITT1",0,"D","","2025/10/21","True","1","50","166","0","","",""
"1517","2025/10/21","FPICO1T08:10","2003/08/13",45.9,1,153,1,"LITT1",0,"D","","2025/10/21","True","1","50","166","0","","",""
"1518","2025/10/21","FPICO1T08:10","2003/08/13",46.2,1,154,1,"LITT1",0,"D","","2025/10/21","True","1","50","166","0","","",""
"1519","2025/10/21","FPICO1T08:10","2003/08/13",46.5,1,155,1,"LITT1",0,"D","","2025/10/21","True","1","50","166","0","","",""
"1520","2025/10/21","FPICO1T08:10","2003/08/13",46.8,1,156,1,"VAMY2",0.1,"L","","2025/10/21","True","1","50","166","0","","",""
"1521","2025/10/21","FPICO1T08:10","2003/08/13",46.8,1,156,2,"CAREX",0,"L","","2025/10/21","True","1","50","166","0","","",""
"1522","2025/10/21","FPICO1T08:10","2003/08/13",47.1,1,157,1,"CAREX",0.1,"L","","2025/10/21","True","1","50","166","0","","",""
"1523","2025/10/21","FPICO1T08:10","2003/08/13",47.4,1,158,1,"CAREX",0.2,"L","","2025/10/21","True","1","50","166","0","","",""
"1524","2025/10/21","FPICO1T08:10","2003/08/13",47.7,1,159,1,"CAREX",0.2,"L","","2025/10/21","True","1","50","166","0","","",""
"1525","2025/10/21","FPICO1T08:10","2003/08/13",48,1,160,1,"LITT1",0,"D","","2025/10/21","True","1","50","166","0","","",""
"1526","2025/10/21","FPICO1T08:10","2003/08/13",48.3,1,161,1,"CAREX",0.1,"L","","2025/10/21","True","1","50","166","0","","",""
"1527","2025/10/21","FPICO1T08:10","2003/08/13",48.6,1,162,1,"WOOD1",0,"D","","2025/10/21","True","1","50","166","0","","",""
"1528","2025/10/21","FPICO1T08:10","2003/08/13",48.9,1,163,1,"VAMY2",0.1,"L","","2025/10/21","True","1","50","166","0","","",""
"1529","2025/10/21","FPICO1T08:10","2003/08/13",49.2,1,164,1,"VAMY2",0.2,"L","","2025/10/21","True","1","50","166","0","","",""
"1530","2025/10/21","FPICO1T08:10","2003/08/13",49.2,1,164,2,"CAREX",0,"L","","2025/10/21","True","1","50","166","0","","",""
"1531","2025/10/21","FPICO1T08:10","2003/08/13",49.5,1,165,1,"CAREX",0.2,"L","","2025/10/21","True","1","50","166","0","","",""
"1532","2025/10/21","FPICO1T08:10","2003/08/13",49.8,1,166,1,"LITT1",0,"D","","2025/10/21","True","1","50","166","0","","",""
"1533","2025/10/21","FPICO1T08:11","2001/09/14",0.3,1,1,1,"LITT1",0,"D","","2025/10/21","True","1","50","166","0","","",""
"1534","2025/10/21","FPICO1T08:11","2001/09/14",0.6,1,2,1,"LITT1",0,"D","","2025/10/21","True","1","50","166","0","","",""
"1535","2025/10/21","FPICO1T08:11","2001/09/14",0.9,1,3,1,"LITT1",0,"D","","2025/10/21","True","1","50","166","0","","",""
"1536","2025/10/21","FPICO1T08:11","2001/09/14",1.2,1,4,1,"LITT1",0,"D","","2025/10/21","True","1","50","166","0","","",""
"1537","2025/10/21","FPICO1T08:11","2001/09/14",1.5,1,5,1,"LIBO3",0.1,"L","","2025/10/21","True","1","50","166","0","","",""
"1538","2025/10/21","FPICO1T08:11","2001/09/14",1.8,1,6,1,"LITT1",0,"D","","2025/10/21","True","1","50","166","0","","",""
"1539","2025/10/21","FPICO1T08:11","2001/09/14",2.1,1,7,1,"LITT1",0,"D","","2025/10/21","True","1","50","166","0","","",""
"1540","2025/10/21","FPICO1T08:11","2001/09/14",2.4,1,8,1,"LITT1",0,"D","","2025/10/21","True","1","50","166","0","","",""
"1541","2025/10/21","FPICO1T08:11","2001/09/14",2.7,1,9,1,"LITT1",0,"D","","2025/10/21","True","1","50","166","0","","",""
"1542","2025/10/21","FPICO1T08:11","2001/09/14",3,1,10,1,"WOOD1",0,"D","","2025/10/21","True","1","50","166","0","","",""
"1543","2025/10/21","FPICO1T08:11","2001/09/14",3.3,1,11,1,"LITT1",0,"D","","2025/10/21","True","1","50","166","0","","",""
"1544","2025/10/21","FPICO1T08:11","2001/09/14",3.6,1,12,1,"LITT1",0,"D","","2025/10/21","True","1","50","166","0","","",""
"1545","2025/10/21","FPICO1T08:11","2001/09/14",3.9,1,13,1,"LITT1",0,"D","","2025/10/21","True","1","50","166","0","","",""
"1546","2025/10/21","FPICO1T08:11","2001/09/14",4.2,1,14,1,"VASC",0.1,"L","","2025/10/21","True","1","50","166","0","","",""
"1547","2025/10/21","FPICO1T08:11","2001/09/14",4.5,1,15,1,"VASC",0.2,"L","","2025/10/21","True","1","50","166","0","","",""
"1548","2025/10/21","FPICO1T08:11","2001/09/14",4.8,1,16,1,"LITT1",0,"D","","2025/10/21","True","1","50","166","0","","",""
"1549","2025/10/21","FPICO1T08:11","2001/09/14",5.1,1,17,1,"LITT1",0,"D","","2025/10/21","True","1","50","166","0","","",""
"1550","2025/10/21","FPICO1T08:11","2001/09/14",5.4,1,18,1,"ABLAL",1.5,"L","","2025/10/21","True","1","50","166","0","","",""
"1551","2025/10/21","FPICO1T08:11","2001/09/14",5.7,1,19,1,"ABLAL",1.5,"L","","2025/10/21","True","1","50","166","0","","",""
"1552","2025/10/21","FPICO1T08:11","2001/09/14",6,1,20,1,"ABLAL",1,"L","","2025/10/21","True","1","50","166","0","","",""
"1553","2025/10/21","FPICO1T08:11","2001/09/14",6.3,1,21,1,"ROWO",0.2,"L","","2025/10/21","True","1","50","166","0","","",""
"1554","2025/10/21","FPICO1T08:11","2001/09/14",6.6,1,22,1,"ROWO",0.1,"L","","2025/10/21","True","1","50","166","0","","",""
"1555","2025/10/21","FPICO1T08:11","2001/09/14",6.9,1,23,1,"ABLAL",1.4,"L","","2025/10/21","True","1","50","166","0","","",""
"1556","2025/10/21","FPICO1T08:11","2001/09/14",7.2,1,24,1,"ABLAL",0.3,"L","","2025/10/21","True","1","50","166","0","","",""
"1557","2025/10/21","FPICO1T08:11","2001/09/14",7.5,1,25,1,"ABLAL",0.2,"L","","2025/10/21","True","1","50","166","0","","",""
"1558","2025/10/21","FPICO1T08:11","2001/09/14",7.8,1,26,1,"ABLAL",0.2,"L","","2025/10/21","True","1","50","166","0","","",""
"1559","2025/10/21","FPICO1T08:11","2001/09/14",8.1,1,27,1,"PIEN",1.7,"L","","2025/10/21","True","1","50","166","0","","",""
"1560","2025/10/21","FPICO1T08:11","2001/09/14",8.4,1,28,1,"ORAS",0.1,"L","","2025/10/21","True","1","50","166","0","","",""
"1561","2025/10/21","FPICO1T08:11","2001/09/14",8.7,1,29,1,"PIEN",0.6,"L","","2025/10/21","True","1","50","166","0","","",""
"1562","2025/10/21","FPICO1T08:11","2001/09/14",8.7,1,29,2,"LIBO3",0,"L","","2025/10/21","True","1","50","166","0","","",""
"1563","2025/10/21","FPICO1T08:11","2001/09/14",9,1,30,1,"PIEN",1.2,"L","","2025/10/21","True","1","50","166","0","","",""
"1564","2025/10/21","FPICO1T08:11","2001/09/14",9,1,30,2,"LIBO3",0,"L","","2025/10/21","True","1","50","166","0","","",""
"1565","2025/10/21","FPICO1T08:11","2001/09/14",9,1,30,3,"ORAS",0,"L","","2025/10/21","True","1","50","166","0","","",""
"1566","2025/10/21","FPICO1T08:11","2001/09/14",9.3,1,31,1,"LIBO3",0,"L","","2025/10/21","True","1","50","166","0","","",""
"1567","2025/10/21","FPICO1T08:11","2001/09/14",9.6,1,32,1,"ABLAL",0.2,"L","","2025/10/21","True","1","50","166","0","","",""
"1568","2025/10/21","FPICO1T08:11","2001/09/14",9.6,1,32,2,"LIBO3",0,"L","","2025/10/21","True","1","50","166","0","","",""
"1569","2025/10/21","FPICO1T08:11","2001/09/14",9.9,1,33,1,"FRVIG2",0,"L","","2025/10/21","True","1","50","166","0","","",""
"1570","2025/10/21","FPICO1T08:11","2001/09/14",10.2,1,34,1,"PIEN",0.4,"L","","2025/10/21","True","1","50","166","0","","",""
"1571","2025/10/21","FPICO1T08:11","2001/09/14",10.2,1,34,2,"LIBO3",0,"L","","2025/10/21","True","1","50","166","0","","",""
"1572","2025/10/21","FPICO1T08:11","2001/09/14",10.5,1,35,1,"LIBO3",0,"L","","2025/10/21","True","1","50","166","0","","",""
"1573","2025/10/21","FPICO1T08:11","2001/09/14",10.8,1,36,1,"LITT1",0,"D","","2025/10/21","True","1","50","166","0","","",""
"1574","2025/10/21","FPICO1T08:11","2001/09/14",11.1,1,37,1,"LITT1",0,"D","","2025/10/21","True","1","50","166","0","","",""
"1575","2025/10/21","FPICO1T08:11","2001/09/14",11.4,1,38,1,"WOOD1",0,"D","","2025/10/21","True","1","50","166","0","","",""
"1576","2025/10/21","FPICO1T08:11","2001/09/14",11.7,1,39,1,"LIBO3",0,"L","","2025/10/21","True","1","50","166","0","","",""
"1577","2025/10/21","FPICO1T08:11","2001/09/14",12,1,40,1,"LITT1",0,"D","","2025/10/21","True","1","50","166","0","","",""
"1578","2025/10/21","FPICO1T08:11","2001/09/14",12.3,1,41,1,"WOOD1",0,"D","","2025/10/21","True","1","50","166","0","","",""
"1579","2025/10/21","FPICO1T08:11","2001/09/14",12.6,1,42,1,"WOOD1",0,"D","","2025/10/21","True","1","50","166","0","","",""
"1580","2025/10/21","FPICO1T08:11","2001/09/14",12.9,1,43,1,"LITT1",0,"D","","2025/10/21","True","1","50","166","0","","",""
"1581","2025/10/21","FPICO1T08:11","2001/09/14",13.2,1,44,1,"WOOD1",0,"D","","2025/10/21","True","1","50","166","0","","",""
"1582","2025/10/21","FPICO1T08:11","2001/09/14",13.5,1,45,1,"LITT1",0,"D","","2025/10/21","True","1","50","166","0","","",""
"1583","2025/10/21","FPICO1T08:11","2001/09/14",13.8,1,46,1,"WOOD1",0,"D","","2025/10/21","True","1","50","166","0","","",""
"1584","2025/10/21","FPICO1T08:11","2001/09/14",14.1,1,47,1,"WOOD1",0,"D","","2025/10/21","True","1","50","166","0","","",""
"1585","2025/10/21","FPICO1T08:11","2001/09/14",14.4,1,48,1,"LITT1",0,"D","","2025/10/21","True","1","50","166","0","","",""
"1586","2025/10/21","FPICO1T08:11","2001/09/14",14.7,1,49,1,"LITT1",0,"D","","2025/10/21","True","1","50","166","0","","",""
"1587","2025/10/21","FPICO1T08:11","2001/09/14",15,1,50,1,"VASC",0.2,"L","","2025/10/21","True","1","50","166","0","","",""
"1588","2025/10/21","FPICO1T08:11","2001/09/14",15.3,1,51,1,"LITT1",0,"D","","2025/10/21","True","1","50","166","0","","",""
"1589","2025/10/21","FPICO1T08:11","2001/09/14",15.6,1,52,1,"LITT1",0,"D","","2025/10/21","True","1","50","166","0","","",""
"1590","2025/10/21","FPICO1T08:11","2001/09/14",15.9,1,53,1,"LITT1",0,"D","","2025/10/21","True","1","50","166","0","","",""
"1591","2025/10/21","FPICO1T08:11","2001/09/14",16.2,1,54,1,"BREN",0,"L","","2025/10/21","True","1","50","166","0","","",""
"1592","2025/10/21","FPICO1T08:11","2001/09/14",16.5,1,55,1,"LITT1",0,"D","","2025/10/21","True","1","50","166","0","","",""
"1593","2025/10/21","FPICO1T08:11","2001/09/14",16.8,1,56,1,"PIEN",1,"L","","2025/10/21","True","1","50","166","0","","",""
"1594","2025/10/21","FPICO1T08:11","2001/09/14",17.1,1,57,1,"PIEN",1,"L","","2025/10/21","True","1","50","166","0","","",""
"1595","2025/10/21","FPICO1T08:11","2001/09/14",17.4,1,58,1,"PIEN",1,"L","","2025/10/21","True","1","50","166","0","","",""
"1596","2025/10/21","FPICO1T08:11","2001/09/14",17.7,1,59,1,"PIEN",0.3,"L","","2025/10/21","True","1","50","166","0","","",""
"1597","2025/10/21","FPICO1T08:11","2001/09/14",18,1,60,1,"PIEN",0.4,"L","","2025/10/21","True","1","50","166","0","","",""
"1598","2025/10/21","FPICO1T08:11","2001/09/14",18.3,1,61,1,"PIEN",0.3,"L","","2025/10/21","True","1","50","166","0","","",""
"1599","2025/10/21","FPICO1T08:11","2001/09/14",18.6,1,62,1,"WOOD1",0,"D","","2025/10/21","True","1","50","166","0","","",""
"1600","2025/10/21","FPICO1T08:11","2001/09/14",18.9,1,63,1,"LITT1",0,"D","","2025/10/21","True","1","50","166","0","","",""
"1601","2025/10/21","FPICO1T08:11","2001/09/14",19.2,1,64,1,"LITT1",0,"D","","2025/10/21","True","1","50","166","0","","",""
"1602","2025/10/21","FPICO1T08:11","2001/09/14",19.5,1,65,1,"LITT1",0,"D","","2025/10/21","True","1","50","166","0","","",""
"1603","2025/10/21","FPICO1T08:11","2001/09/14",19.8,1,66,1,"LITT1",0,"D","","2025/10/21","True","1","50","166","0","","",""
"1604","2025/10/21","FPICO1T08:11","2001/09/14",20.1,1,67,1,"LITT1",0,"D","","2025/10/21","True","1","50","166","0","","",""
"1605","2025/10/21","FPICO1T08:11","2001/09/14",20.4,1,68,1,"LITT1",0,"D","","2025/10/21","True","1","50","166","0","","",""
"1606","2025/10/21","FPICO1T08:11","2001/09/14",20.7,1,69,1,"LITT1",0,"D","","2025/10/21","True","1","50","166","0","","",""
"1607","2025/10/21","FPICO1T08:11","2001/09/14",21,1,70,1,"LITT1",0,"D","","2025/10/21","True","1","50","166","0","","",""
"1608","2025/10/21","FPICO1T08:11","2001/09/14",21.3,1,71,1,"ABLAL",0.6,"L","","2025/10/21","True","1","50","166","0","","",""
"1609","2025/10/21","FPICO1T08:11","2001/09/14",21.6,1,72,1,"ABLAL",0.6,"L","","2025/10/21","True","1","50","166","0","","",""
"1610","2025/10/21","FPICO1T08:11","2001/09/14",21.9,1,73,1,"ABLAL",0.6,"L","","2025/10/21","True","1","50","166","0","","",""
"1611","2025/10/21","FPICO1T08:11","2001/09/14",22.2,1,74,1,"ABLAL",0.6,"L","","2025/10/21","True","1","50","166","0","","",""
"1612","2025/10/21","FPICO1T08:11","2001/09/14",22.5,1,75,1,"ABLAL",0.6,"L","","2025/10/21","True","1","50","166","0","","",""
"1613","2025/10/21","FPICO1T08:11","2001/09/14",22.8,1,76,1,"ABLAL",0.4,"L","","2025/10/21","True","1","50","166","0","","",""
"1614","2025/10/21","FPICO1T08:11","2001/09/14",23.1,1,77,1,"ABLAL",0.4,"L","","2025/10/21","True","1","50","166","0","","",""
"1615","2025/10/21","FPICO1T08:11","2001/09/14",23.4,1,78,1,"BREN",0,"L","","2025/10/21","True","1","50","166","0","","",""
"1616","2025/10/21","FPICO1T08:11","2001/09/14",23.7,1,79,1,"ABLAL",1,"L","","2025/10/21","True","1","50","166","0","","",""
"1617","2025/10/21","FPICO1T08:11","2001/09/14",24,1,80,1,"ABLAL",1,"L","","2025/10/21","True","1","50","166","0","","",""
"1618","2025/10/21","FPICO1T08:11","2001/09/14",24.3,1,81,1,"ABLAL",1,"L","","2025/10/21","True","1","50","166","0","","",""
"1619","2025/10/21","FPICO1T08:11","2001/09/14",24.6,1,82,1,"BREN",0,"L","","2025/10/21","True","1","50","166","0","","",""
"1620","2025/10/21","FPICO1T08:11","2001/09/14",24.9,1,83,1,"LITT1",0,"D","","2025/10/21","True","1","50","166","0","","",""
"1621","2025/10/21","FPICO1T08:11","2001/09/14",25.2,1,84,1,"LITT1",0,"D","","2025/10/21","True","1","50","166","0","","",""
"1622","2025/10/21","FPICO1T08:11","2001/09/14",25.5,1,85,1,"LITT1",0,"D","","2025/10/21","True","1","50","166","0","","",""
"1623","2025/10/21","FPICO1T08:11","2001/09/14",25.8,1,86,1,"LITT1",0,"D","","2025/10/21","True","1","50","166","0","","",""
"1624","2025/10/21","FPICO1T08:11","2001/09/14",26.1,1,87,1,"LITT1",0,"D","","2025/10/21","True","1","50","166","0","","",""
"1625","2025/10/21","FPICO1T08:11","2001/09/14",26.4,1,88,1,"LITT1",0,"D","","2025/10/21","True","1","50","166","0","","",""
"1626","2025/10/21","FPICO1T08:11","2001/09/14",26.7,1,89,1,"LITT1",0,"D","","2025/10/21","True","1","50","166","0","","",""
"1627","2025/10/21","FPICO1T08:11","2001/09/14",27,1,90,1,"LITT1",0,"D","","2025/10/21","True","1","50","166","0","","",""
"1628","2025/10/21","FPICO1T08:11","2001/09/14",27.3,1,91,1,"LITT1",0,"D","","2025/10/21","True","1","50","166","0","","",""
"1629","2025/10/21","FPICO1T08:11","2001/09/14",27.6,1,92,1,"ABLAL",1.6,"L","","2025/10/21","True","1","50","166","0","","",""
"1630","2025/10/21","FPICO1T08:11","2001/09/14",27.6,1,92,2,"VASC",0,"L","","2025/10/21","True","1","50","166","0","","",""
"1631","2025/10/21","FPICO1T08:11","2001/09/14",27.9,1,93,1,"VASC",0.1,"L","","2025/10/21","True","1","50","166","0","","",""
"1632","2025/10/21","FPICO1T08:11","2001/09/14",28.2,1,94,1,"VASC",0.1,"L","","2025/10/21","True","1","50","166","0","","",""
"1633","2025/10/21","FPICO1T08:11","2001/09/14",28.5,1,95,1,"LITT1",0,"D","","2025/10/21","True","1","50","166","0","","",""
"1634","2025/10/21","FPICO1T08:11","2001/09/14",28.8,1,96,1,"VASC",0.1,"L","","2025/10/21","True","1","50","166","0","","",""
"1635","2025/10/21","FPICO1T08:11","2001/09/14",29.1,1,97,1,"VASC",0.2,"L","","2025/10/21","True","1","50","166","0","","",""
"1636","2025/10/21","FPICO1T08:11","2001/09/14",29.4,1,98,1,"VASC",0.2,"L","","2025/10/21","True","1","50","166","0","","",""
"1637","2025/10/21","FPICO1T08:11","2001/09/14",29.7,1,99,1,"VASC",0.2,"L","","2025/10/21","True","1","50","166","0","","",""
"1638","2025/10/21","FPICO1T08:11","2001/09/14",30,1,100,1,"WOOD1",0,"D","","2025/10/21","True","1","50","166","0","","",""
"1639","2025/10/21","FPICO1T08:11","2001/09/14",30.3,1,101,1,"VASC",0.2,"L","","2025/10/21","True","1","50","166","0","","",""
"1640","2025/10/21","FPICO1T08:11","2001/09/14",30.6,1,102,1,"VASC",0.2,"L","","2025/10/21","True","1","50","166","0","","",""
"1641","2025/10/21","FPICO1T08:11","2001/09/14",30.9,1,103,1,"LITT1",0,"D","","2025/10/21","True","1","50","166","0","","",""
"1642","2025/10/21","FPICO1T08:11","2001/09/14",31.2,1,104,1,"VASC",0.2,"L","","2025/10/21","True","1","50","166","0","","",""
"1643","2025/10/21","FPICO1T08:11","2001/09/14",31.5,1,105,1,"BREN",0,"L","","2025/10/21","True","1","50","166","0","","",""
"1644","2025/10/21","FPICO1T08:11","2001/09/14",31.8,1,106,1,"VASC",0.2,"L","","2025/10/21","True","1","50","166","0","","",""
"1645","2025/10/21","FPICO1T08:11","2001/09/14",32.1,1,107,1,"VASC",0.2,"L","","2025/10/21","True","1","50","166","0","","",""
"1646","2025/10/21","FPICO1T08:11","2001/09/14",32.4,1,108,1,"VASC",0.2,"L","","2025/10/21","True","1","50","166","0","","",""
"1647","2025/10/21","FPICO1T08:11","2001/09/14",32.7,1,109,1,"VASC",0.1,"L","","2025/10/21","True","1","50","166","0","","",""
"1648","2025/10/21","FPICO1T08:11","2001/09/14",33,1,110,1,"LITT1",0,"D","","2025/10/21","True","1","50","166","0","","",""
"1649","2025/10/21","FPICO1T08:11","2001/09/14",33.3,1,111,1,"BREN",0,"L","","2025/10/21","True","1","50","166","0","","",""
"1650","2025/10/21","FPICO1T08:11","2001/09/14",33.6,1,112,1,"LITT1",0,"D","","2025/10/21","True","1","50","166","0","","",""
"1651","2025/10/21","FPICO1T08:11","2001/09/14",33.9,1,113,1,"VASC",0.1,"L","","2025/10/21","True","1","50","166","0","","",""
"1652","2025/10/21","FPICO1T08:11","2001/09/14",34.2,1,114,1,"VASC",0.1,"L","","2025/10/21","True","1","50","166","0","","",""
"1653","2025/10/21","FPICO1T08:11","2001/09/14",34.5,1,115,1,"VASC",0.1,"L","","2025/10/21","True","1","50","166","0","","",""
"1654","2025/10/21","FPICO1T08:11","2001/09/14",34.8,1,116,1,"WOOD1",0,"D","","2025/10/21","True","1","50","166","0","","",""
"1655","2025/10/21","FPICO1T08:11","2001/09/14",35.1,1,117,1,"LITT1",0,"D","","2025/10/21","True","1","50","166","0","","",""
"1656","2025/10/21","FPICO1T08:11","2001/09/14",35.4,1,118,1,"VASC",0.1,"L","","2025/10/21","True","1","50","166","0","","",""
"1657","2025/10/21","FPICO1T08:11","2001/09/14",35.7,1,119,1,"BREN",0,"L","","2025/10/21","True","1","50","166","0","","",""
"1658","2025/10/21","FPICO1T08:11","2001/09/14",36,1,120,1,"WOOD1",0,"D","","2025/10/21","True","1","50","166","0","","",""
"1659","2025/10/21","FPICO1T08:11","2001/09/14",36.3,1,121,1,"WOOD1",0,"D","","2025/10/21","True","1","50","166","0","","",""
"1660","2025/10/21","FPICO1T08:11","2001/09/14",36.6,1,122,1,"ROCK1",0,"D","","2025/10/21","True","1","50","166","0","","",""
"1661","2025/10/21","FPICO1T08:11","2001/09/14",36.9,1,123,1,"LITT1",0,"D","","2025/10/21","True","1","50","166","0","","",""
"1662","2025/10/21","FPICO1T08:11","2001/09/14",37.2,1,124,1,"ROCK1",0,"D","","2025/10/21","True","1","50","166","0","","",""
"1663","2025/10/21","FPICO1T08:11","2001/09/14",37.5,1,125,1,"LITT1",0,"D","","2025/10/21","True","1","50","166","0","","",""
"1664","2025/10/21","FPICO1T08:11","2001/09/14",37.8,1,126,1,"LITT1",0,"D","","2025/10/21","True","1","50","166","0","","",""
"1665","2025/10/21","FPICO1T08:11","2001/09/14",38.1,1,127,1,"BREN",0,"L","","2025/10/21","True","1","50","166","0","","",""
"1666","2025/10/21","FPICO1T08:11","2001/09/14",38.4,1,128,1,"BREN",0,"L","","2025/10/21","True","1","50","166","0","","",""
"1667","2025/10/21","FPICO1T08:11","2001/09/14",38.7,1,129,1,"LITT1",0,"D","","2025/10/21","True","1","50","166","0","","",""
"1668","2025/10/21","FPICO1T08:11","2001/09/14",39,1,130,1,"LITT1",0,"D","","2025/10/21","True","1","50","166","0","","",""
"1669","2025/10/21","FPICO1T08:11","2001/09/14",39.3,1,131,1,"LITT1",0,"D","","2025/10/21","True","1","50","166","0","","",""
"1670","2025/10/21","FPICO1T08:11","2001/09/14",39.6,1,132,1,"CAREX",0.1,"L","","2025/10/21","True","1","50","166","0","","",""
"1671","2025/10/21","FPICO1T08:11","2001/09/14",39.9,1,133,1,"PICO",0.4,"L","","2025/10/21","True","1","50","166","0","","",""
"1672","2025/10/21","FPICO1T08:11","2001/09/14",40.2,1,134,1,"MOSS1",0,"L","","2025/10/21","True","1","50","166","0","","",""
"1673","2025/10/21","FPICO1T08:11","2001/09/14",40.5,1,135,1,"WOOD1",0,"D","","2025/10/21","True","1","50","166","0","","",""
"1674","2025/10/21","FPICO1T08:11","2001/09/14",40.8,1,136,1,"BREN",0,"L","","2025/10/21","True","1","50","166","0","","",""
"1675","2025/10/21","FPICO1T08:11","2001/09/14",41.1,1,137,1,"VASC",0.1,"L","","2025/10/21","True","1","50","166","0","","",""
"1676","2025/10/21","FPICO1T08:11","2001/09/14",41.4,1,138,1,"PICO",0.5,"L","","2025/10/21","True","1","50","166","0","","",""
"1677","2025/10/21","FPICO1T08:11","2001/09/14",41.7,1,139,1,"PICO",0.3,"L","","2025/10/21","True","1","50","166","0","","",""
"1678","2025/10/21","FPICO1T08:11","2001/09/14",41.7,1,139,2,"VASC",0,"L","","2025/10/21","True","1","50","166","0","","",""
"1679","2025/10/21","FPICO1T08:11","2001/09/14",42,1,140,1,"PICO",0.5,"L","","2025/10/21","True","1","50","166","0","","",""
"1680","2025/10/21","FPICO1T08:11","2001/09/14",42.3,1,141,1,"PICO",1.3,"L","","2025/10/21","True","1","50","166","0","","",""
"1681","2025/10/21","FPICO1T08:11","2001/09/14",42.6,1,142,1,"WOOD1",0,"D","","2025/10/21","True","1","50","166","0","","",""
"1682","2025/10/21","FPICO1T08:11","2001/09/14",42.9,1,143,1,"LITT1",0,"D","","2025/10/21","True","1","50","166","0","","",""
"1683","2025/10/21","FPICO1T08:11","2001/09/14",43.2,1,144,1,"VASC",0.1,"L","","2025/10/21","True","1","50","166","0","","",""
"1684","2025/10/21","FPICO1T08:11","2001/09/14",43.5,1,145,1,"WOOD1",0,"D","","2025/10/21","True","1","50","166","0","","",""
"1685","2025/10/21","FPICO1T08:11","2001/09/14",43.8,1,146,1,"VASC",0.2,"L","","2025/10/21","True","1","50","166","0","","",""
"1686","2025/10/21","FPICO1T08:11","2001/09/14",44.1,1,147,1,"BREN",0,"L","","2025/10/21","True","1","50","166","0","","",""
"1687","2025/10/21","FPICO1T08:11","2001/09/14",44.4,1,148,1,"VASC",0.2,"L","","2025/10/21","True","1","50","166","0","","",""
"1688","2025/10/21","FPICO1T08:11","2001/09/14",44.7,1,149,1,"VASC",0.1,"L","","2025/10/21","True","1","50","166","0","","",""
"1689","2025/10/21","FPICO1T08:11","2001/09/14",45,1,150,1,"VASC",0.1,"L","","2025/10/21","True","1","50","166","0","","",""
"1690","2025/10/21","FPICO1T08:11","2001/09/14",45.3,1,151,1,"BREN",0,"L","","2025/10/21","True","1","50","166","0","","",""
"1691","2025/10/21","FPICO1T08:11","2001/09/14",45.6,1,152,1,"ROCK1",0,"D","","2025/10/21","True","1","50","166","0","","",""
"1692","2025/10/21","FPICO1T08:11","2001/09/14",45.9,1,153,1,"WOOD1",0,"D","","2025/10/21","True","1","50","166","0","","",""
"1693","2025/10/21","FPICO1T08:11","2001/09/14",46.2,1,154,1,"VASC",0.1,"L","","2025/10/21","True","1","50","166","0","","",""
"1694","2025/10/21","FPICO1T08:11","2001/09/14",46.5,1,155,1,"WOOD1",0,"D","","2025/10/21","True","1","50","166","0","","",""
"1695","2025/10/21","FPICO1T08:11","2001/09/14",46.8,1,156,1,"ABLAL",0.5,"L","","2025/10/21","True","1","50","166","0","","",""
"1696","2025/10/21","FPICO1T08:11","2001/09/14",47.1,1,157,1,"LITT1",0,"D","","2025/10/21","True","1","50","166","0","","",""
"1697","2025/10/21","FPICO1T08:11","2001/09/14",47.4,1,158,1,"VASC",0.1,"L","","2025/10/21","True","1","50","166","0","","",""
"1698","2025/10/21","FPICO1T08:11","2001/09/14",47.7,1,159,1,"LITT1",0,"D","","2025/10/21","True","1","50","166","0","","",""
"1699","2025/10/21","FPICO1T08:11","2001/09/14",48,1,160,1,"VASC",0.1,"L","","2025/10/21","True","1","50","166","0","","",""
"1700","2025/10/21","FPICO1T08:11","2001/09/14",48.3,1,161,1,"LITT1",0,"D","","2025/10/21","True","1","50","166","0","","",""
"1701","2025/10/21","FPICO1T08:11","2001/09/14",48.6,1,162,1,"VASC",0.1,"L","","2025/10/21","True","1","50","166","0","","",""
"1702","2025/10/21","FPICO1T08:11","2001/09/14",48.9,1,163,1,"VASC",0.1,"L","","2025/10/21","True","1","50","166","0","","",""
"1703","2025/10/21","FPICO1T08:11","2001/09/14",49.2,1,164,1,"VASC",0.1,"L","","2025/10/21","True","1","50","166","0","","",""
"1704","2025/10/21","FPICO1T08:11","2001/09/14",49.5,1,165,1,"WOOD1",0,"D","","2025/10/21","True","1","50","166","0","","",""
"1705","2025/10/21","FPICO1T08:11","2001/09/14",49.8,1,166,1,"WOOD1",0,"D","","2025/10/21","True","1","50","166","0","","",""
"1706","2025/10/21","FPICO1T08:12","1999/07/22",0.3,1,1,1,"LITT1",0,"D","","2025/10/21","True","1","50","166","0","","",""
"1707","2025/10/21","FPICO1T08:12","1999/07/22",0.6,1,2,1,"LITT1",0,"D","","2025/10/21","True","1","50","166","0","","",""
"1708","2025/10/21","FPICO1T08:12","1999/07/22",0.9,1,3,1,"LITT1",0,"D","","2025/10/21","True","1","50","166","0","","",""
"1709","2025/10/21","FPICO1T08:12","1999/07/22",1.2,1,4,1,"LITT1",0,"D","","2025/10/21","True","1","50","166","0","","",""
"1710","2025/10/21","FPICO1T08:12","1999/07/22",1.5,1,5,1,"LITT1",0,"L","","2025/10/21","True","1","50","166","0","","",""
"1711","2025/10/21","FPICO1T08:12","1999/07/22",1.8,1,6,1,"LITT1",0,"D","","2025/10/21","True","1","50","166","0","","",""
"1712","2025/10/21","FPICO1T08:12","1999/07/22",2.1,1,7,1,"WOOD1",0,"D","","2025/10/21","True","1","50","166","0","","",""
"1713","2025/10/21","FPICO1T08:12","1999/07/22",2.4,1,8,1,"LITT1",0,"D","","2025/10/21","True","1","50","166","0","","",""
"1714","2025/10/21","FPICO1T08:12","1999/07/22",2.7,1,9,1,"LITT1",0,"D","","2025/10/21","True","1","50","166","0","","",""
"1715","2025/10/21","FPICO1T08:12","1999/07/22",3,1,10,1,"LITT1",0,"D","","2025/10/21","True","1","50","166","0","","",""
"1716","2025/10/21","FPICO1T08:12","1999/07/22",3.3,1,11,1,"LITT1",0,"D","","2025/10/21","True","1","50","166","0","","",""
"1717","2025/10/21","FPICO1T08:12","1999/07/22",3.6,1,12,1,"LITT1",0,"D","","2025/10/21","True","1","50","166","0","","",""
"1718","2025/10/21","FPICO1T08:12","1999/07/22",3.9,1,13,1,"LITT1",0,"D","","2025/10/21","True","1","50","166","0","","",""
"1719","2025/10/21","FPICO1T08:12","1999/07/22",4.2,1,14,1,"LITT1",0,"D","","2025/10/21","True","1","50","166","0","","",""
"1720","2025/10/21","FPICO1T08:12","1999/07/22",4.5,1,15,1,"LITT1",0,"D","","2025/10/21","True","1","50","166","0","","",""
"1721","2025/10/21","FPICO1T08:12","1999/07/22",4.8,1,16,1,"LITT1",0,"D","","2025/10/21","True","1","50","166","0","","",""
"1722","2025/10/21","FPICO1T08:12","1999/07/22",5.1,1,17,1,"LITT1",0,"D","","2025/10/21","True","1","50","166","0","","",""
"1723","2025/10/21","FPICO1T08:12","1999/07/22",5.4,1,18,1,"VASC",0.1,"L","","2025/10/21","True","1","50","166","0","","",""
"1724","2025/10/21","FPICO1T08:12","1999/07/22",5.7,1,19,1,"VASC",0.1,"L","","2025/10/21","True","1","50","166","0","","",""
"1725","2025/10/21","FPICO1T08:12","1999/07/22",6,1,20,1,"LITT1",0,"D","","2025/10/21","True","1","50","166","0","","",""
"1726","2025/10/21","FPICO1T08:12","1999/07/22",6.3,1,21,1,"ROCK1",0,"D","","2025/10/21","True","1","50","166","0","","",""
"1727","2025/10/21","FPICO1T08:12","1999/07/22",6.6,1,22,1,"ROCK1",0,"D","","2025/10/21","True","1","50","166","0","","",""
"1728","2025/10/21","FPICO1T08:12","1999/07/22",6.9,1,23,1,"LITT1",0,"D","","2025/10/21","True","1","50","166","0","","",""
"1729","2025/10/21","FPICO1T08:12","1999/07/22",7.2,1,24,1,"LITT1",0,"D","","2025/10/21","True","1","50","166","0","","",""
"1730","2025/10/21","FPICO1T08:12","1999/07/22",7.5,1,25,1,"LITT1",0,"D","","2025/10/21","True","1","50","166","0","","",""
"1731","2025/10/21","FPICO1T08:12","1999/07/22",7.8,1,26,1,"LITT1",0,"D","","2025/10/21","True","1","50","166","0","","",""
"1732","2025/10/21","FPICO1T08:12","1999/07/22",8.1,1,27,1,"LITT1",0,"D","","2025/10/21","True","1","50","166","0","","",""
"1733","2025/10/21","FPICO1T08:12","1999/07/22",8.4,1,28,1,"DUFF",0,"D","","2025/10/21","True","1","50","166","0","","",""
"1734","2025/10/21","FPICO1T08:12","1999/07/22",8.7,1,29,1,"LITT1",0,"D","","2025/10/21","True","1","50","166","0","","",""
"1735","2025/10/21","FPICO1T08:12","1999/07/22",9,1,30,1,"LITT1",0,"D","","2025/10/21","True","1","50","166","0","","",""
"1736","2025/10/21","FPICO1T08:12","1999/07/22",9.3,1,31,1,"LITT1",0,"D","","2025/10/21","True","1","50","166","0","","",""
"1737","2025/10/21","FPICO1T08:12","1999/07/22",9.6,1,32,1,"LITT1",0,"D","","2025/10/21","True","1","50","166","0","","",""
"1738","2025/10/21","FPICO1T08:12","1999/07/22",9.9,1,33,1,"LITT1",0,"D","","2025/10/21","True","1","50","166","0","","",""
"1739","2025/10/21","FPICO1T08:12","1999/07/22",10.2,1,34,1,"LITT1",0,"D","","2025/10/21","True","1","50","166","0","","",""
"1740","2025/10/21","FPICO1T08:12","1999/07/22",10.5,1,35,1,"LITT1",0,"D","","2025/10/21","True","1","50","166","0","","",""
"1741","2025/10/21","FPICO1T08:12","1999/07/22",10.8,1,36,1,"LITT1",0,"D","","2025/10/21","True","1","50","166","0","","",""
"1742","2025/10/21","FPICO1T08:12","1999/07/22",11.1,1,37,1,"WOOD1",0,"D","","2025/10/21","True","1","50","166","0","","",""
"1743","2025/10/21","FPICO1T08:12","1999/07/22",11.4,1,38,1,"LITT1",0,"D","","2025/10/21","True","1","50","166","0","","",""
"1744","2025/10/21","FPICO1T08:12","1999/07/22",11.7,1,39,1,"LITT1",0,"D","","2025/10/21","True","1","50","166","0","","",""
"1745","2025/10/21","FPICO1T08:12","1999/07/22",12,1,40,1,"LITT1",0,"D","","2025/10/21","True","1","50","166","0","","",""
"1746","2025/10/21","FPICO1T08:12","1999/07/22",12.3,1,41,1,"LITT1",0,"D","","2025/10/21","True","1","50","166","0","","",""
"1747","2025/10/21","FPICO1T08:12","1999/07/22",12.6,1,42,1,"LITT1",0,"D","","2025/10/21","True","1","50","166","0","","",""
"1748","2025/10/21","FPICO1T08:12","1999/07/22",12.9,1,43,1,"WOOD1",0,"D","","2025/10/21","True","1","50","166","0","","",""
"1749","2025/10/21","FPICO1T08:12","1999/07/22",13.2,1,44,1,"WOOD1",0,"D","","2025/10/21","True","1","50","166","0","","",""
"1750","2025/10/21","FPICO1T08:12","1999/07/22",13.5,1,45,1,"WOOD1",0,"D","","2025/10/21","True","1","50","166","0","","",""
"1751","2025/10/21","FPICO1T08:12","1999/07/22",13.8,1,46,1,"WOOD1",0,"D","","2025/10/21","True","1","50","166","0","","",""
"1752","2025/10/21","FPICO1T08:12","1999/07/22",14.1,1,47,1,"WOOD1",0,"D","","2025/10/21","True","1","50","166","0","","",""
"1753","2025/10/21","FPICO1T08:12","1999/07/22",14.4,1,48,1,"WOOD1",0,"D","","2025/10/21","True","1","50","166","0","","",""
"1754","2025/10/21","FPICO1T08:12","1999/07/22",14.7,1,49,1,"WOOD1",0,"D","","2025/10/21","True","1","50","166","0","","",""
"1755","2025/10/21","FPICO1T08:12","1999/07/22",15,1,50,1,"LITT1",0,"D","","2025/10/21","True","1","50","166","0","","",""
"1756","2025/10/21","FPICO1T08:12","1999/07/22",15.3,1,51,1,"LITT1",0,"D","","2025/10/21","True","1","50","166","0","","",""
"1757","2025/10/21","FPICO1T08:12","1999/07/22",15.6,1,52,1,"LITT1",0,"D","","2025/10/21","True","1","50","166","0","","",""
"1758","2025/10/21","FPICO1T08:12","1999/07/22",15.9,1,53,1,"LITT1",0,"D","","2025/10/21","True","1","50","166","0","","",""
"1759","2025/10/21","FPICO1T08:12","1999/07/22",16.2,1,54,1,"LITT1",0,"D","","2025/10/21","True","1","50","166","0","","",""
"1760","2025/10/21","FPICO1T08:12","1999/07/22",16.5,1,55,1,"LITT1",0,"D","","2025/10/21","True","1","50","166","0","","",""
"1761","2025/10/21","FPICO1T08:12","1999/07/22",16.8,1,56,1,"LITT1",0,"D","","2025/10/21","True","1","50","166","0","","",""
"1762","2025/10/21","FPICO1T08:12","1999/07/22",17.1,1,57,1,"VASC",0,"L","","2025/10/21","True","1","50","166","0","","",""
"1763","2025/10/21","FPICO1T08:12","1999/07/22",17.4,1,58,1,"LITT1",0,"D","","2025/10/21","True","1","50","166","0","","",""
"1764","2025/10/21","FPICO1T08:12","1999/07/22",17.7,1,59,1,"ROCK1",0,"D","","2025/10/21","True","1","50","166","0","","",""
"1765","2025/10/21","FPICO1T08:12","1999/07/22",18,1,60,1,"VASC",0,"L","","2025/10/21","True","1","50","166","0","","",""
"1766","2025/10/21","FPICO1T08:12","1999/07/22",18.3,1,61,1,"LITT1",0,"D","","2025/10/21","True","1","50","166","0","","",""
"1767","2025/10/21","FPICO1T08:12","1999/07/22",18.6,1,62,1,"VASC",0,"L","","2025/10/21","True","1","50","166","0","","",""
"1768","2025/10/21","FPICO1T08:12","1999/07/22",18.9,1,63,1,"VASC",0.2,"L","","2025/10/21","True","1","50","166","0","","",""
"1769","2025/10/21","FPICO1T08:12","1999/07/22",19.2,1,64,1,"WOOD1",0,"D","","2025/10/21","True","1","50","166","0","","",""
"1770","2025/10/21","FPICO1T08:12","1999/07/22",19.5,1,65,1,"LITT1",0,"D","","2025/10/21","True","1","50","166","0","","",""
"1771","2025/10/21","FPICO1T08:12","1999/07/22",19.8,1,66,1,"VASC",0,"L","","2025/10/21","True","1","50","166","0","","",""
"1772","2025/10/21","FPICO1T08:12","1999/07/22",20.1,1,67,1,"LITT1",0,"D","","2025/10/21","True","1","50","166","0","","",""
"1773","2025/10/21","FPICO1T08:12","1999/07/22",20.4,1,68,1,"VASC",0.1,"L","","2025/10/21","True","1","50","166","0","","",""
"1774","2025/10/21","FPICO1T08:12","1999/07/22",20.7,1,69,1,"VASC",0.1,"L","","2025/10/21","True","1","50","166","0","","",""
"1775","2025/10/21","FPICO1T08:12","1999/07/22",21,1,70,1,"LITT1",0,"D","","2025/10/21","True","1","50","166","0","","",""
"1776","2025/10/21","FPICO1T08:12","1999/07/22",21.3,1,71,1,"LITT1",0,"D","","2025/10/21","True","1","50","166","0","","",""
"1777","2025/10/21","FPICO1T08:12","1999/07/22",21.6,1,72,1,"LITT1",0,"L","","2025/10/21","True","1","50","166","0","","",""
"1778","2025/10/21","FPICO1T08:12","1999/07/22",21.9,1,73,1,"LITT1",0,"D","","2025/10/21","True","1","50","166","0","","",""
"1779","2025/10/21","FPICO1T08:12","1999/07/22",22.2,1,74,1,"LITT1",0,"D","","2025/10/21","True","1","50","166","0","","",""
"1780","2025/10/21","FPICO1T08:12","1999/07/22",22.5,1,75,1,"LITT1",0,"D","","2025/10/21","True","1","50","166","0","","",""
"1781","2025/10/21","FPICO1T08:12","1999/07/22",22.8,1,76,1,"LITT1",0,"D","","2025/10/21","True","1","50","166","0","","",""
"1782","2025/10/21","FPICO1T08:12","1999/07/22",23.1,1,77,1,"LITT1",0,"D","","2025/10/21","True","1","50","166","0","","",""
"1783","2025/10/21","FPICO1T08:12","1999/07/22",23.4,1,78,1,"VASC",0,"L","","2025/10/21","True","1","50","166","0","","",""
"1784","2025/10/21","FPICO1T08:12","1999/07/22",23.7,1,79,1,"LITT1",0,"D","","2025/10/21","True","1","50","166","0","","",""
"1785","2025/10/21","FPICO1T08:12","1999/07/22",24,1,80,1,"VASC",0.1,"L","","2025/10/21","True","1","50","166","0","","",""
"1786","2025/10/21","FPICO1T08:12","1999/07/22",24.3,1,81,1,"LITT1",0,"D","","2025/10/21","True","1","50","166","0","","",""
"1787","2025/10/21","FPICO1T08:12","1999/07/22",24.6,1,82,1,"LITT1",0,"D","","2025/10/21","True","1","50","166","0","","",""
"1788","2025/10/21","FPICO1T08:12","1999/07/22",24.9,1,83,1,"VASC",0.1,"L","","2025/10/21","True","1","50","166","0","","",""
"1789","2025/10/21","FPICO1T08:12","1999/07/22",25.2,1,84,1,"VASC",0,"L","","2025/10/21","True","1","50","166","0","","",""
"1790","2025/10/21","FPICO1T08:12","1999/07/22",25.5,1,85,1,"LITT1",0,"D","","2025/10/21","True","1","50","166","0","","",""
"1791","2025/10/21","FPICO1T08:12","1999/07/22",25.8,1,86,1,"LITT1",0,"D","","2025/10/21","True","1","50","166","0","","",""
"1792","2025/10/21","FPICO1T08:12","1999/07/22",26.1,1,87,1,"LITT1",0,"D","","2025/10/21","True","1","50","166","0","","",""
"1793","2025/10/21","FPICO1T08:12","1999/07/22",26.4,1,88,1,"VASC",0,"L","","2025/10/21","True","1","50","166","0","","",""
"1794","2025/10/21","FPICO1T08:12","1999/07/22",26.7,1,89,1,"LITT1",0,"D","","2025/10/21","True","1","50","166","0","","",""
"1795","2025/10/21","FPICO1T08:12","1999/07/22",27,1,90,1,"LITT1",0,"D","","2025/10/21","True","1","50","166","0","","",""
"1796","2025/10/21","FPICO1T08:12","1999/07/22",27.3,1,91,1,"LITT1",0,"D","","2025/10/21","True","1","50","166","0","","",""
"1797","2025/10/21","FPICO1T08:12","1999/07/22",27.6,1,92,1,"LITT1",0,"D","","2025/10/21","True","1","50","166","0","","",""
"1798","2025/10/21","FPICO1T08:12","1999/07/22",27.9,1,93,1,"VASC",0,"L","","2025/10/21","True","1","50","166","0","","",""
"1799","2025/10/21","FPICO1T08:12","1999/07/22",28.2,1,94,1,"LITT1",0,"D","","2025/10/21","True","1","50","166","0","","",""
"1800","2025/10/21","FPICO1T08:12","1999/07/22",28.5,1,95,1,"LITT1",0,"D","","2025/10/21","True","1","50","166","0","","",""
"1801","2025/10/21","FPICO1T08:12","1999/07/22",28.8,1,96,1,"LITT1",0,"D","","2025/10/21","True","1","50","166","0","","",""
"1802","2025/10/21","FPICO1T08:12","1999/07/22",29.1,1,97,1,"LITT1",0,"D","","2025/10/21","True","1","50","166","0","","",""
"1803","2025/10/21","FPICO1T08:12","1999/07/22",29.4,1,98,1,"LITT1",0,"D","","2025/10/21","True","1","50","166","0","","",""
"1804","2025/10/21","FPICO1T08:12","1999/07/22",29.7,1,99,1,"LITT1",0,"D","","2025/10/21","True","1","50","166","0","","",""
"1805","2025/10/21","FPICO1T08:12","1999/07/22",30,1,100,1,"ROCK1",0,"D","","2025/10/21","True","1","50","166","0","","",""
"1806","2025/10/21","FPICO1T08:12","1999/07/22",30.3,1,101,1,"LITT1",0,"D","","2025/10/21","True","1","50","166","0","","",""
"1807","2025/10/21","FPICO1T08:12","1999/07/22",30.6,1,102,1,"LITT1",0,"D","","2025/10/21","True","1","50","166","0","","",""
"1808","2025/10/21","FPICO1T08:12","1999/07/22",30.9,1,103,1,"LITT1",0,"D","","2025/10/21","True","1","50","166","0","","",""
"1809","2025/10/21","FPICO1T08:12","1999/07/22",31.2,1,104,1,"LITT1",0,"D","","2025/10/21","True","1","50","166","0","","",""
"1810","2025/10/21","FPICO1T08:12","1999/07/22",31.5,1,105,1,"LITT1",0,"D","","2025/10/21","True","1","50","166","0","","",""
"1811","2025/10/21","FPICO1T08:12","1999/07/22",31.8,1,106,1,"LITT1",0,"D","","2025/10/21","True","1","50","166","0","","",""
"1812","2025/10/21","FPICO1T08:12","1999/07/22",32.1,1,107,1,"LITT1",0,"D","","2025/10/21","True","1","50","166","0","","",""
"1813","2025/10/21","FPICO1T08:12","1999/07/22",32.4,1,108,1,"LITT1",0,"D","","2025/10/21","True","1","50","166","0","","",""
"1814","2025/10/21","FPICO1T08:12","1999/07/22",32.7,1,109,1,"VASC",0,"L","","2025/10/21","True","1","50","166","0","","",""
"1815","2025/10/21","FPICO1T08:12","1999/07/22",33,1,110,1,"LITT1",0,"D","","2025/10/21","True","1","50","166","0","","",""
"1816","2025/10/21","FPICO1T08:12","1999/07/22",33.3,1,111,1,"LITT1",0,"D","","2025/10/21","True","1","50","166","0","","",""
"1817","2025/10/21","FPICO1T08:12","1999/07/22",33.6,1,112,1,"LITT1",0,"D","","2025/10/21","True","1","50","166","0","","",""
"1818","2025/10/21","FPICO1T08:12","1999/07/22",33.9,1,113,1,"LITT1",0,"D","","2025/10/21","True","1","50","166","0","","",""
"1819","2025/10/21","FPICO1T08:12","1999/07/22",34.2,1,114,1,"LITT1",0,"D","","2025/10/21","True","1","50","166","0","","",""
"1820","2025/10/21","FPICO1T08:12","1999/07/22",34.5,1,115,1,"LITT1",0,"D","","2025/10/21","True","1","50","166","0","","",""
"1821","2025/10/21","FPICO1T08:12","1999/07/22",34.8,1,116,1,"LITT1",0,"D","","2025/10/21","True","1","50","166","0","","",""
"1822","2025/10/21","FPICO1T08:12","1999/07/22",35.1,1,117,1,"LITT1",0,"D","","2025/10/21","True","1","50","166","0","","",""
"1823","2025/10/21","FPICO1T08:12","1999/07/22",35.4,1,118,1,"LITT1",0,"D","","2025/10/21","True","1","50","166","0","","",""
"1824","2025/10/21","FPICO1T08:12","1999/07/22",35.7,1,119,1,"LITT1",0,"D","","2025/10/21","True","1","50","166","0","","",""
"1825","2025/10/21","FPICO1T08:12","1999/07/22",36,1,120,1,"LITT1",0,"D","","2025/10/21","True","1","50","166","0","","",""
"1826","2025/10/21","FPICO1T08:12","1999/07/22",36.3,1,121,1,"LITT1",0,"D","","2025/10/21","True","1","50","166","0","","",""
"1827","2025/10/21","FPICO1T08:12","1999/07/22",36.6,1,122,1,"LITT1",0,"D","","2025/10/21","True","1","50","166","0","","",""
"1828","2025/10/21","FPICO1T08:12","1999/07/22",36.9,1,123,1,"LITT1",0,"D","","2025/10/21","True","1","50","166","0","","",""
"1829","2025/10/21","FPICO1T08:12","1999/07/22",37.2,1,124,1,"WOOD1",0,"D","","2025/10/21","True","1","50","166","0","","",""
"1830","2025/10/21","FPICO1T08:12","1999/07/22",37.5,1,125,1,"LITT1",0,"D","","2025/10/21","True","1","50","166","0","","",""
"1831","2025/10/21","FPICO1T08:12","1999/07/22",37.8,1,126,1,"LITT1",0,"D","","2025/10/21","True","1","50","166","0","","",""
"1832","2025/10/21","FPICO1T08:12","1999/07/22",38.1,1,127,1,"LITT1",0,"D","","2025/10/21","True","1","50","166","0","","",""
"1833","2025/10/21","FPICO1T08:12","1999/07/22",38.4,1,128,1,"LITT1",0,"D","","2025/10/21","True","1","50","166","0","","",""
"1834","2025/10/21","FPICO1T08:12","1999/07/22",38.7,1,129,1,"WOOD1",0,"D","","2025/10/21","True","1","50","166","0","","",""
"1835","2025/10/21","FPICO1T08:12","1999/07/22",39,1,130,1,"WOOD1",0,"D","","2025/10/21","True","1","50","166","0","","",""
"1836","2025/10/21","FPICO1T08:12","1999/07/22",39.3,1,131,1,"LITT1",0,"D","","2025/10/21","True","1","50","166","0","","",""
"1837","2025/10/21","FPICO1T08:12","1999/07/22",39.6,1,132,1,"LITT1",0,"D","","2025/10/21","True","1","50","166","0","","",""
"1838","2025/10/21","FPICO1T08:12","1999/07/22",39.9,1,133,1,"LITT1",0,"D","","2025/10/21","True","1","50","166","0","","",""
"1839","2025/10/21","FPICO1T08:12","1999/07/22",40.2,1,134,1,"LITT1",0,"D","","2025/10/21","True","1","50","166","0","","",""
"1840","2025/10/21","FPICO1T08:12","1999/07/22",40.5,1,135,1,"ROCK1",0,"D","","2025/10/21","True","1","50","166","0","","",""
"1841","2025/10/21","FPICO1T08:12","1999/07/22",40.8,1,136,1,"LITT1",0,"D","","2025/10/21","True","1","50","166","0","","",""
"1842","2025/10/21","FPICO1T08:12","1999/07/22",41.1,1,137,1,"LITT1",0,"D","","2025/10/21","True","1","50","166","0","","",""
"1843","2025/10/21","FPICO1T08:12","1999/07/22",41.4,1,138,1,"LITT1",0,"D","","2025/10/21","True","1","50","166","0","","",""
"1844","2025/10/21","FPICO1T08:12","1999/07/22",41.7,1,139,1,"LITT1",0,"D","","2025/10/21","True","1","50","166","0","","",""
"1845","2025/10/21","FPICO1T08:12","1999/07/22",42,1,140,1,"LITT1",0,"D","","2025/10/21","True","1","50","166","0","","",""
"1846","2025/10/21","FPICO1T08:12","1999/07/22",42.3,1,141,1,"LITT1",0,"D","","2025/10/21","True","1","50","166","0","","",""
"1847","2025/10/21","FPICO1T08:12","1999/07/22",42.6,1,142,1,"VASC",0.1,"L","","2025/10/21","True","1","50","166","0","","",""
"1848","2025/10/21","FPICO1T08:12","1999/07/22",42.9,1,143,1,"VASC",0.1,"L","","2025/10/21","True","1","50","166","0","","",""
"1849","2025/10/21","FPICO1T08:12","1999/07/22",43.2,1,144,1,"LITT1",0,"D","","2025/10/21","True","1","50","166","0","","",""
"1850","2025/10/21","FPICO1T08:12","1999/07/22",43.5,1,145,1,"VASC",0.1,"L","","2025/10/21","True","1","50","166","0","","",""
"1851","2025/10/21","FPICO1T08:12","1999/07/22",43.8,1,146,1,"LITT1",0,"D","","2025/10/21","True","1","50","166","0","","",""
"1852","2025/10/21","FPICO1T08:12","1999/07/22",44.1,1,147,1,"LITT1",0,"D","","2025/10/21","True","1","50","166","0","","",""
"1853","2025/10/21","FPICO1T08:12","1999/07/22",44.4,1,148,1,"VASC",0.1,"L","","2025/10/21","True","1","50","166","0","","",""
"1854","2025/10/21","FPICO1T08:12","1999/07/22",44.7,1,149,1,"LITT1",0,"D","","2025/10/21","True","1","50","166","0","","",""
"1855","2025/10/21","FPICO1T08:12","1999/07/22",45,1,150,1,"LITT1",0,"D","","2025/10/21","True","1","50","166","0","","",""
"1856","2025/10/21","FPICO1T08:12","1999/07/22",45.3,1,151,1,"VASC",0.1,"L","","2025/10/21","True","1","50","166","0","","",""
"1857","2025/10/21","FPICO1T08:12","1999/07/22",45.6,1,152,1,"VASC",0,"L","","2025/10/21","True","1","50","166","0","","",""
"1858","2025/10/21","FPICO1T08:12","1999/07/22",45.9,1,153,1,"ROCK1",0,"D","","2025/10/21","True","1","50","166","0","","",""
"1859","2025/10/21","FPICO1T08:12","1999/07/22",46.2,1,154,1,"VASC",0.1,"L","","2025/10/21","True","1","50","166","0","","",""
"1860","2025/10/21","FPICO1T08:12","1999/07/22",46.5,1,155,1,"VASC",0,"L","","2025/10/21","True","1","50","166","0","","",""
"1861","2025/10/21","FPICO1T08:12","1999/07/22",46.8,1,156,1,"LITT1",0,"D","","2025/10/21","True","1","50","166","0","","",""
"1862","2025/10/21","FPICO1T08:12","1999/07/22",47.1,1,157,1,"LITT1",0,"D","","2025/10/21","True","1","50","166","0","","",""
"1863","2025/10/21","FPICO1T08:12","1999/07/22",47.4,1,158,1,"LITT1",0,"D","","2025/10/21","True","1","50","166","0","","",""
"1864","2025/10/21","FPICO1T08:12","1999/07/22",47.7,1,159,1,"WOOD1",0,"D","","2025/10/21","True","1","50","166","0","","",""
"1865","2025/10/21","FPICO1T08:12","1999/07/22",48,1,160,1,"WOOD1",0,"D","","2025/10/21","True","1","50","166","0","","",""
"1866","2025/10/21","FPICO1T08:12","1999/07/22",48.3,1,161,1,"LITT1",0,"D","","2025/10/21","True","1","50","166","0","","",""
"1867","2025/10/21","FPICO1T08:12","1999/07/22",48.6,1,162,1,"LITT1",0,"D","","2025/10/21","True","1","50","166","0","","",""
"1868","2025/10/21","FPICO1T08:12","1999/07/22",48.9,1,163,1,"LITT1",0,"D","","2025/10/21","True","1","50","166","0","","",""
"1869","2025/10/21","FPICO1T08:12","1999/07/22",49.2,1,164,1,"LITT1",0,"D","","2025/10/21","True","1","50","166","0","","",""
"1870","2025/10/21","FPICO1T08:12","1999/07/22",49.5,1,165,1,"LITT1",0,"D","","2025/10/21","True","1","50","166","0","","",""
"1871","2025/10/21","FPICO1T08:12","1999/07/22",49.8,1,166,1,"VASC",0.1,"L","","2025/10/21","True","1","50","166","0","","",""
"1872","2025/10/21","FPICO1T08:12","2001/08/14",0.3,1,1,1,"LITT1",0,"D","","2025/10/21","True","1","50","166","0","","",""
"1873","2025/10/21","FPICO1T08:12","2001/08/14",0.6,1,2,1,"LITT1",0,"D","","2025/10/21","True","1","50","166","0","","",""
"1874","2025/10/21","FPICO1T08:12","2001/08/14",0.9,1,3,1,"LITT1",0,"D","","2025/10/21","True","1","50","166","0","","",""
"1875","2025/10/21","FPICO1T08:12","2001/08/14",1.2,1,4,1,"LITT1",0,"D","","2025/10/21","True","1","50","166","0","","",""
"1876","2025/10/21","FPICO1T08:12","2001/08/14",1.5,1,5,1,"VASC",0.1,"L","","2025/10/21","True","1","50","166","0","","",""
"1877","2025/10/21","FPICO1T08:12","2001/08/14",1.8,1,6,1,"LITT1",0,"D","","2025/10/21","True","1","50","166","0","","",""
"1878","2025/10/21","FPICO1T08:12","2001/08/14",2.1,1,7,1,"LITT1",0,"D","","2025/10/21","True","1","50","166","0","","",""
"1879","2025/10/21","FPICO1T08:12","2001/08/14",2.4,1,8,1,"LITT1",0,"D","","2025/10/21","True","1","50","166","0","","",""
"1880","2025/10/21","FPICO1T08:12","2001/08/14",2.7,1,9,1,"LITT1",0,"D","","2025/10/21","True","1","50","166","0","","",""
"1881","2025/10/21","FPICO1T08:12","2001/08/14",3,1,10,1,"LITT1",0,"D","","2025/10/21","True","1","50","166","0","","",""
"1882","2025/10/21","FPICO1T08:12","2001/08/14",3.3,1,11,1,"LITT1",0,"D","","2025/10/21","True","1","50","166","0","","",""
"1883","2025/10/21","FPICO1T08:12","2001/08/14",3.6,1,12,1,"LITT1",0,"D","","2025/10/21","True","1","50","166","0","","",""
"1884","2025/10/21","FPICO1T08:12","2001/08/14",3.9,1,13,1,"VASC",0.1,"L","","2025/10/21","True","1","50","166","0","","",""
"1885","2025/10/21","FPICO1T08:12","2001/08/14",4.2,1,14,1,"LITT1",0,"D","","2025/10/21","True","1","50","166","0","","",""
"1886","2025/10/21","FPICO1T08:12","2001/08/14",4.5,1,15,1,"LITT1",0,"D","","2025/10/21","True","1","50","166","0","","",""
"1887","2025/10/21","FPICO1T08:12","2001/08/14",4.8,1,16,1,"LITT1",0,"D","","2025/10/21","True","1","50","166","0","","",""
"1888","2025/10/21","FPICO1T08:12","2001/08/14",5.1,1,17,1,"LITT1",0,"D","","2025/10/21","True","1","50","166","0","","",""
"1889","2025/10/21","FPICO1T08:12","2001/08/14",5.4,1,18,1,"LITT1",0,"D","","2025/10/21","True","1","50","166","0","","",""
"1890","2025/10/21","FPICO1T08:12","2001/08/14",5.7,1,19,1,"LITT1",0,"D","","2025/10/21","True","1","50","166","0","","",""
"1891","2025/10/21","FPICO1T08:12","2001/08/14",6,1,20,1,"LITT1",0,"D","","2025/10/21","True","1","50","166","0","","",""
"1892","2025/10/21","FPICO1T08:12","2001/08/14",6.3,1,21,1,"ROCK1",0,"D","","2025/10/21","True","1","50","166","0","","",""
"1893","2025/10/21","FPICO1T08:12","2001/08/14",6.6,1,22,1,"ROCK1",0,"D","","2025/10/21","True","1","50","166","0","","",""
"1894","2025/10/21","FPICO1T08:12","2001/08/14",6.9,1,23,1,"LITT1",0,"D","","2025/10/21","True","1","50","166","0","","",""
"1895","2025/10/21","FPICO1T08:12","2001/08/14",7.2,1,24,1,"BREN",0,"L","","2025/10/21","True","1","50","166","0","","",""
"1896","2025/10/21","FPICO1T08:12","2001/08/14",7.5,1,25,1,"LITT1",0,"D","","2025/10/21","True","1","50","166","0","","",""
"1897","2025/10/21","FPICO1T08:12","2001/08/14",7.8,1,26,1,"LITT1",0,"D","","2025/10/21","True","1","50","166","0","","",""
"1898","2025/10/21","FPICO1T08:12","2001/08/14",8.1,1,27,1,"LITT1",0,"D","","2025/10/21","True","1","50","166","0","","",""
"1899","2025/10/21","FPICO1T08:12","2001/08/14",8.4,1,28,1,"LITT1",0,"D","","2025/10/21","True","1","50","166","0","","",""
"1900","2025/10/21","FPICO1T08:12","2001/08/14",8.7,1,29,1,"LITT1",0,"D","","2025/10/21","True","1","50","166","0","","",""
"1901","2025/10/21","FPICO1T08:12","2001/08/14",9,1,30,1,"LITT1",0,"D","","2025/10/21","True","1","50","166","0","","",""
"1902","2025/10/21","FPICO1T08:12","2001/08/14",9.3,1,31,1,"LITT1",0,"D","","2025/10/21","True","1","50","166","0","","",""
"1903","2025/10/21","FPICO1T08:12","2001/08/14",9.6,1,32,1,"WOOD1",0,"D","","2025/10/21","True","1","50","166","0","","",""
"1904","2025/10/21","FPICO1T08:12","2001/08/14",9.9,1,33,1,"LITT1",0,"D","","2025/10/21","True","1","50","166","0","","",""
"1905","2025/10/21","FPICO1T08:12","2001/08/14",10.2,1,34,1,"WOOD1",0,"D","","2025/10/21","True","1","50","166","0","","",""
"1906","2025/10/21","FPICO1T08:12","2001/08/14",10.5,1,35,1,"WOOD1",0,"D","","2025/10/21","True","1","50","166","0","","",""
"1907","2025/10/21","FPICO1T08:12","2001/08/14",10.8,1,36,1,"LITT1",0,"D","","2025/10/21","True","1","50","166","0","","",""
"1908","2025/10/21","FPICO1T08:12","2001/08/14",11.1,1,37,1,"WOOD1",0,"D","","2025/10/21","True","1","50","166","0","","",""
"1909","2025/10/21","FPICO1T08:12","2001/08/14",11.4,1,38,1,"LITT1",0,"D","","2025/10/21","True","1","50","166","0","","",""
"1910","2025/10/21","FPICO1T08:12","2001/08/14",11.7,1,39,1,"LITT1",0,"D","","2025/10/21","True","1","50","166","0","","",""
"1911","2025/10/21","FPICO1T08:12","2001/08/14",12,1,40,1,"LITT1",0,"D","","2025/10/21","True","1","50","166","0","","",""
"1912","2025/10/21","FPICO1T08:12","2001/08/14",12.3,1,41,1,"LITT1",0,"D","","2025/10/21","True","1","50","166","0","","",""
"1913","2025/10/21","FPICO1T08:12","2001/08/14",12.6,1,42,1,"LITT1",0,"D","","2025/10/21","True","1","50","166","0","","",""
"1914","2025/10/21","FPICO1T08:12","2001/08/14",12.9,1,43,1,"LITT1",0,"D","","2025/10/21","True","1","50","166","0","","",""
"1915","2025/10/21","FPICO1T08:12","2001/08/14",13.2,1,44,1,"LITT1",0,"D","","2025/10/21","True","1","50","166","0","","",""
"1916","2025/10/21","FPICO1T08:12","2001/08/14",13.5,1,45,1,"LITT1",0,"D","","2025/10/21","True","1","50","166","0","","",""
"1917","2025/10/21","FPICO1T08:12","2001/08/14",13.8,1,46,1,"LITT1",0,"D","","2025/10/21","True","1","50","166","0","","",""
"1918","2025/10/21","FPICO1T08:12","2001/08/14",14.1,1,47,1,"LITT1",0,"D","","2025/10/21","True","1","50","166","0","","",""
"1919","2025/10/21","FPICO1T08:12","2001/08/14",14.4,1,48,1,"LITT1",0,"D","","2025/10/21","True","1","50","166","0","","",""
"1920","2025/10/21","FPICO1T08:12","2001/08/14",14.7,1,49,1,"WOOD1",0,"D","","2025/10/21","True","1","50","166","0","","",""
"1921","2025/10/21","FPICO1T08:12","2001/08/14",15,1,50,1,"LITT1",0,"D","","2025/10/21","True","1","50","166","0","","",""
"1922","2025/10/21","FPICO1T08:12","2001/08/14",15.3,1,51,1,"LITT1",0,"D","","2025/10/21","True","1","50","166","0","","",""
"1923","2025/10/21","FPICO1T08:12","2001/08/14",15.6,1,52,1,"LITT1",0,"D","","2025/10/21","True","1","50","166","0","","",""
"1924","2025/10/21","FPICO1T08:12","2001/08/14",15.9,1,53,1,"LITT1",0,"D","","2025/10/21","True","1","50","166","0","","",""
"1925","2025/10/21","FPICO1T08:12","2001/08/14",16.2,1,54,1,"LITT1",0,"D","","2025/10/21","True","1","50","166","0","","",""
"1926","2025/10/21","FPICO1T08:12","2001/08/14",16.5,1,55,1,"VASC",0.1,"L","","2025/10/21","True","1","50","166","0","","",""
"1927","2025/10/21","FPICO1T08:12","2001/08/14",16.8,1,56,1,"LITT1",0,"D","","2025/10/21","True","1","50","166","0","","",""
"1928","2025/10/21","FPICO1T08:12","2001/08/14",17.1,1,57,1,"LITT1",0,"D","","2025/10/21","True","1","50","166","0","","",""
"1929","2025/10/21","FPICO1T08:12","2001/08/14",17.4,1,58,1,"LITT1",0,"D","","2025/10/21","True","1","50","166","0","","",""
"1930","2025/10/21","FPICO1T08:12","2001/08/14",17.7,1,59,1,"LITT1",0,"D","","2025/10/21","True","1","50","166","0","","",""
"1931","2025/10/21","FPICO1T08:12","2001/08/14",18,1,60,1,"LITT1",0,"D","","2025/10/21","True","1","50","166","0","","",""
"1932","2025/10/21","FPICO1T08:12","2001/08/14",18.3,1,61,1,"LITT1",0,"D","","2025/10/21","True","1","50","166","0","","",""
"1933","2025/10/21","FPICO1T08:12","2001/08/14",18.6,1,62,1,"LITT1",0,"D","","2025/10/21","True","1","50","166","0","","",""
"1934","2025/10/21","FPICO1T08:12","2001/08/14",18.9,1,63,1,"LITT1",0,"D","","2025/10/21","True","1","50","166","0","","",""
"1935","2025/10/21","FPICO1T08:12","2001/08/14",19.2,1,64,1,"VASC",0.1,"L","","2025/10/21","True","1","50","166","0","","",""
"1936","2025/10/21","FPICO1T08:12","2001/08/14",19.5,1,65,1,"WOOD1",0,"D","","2025/10/21","True","1","50","166","0","","",""
"1937","2025/10/21","FPICO1T08:12","2001/08/14",19.8,1,66,1,"VASC",0.1,"L","","2025/10/21","True","1","50","166","0","","",""
"1938","2025/10/21","FPICO1T08:12","2001/08/14",20.1,1,67,1,"VASC",0.1,"L","","2025/10/21","True","1","50","166","0","","",""
"1939","2025/10/21","FPICO1T08:12","2001/08/14",20.4,1,68,1,"LITT1",0,"D","","2025/10/21","True","1","50","166","0","","",""
"1940","2025/10/21","FPICO1T08:12","2001/08/14",20.7,1,69,1,"LITT1",0,"D","","2025/10/21","True","1","50","166","0","","",""
"1941","2025/10/21","FPICO1T08:12","2001/08/14",21,1,70,1,"LITT1",0,"D","","2025/10/21","True","1","50","166","0","","",""
"1942","2025/10/21","FPICO1T08:12","2001/08/14",21.3,1,71,1,"LITT1",0,"D","","2025/10/21","True","1","50","166","0","","",""
"1943","2025/10/21","FPICO1T08:12","2001/08/14",21.6,1,72,1,"LITT1",0,"D","","2025/10/21","True","1","50","166","0","","",""
"1944","2025/10/21","FPICO1T08:12","2001/08/14",21.9,1,73,1,"ABLAL",1.5,"L","","2025/10/21","True","1","50","166","0","","",""
"1945","2025/10/21","FPICO1T08:12","2001/08/14",22.2,1,74,1,"ABLAL",2,"L","","2025/10/21","True","1","50","166","0","","",""
"1946","2025/10/21","FPICO1T08:12","2001/08/14",22.5,1,75,1,"ABLAL",2,"L","","2025/10/21","True","1","50","166","0","","",""
"1947","2025/10/21","FPICO1T08:12","2001/08/14",22.8,1,76,1,"ABLAL",2,"L","","2025/10/21","True","1","50","166","0","","",""
"1948","2025/10/21","FPICO1T08:12","2001/08/14",23.1,1,77,1,"ABLAL",2,"L","","2025/10/21","True","1","50","166","0","","",""
"1949","2025/10/21","FPICO1T08:12","2001/08/14",23.4,1,78,1,"ABLAL",2,"L","","2025/10/21","True","1","50","166","0","","",""
"1950","2025/10/21","FPICO1T08:12","2001/08/14",23.4,1,78,2,"VASC",0,"L","","2025/10/21","True","1","50","166","0","","",""
"1951","2025/10/21","FPICO1T08:12","2001/08/14",23.7,1,79,1,"VASC",0.1,"L","","2025/10/21","True","1","50","166","0","","",""
"1952","2025/10/21","FPICO1T08:12","2001/08/14",24,1,80,1,"VASC",0.1,"L","","2025/10/21","True","1","50","166","0","","",""
"1953","2025/10/21","FPICO1T08:12","2001/08/14",24.3,1,81,1,"VASC",0.1,"L","","2025/10/21","True","1","50","166","0","","",""
"1954","2025/10/21","FPICO1T08:12","2001/08/14",24.6,1,82,1,"VASC",0.1,"L","","2025/10/21","True","1","50","166","0","","",""
"1955","2025/10/21","FPICO1T08:12","2001/08/14",24.9,1,83,1,"BREN",0,"L","","2025/10/21","True","1","50","166","0","","",""
"1956","2025/10/21","FPICO1T08:12","2001/08/14",25.2,1,84,1,"LITT1",0,"D","","2025/10/21","True","1","50","166","0","","",""
"1957","2025/10/21","FPICO1T08:12","2001/08/14",25.5,1,85,1,"ROCK1",0,"D","","2025/10/21","True","1","50","166","0","","",""
"1958","2025/10/21","FPICO1T08:12","2001/08/14",25.8,1,86,1,"LITT1",0,"D","","2025/10/21","True","1","50","166","0","","",""
"1959","2025/10/21","FPICO1T08:12","2001/08/14",26.1,1,87,1,"LITT1",0,"D","","2025/10/21","True","1","50","166","0","","",""
"1960","2025/10/21","FPICO1T08:12","2001/08/14",26.4,1,88,1,"LITT1",0,"D","","2025/10/21","True","1","50","166","0","","",""
"1961","2025/10/21","FPICO1T08:12","2001/08/14",26.7,1,89,1,"LITT1",0,"D","","2025/10/21","True","1","50","166","0","","",""
"1962","2025/10/21","FPICO1T08:12","2001/08/14",27,1,90,1,"LITT1",0,"D","","2025/10/21","True","1","50","166","0","","",""
"1963","2025/10/21","FPICO1T08:12","2001/08/14",27.3,1,91,1,"LITT1",0,"D","","2025/10/21","True","1","50","166","0","","",""
"1964","2025/10/21","FPICO1T08:12","2001/08/14",27.6,1,92,1,"LITT1",0,"D","","2025/10/21","True","1","50","166","0","","",""
"1965","2025/10/21","FPICO1T08:12","2001/08/14",27.9,1,93,1,"ROCK1",0,"D","","2025/10/21","True","1","50","166","0","","",""
"1966","2025/10/21","FPICO1T08:12","2001/08/14",28.2,1,94,1,"LITT1",0,"D","","2025/10/21","True","1","50","166","0","","",""
"1967","2025/10/21","FPICO1T08:12","2001/08/14",28.5,1,95,1,"LITT1",0,"D","","2025/10/21","True","1","50","166","0","","",""
"1968","2025/10/21","FPICO1T08:12","2001/08/14",28.8,1,96,1,"LITT1",0,"D","","2025/10/21","True","1","50","166","0","","",""
"1969","2025/10/21","FPICO1T08:12","2001/08/14",29.1,1,97,1,"LITT1",0,"D","","2025/10/21","True","1","50","166","0","","",""
"1970","2025/10/21","FPICO1T08:12","2001/08/14",29.4,1,98,1,"ROCK1",0,"D","","2025/10/21","True","1","50","166","0","","",""
"1971","2025/10/21","FPICO1T08:12","2001/08/14",29.7,1,99,1,"VASC",0.1,"L","","2025/10/21","True","1","50","166","0","","",""
"1972","2025/10/21","FPICO1T08:12","2001/08/14",30,1,100,1,"LITT1",0,"D","","2025/10/21","True","1","50","166","0","","",""
"1973","2025/10/21","FPICO1T08:12","2001/08/14",30.3,1,101,1,"VASC",0.1,"L","","2025/10/21","True","1","50","166","0","","",""
"1974","2025/10/21","FPICO1T08:12","2001/08/14",30.6,1,102,1,"LITT1",0,"D","","2025/10/21","True","1","50","166","0","","",""
"1975","2025/10/21","FPICO1T08:12","2001/08/14",30.9,1,103,1,"VASC",0,"L","","2025/10/21","True","1","50","166","0","","",""
"1976","2025/10/21","FPICO1T08:12","2001/08/14",31.2,1,104,1,"LITT1",0,"D","","2025/10/21","True","1","50","166","0","","",""
"1977","2025/10/21","FPICO1T08:12","2001/08/14",31.5,1,105,1,"LITT1",0,"D","","2025/10/21","True","1","50","166","0","","",""
"1978","2025/10/21","FPICO1T08:12","2001/08/14",31.8,1,106,1,"LITT1",0,"D","","2025/10/21","True","1","50","166","0","","",""
"1979","2025/10/21","FPICO1T08:12","2001/08/14",32.1,1,107,1,"VASC",0.1,"L","","2025/10/21","True","1","50","166","0","","",""
"1980","2025/10/21","FPICO1T08:12","2001/08/14",32.4,1,108,1,"LITT1",0,"D","","2025/10/21","True","1","50","166","0","","",""
"1981","2025/10/21","FPICO1T08:12","2001/08/14",32.7,1,109,1,"LITT1",0,"D","","2025/10/21","True","1","50","166","0","","",""
"1982","2025/10/21","FPICO1T08:12","2001/08/14",33,1,110,1,"VASC",0.1,"L","","2025/10/21","True","1","50","166","0","","",""
"1983","2025/10/21","FPICO1T08:12","2001/08/14",33.3,1,111,1,"LITT1",0,"D","","2025/10/21","True","1","50","166","0","","",""
"1984","2025/10/21","FPICO1T08:12","2001/08/14",33.6,1,112,1,"VASC",0.1,"L","","2025/10/21","True","1","50","166","0","","",""
"1985","2025/10/21","FPICO1T08:12","2001/08/14",33.9,1,113,1,"LITT1",0,"D","","2025/10/21","True","1","50","166","0","","",""
"1986","2025/10/21","FPICO1T08:12","2001/08/14",34.2,1,114,1,"LITT1",0,"D","","2025/10/21","True","1","50","166","0","","",""
"1987","2025/10/21","FPICO1T08:12","2001/08/14",34.5,1,115,1,"LITT1",0,"D","","2025/10/21","True","1","50","166","0","","",""
"1988","2025/10/21","FPICO1T08:12","2001/08/14",34.8,1,116,1,"LITT1",0,"D","","2025/10/21","True","1","50","166","0","","",""
"1989","2025/10/21","FPICO1T08:12","2001/08/14",35.1,1,117,1,"LITT1",0,"D","","2025/10/21","True","1","50","166","0","","",""
"1990","2025/10/21","FPICO1T08:12","2001/08/14",35.4,1,118,1,"LITT1",0,"D","","2025/10/21","True","1","50","166","0","","",""
"1991","2025/10/21","FPICO1T08:12","2001/08/14",35.7,1,119,1,"LITT1",0,"D","","2025/10/21","True","1","50","166","0","","",""
"1992","2025/10/21","FPICO1T08:12","2001/08/14",36,1,120,1,"LITT1",0,"D","","2025/10/21","True","1","50","166","0","","",""
"1993","2025/10/21","FPICO1T08:12","2001/08/14",36.3,1,121,1,"LITT1",0,"D","","2025/10/21","True","1","50","166","0","","",""
"1994","2025/10/21","FPICO1T08:12","2001/08/14",36.6,1,122,1,"LITT1",0,"D","","2025/10/21","True","1","50","166","0","","",""
"1995","2025/10/21","FPICO1T08:12","2001/08/14",36.9,1,123,1,"WOOD1",0,"D","","2025/10/21","True","1","50","166","0","","",""
"1996","2025/10/21","FPICO1T08:12","2001/08/14",37.2,1,124,1,"WOOD1",0,"D","","2025/10/21","True","1","50","166","0","","",""
"1997","2025/10/21","FPICO1T08:12","2001/08/14",37.5,1,125,1,"LITT1",0,"D","","2025/10/21","True","1","50","166","0","","",""
"1998","2025/10/21","FPICO1T08:12","2001/08/14",37.8,1,126,1,"LITT1",0,"D","","2025/10/21","True","1","50","166","0","","",""
"1999","2025/10/21","FPICO1T08:12","2001/08/14",38.1,1,127,1,"LITT1",0,"D","","2025/10/21","True","1","50","166","0","","",""
"2000","2025/10/21","FPICO1T08:12","2001/08/14",38.4,1,128,1,"LITT1",0,"D","","2025/10/21","True","1","50","166","0","","",""
"2001","2025/10/21","FPICO1T08:12","2001/08/14",38.7,1,129,1,"WOOD1",0,"D","","2025/10/21","True","1","50","166","0","","",""
"2002","2025/10/21","FPICO1T08:12","2001/08/14",39,1,130,1,"WOOD1",0,"D","","2025/10/21","True","1","50","166","0","","",""
"2003","2025/10/21","FPICO1T08:12","2001/08/14",39.3,1,131,1,"LITT1",0,"D","","2025/10/21","True","1","50","166","0","","",""
"2004","2025/10/21","FPICO1T08:12","2001/08/14",39.6,1,132,1,"LITT1",0,"D","","2025/10/21","True","1","50","166","0","","",""
"2005","2025/10/21","FPICO1T08:12","2001/08/14",39.9,1,133,1,"LITT1",0,"D","","2025/10/21","True","1","50","166","0","","",""
"2006","2025/10/21","FPICO1T08:12","2001/08/14",40.2,1,134,1,"LITT1",0,"D","","2025/10/21","True","1","50","166","0","","",""
"2007","2025/10/21","FPICO1T08:12","2001/08/14",40.5,1,135,1,"LITT1",0,"D","","2025/10/21","True","1","50","166","0","","",""
"2008","2025/10/21","FPICO1T08:12","2001/08/14",40.8,1,136,1,"LITT1",0,"D","","2025/10/21","True","1","50","166","0","","",""
"2009","2025/10/21","FPICO1T08:12","2001/08/14",41.1,1,137,1,"LITT1",0,"D","","2025/10/21","True","1","50","166","0","","",""
"2010","2025/10/21","FPICO1T08:12","2001/08/14",41.4,1,138,1,"LITT1",0,"D","","2025/10/21","True","1","50","166","0","","",""
"2011","2025/10/21","FPICO1T08:12","2001/08/14",41.7,1,139,1,"LITT1",0,"D","","2025/10/21","True","1","50","166","0","","",""
"2012","2025/10/21","FPICO1T08:12","2001/08/14",42,1,140,1,"LITT1",0,"D","","2025/10/21","True","1","50","166","0","","",""
"2013","2025/10/21","FPICO1T08:12","2001/08/14",42.3,1,141,1,"LITT1",0,"D","","2025/10/21","True","1","50","166","0","","",""
"2014","2025/10/21","FPICO1T08:12","2001/08/14",42.6,1,142,1,"VASC",0.1,"L","","2025/10/21","True","1","50","166","0","","",""
"2015","2025/10/21","FPICO1T08:12","2001/08/14",42.9,1,143,1,"LITT1",0,"D","","2025/10/21","True","1","50","166","0","","",""
"2016","2025/10/21","FPICO1T08:12","2001/08/14",43.2,1,144,1,"LITT1",0,"D","","2025/10/21","True","1","50","166","0","","",""
"2017","2025/10/21","FPICO1T08:12","2001/08/14",43.5,1,145,1,"LITT1",0,"D","","2025/10/21","True","1","50","166","0","","",""
"2018","2025/10/21","FPICO1T08:12","2001/08/14",43.8,1,146,1,"LITT1",0,"D","","2025/10/21","True","1","50","166","0","","",""
"2019","2025/10/21","FPICO1T08:12","2001/08/14",44.1,1,147,1,"LITT1",0,"D","","2025/10/21","True","1","50","166","0","","",""
"2020","2025/10/21","FPICO1T08:12","2001/08/14",44.4,1,148,1,"LITT1",0,"D","","2025/10/21","True","1","50","166","0","","",""
"2021","2025/10/21","FPICO1T08:12","2001/08/14",44.7,1,149,1,"LITT1",0,"D","","2025/10/21","True","1","50","166","0","","",""
"2022","2025/10/21","FPICO1T08:12","2001/08/14",45,1,150,1,"VASC",0.1,"L","","2025/10/21","True","1","50","166","0","","",""
"2023","2025/10/21","FPICO1T08:12","2001/08/14",45.3,1,151,1,"LITT1",0,"D","","2025/10/21","True","1","50","166","0","","",""
"2024","2025/10/21","FPICO1T08:12","2001/08/14",45.6,1,152,1,"LITT1",0,"D","","2025/10/21","True","1","50","166","0","","",""
"2025","2025/10/21","FPICO1T08:12","2001/08/14",45.9,1,153,1,"BREN",0,"L","","2025/10/21","True","1","50","166","0","","",""
"2026","2025/10/21","FPICO1T08:12","2001/08/14",46.2,1,154,1,"LITT1",0,"D","","2025/10/21","True","1","50","166","0","","",""
"2027","2025/10/21","FPICO1T08:12","2001/08/14",46.5,1,155,1,"LITT1",0,"D","","2025/10/21","True","1","50","166","0","","",""
"2028","2025/10/21","FPICO1T08:12","2001/08/14",46.8,1,156,1,"LITT1",0,"D","","2025/10/21","True","1","50","166","0","","",""
"2029","2025/10/21","FPICO1T08:12","2001/08/14",47.1,1,157,1,"LITT1",0,"D","","2025/10/21","True","1","50","166","0","","",""
"2030","2025/10/21","FPICO1T08:12","2001/08/14",47.4,1,158,1,"LITT1",0,"D","","2025/10/21","True","1","50","166","0","","",""
"2031","2025/10/21","FPICO1T08:12","2001/08/14",47.7,1,159,1,"LITT1",0,"D","","2025/10/21","True","1","50","166","0","","",""
"2032","2025/10/21","FPICO1T08:12","2001/08/14",48,1,160,1,"LITT1",0,"D","","2025/10/21","True","1","50","166","0","","",""
"2033","2025/10/21","FPICO1T08:12","2001/08/14",48.3,1,161,1,"LITT1",0,"D","","2025/10/21","True","1","50","166","0","","",""
"2034","2025/10/21","FPICO1T08:12","2001/08/14",48.6,1,162,1,"LITT1",0,"D","","2025/10/21","True","1","50","166","0","","",""
"2035","2025/10/21","FPICO1T08:12","2001/08/14",48.9,1,163,1,"WOOD1",0,"D","","2025/10/21","True","1","50","166","0","","",""
"2036","2025/10/21","FPICO1T08:12","2001/08/14",49.2,1,164,1,"VASC",0.1,"L","","2025/10/21","True","1","50","166","0","","",""
"2037","2025/10/21","FPICO1T08:12","2001/08/14",49.5,1,165,1,"VASC",0.1,"L","","2025/10/21","True","1","50","166","0","","",""
"2038","2025/10/21","FPICO1T08:12","2001/08/14",49.8,1,166,1,"LITT1",0,"L","","2025/10/21","True","1","50","166","0","","",""
"2039","2025/10/21","FPICO1T08:13","2001/09/12",0.3,1,1,1,"VASC",0.1,"L","","2025/10/21","True","1","50","166","0","","",""
"2040","2025/10/21","FPICO1T08:13","2001/09/12",0.6,1,2,1,"VASC",0.1,"L","","2025/10/21","True","1","50","166","0","","",""
"2041","2025/10/21","FPICO1T08:13","2001/09/12",0.9,1,3,1,"VASC",0.1,"L","","2025/10/21","True","1","50","166","0","","",""
"2042","2025/10/21","FPICO1T08:13","2001/09/12",1.2,1,4,1,"VASC",0.1,"L","","2025/10/21","True","1","50","166","0","","",""
"2043","2025/10/21","FPICO1T08:13","2001/09/12",1.5,1,5,1,"VASC",0.1,"L","","2025/10/21","True","1","50","166","0","","",""
"2044","2025/10/21","FPICO1T08:13","2001/09/12",1.8,1,6,1,"VASC",0.1,"L","","2025/10/21","True","1","50","166","0","","",""
"2045","2025/10/21","FPICO1T08:13","2001/09/12",2.1,1,7,1,"VASC",0.2,"L","","2025/10/21","True","1","50","166","0","","",""
"2046","2025/10/21","FPICO1T08:13","2001/09/12",2.4,1,8,1,"VASC",0.2,"L","","2025/10/21","True","1","50","166","0","","",""
"2047","2025/10/21","FPICO1T08:13","2001/09/12",2.7,1,9,1,"JUCO6",0.3,"L","","2025/10/21","True","1","50","166","0","","",""
"2048","2025/10/21","FPICO1T08:13","2001/09/12",3,1,10,1,"JUCO6",0.3,"L","","2025/10/21","True","1","50","166","0","","",""
"2049","2025/10/21","FPICO1T08:13","2001/09/12",3.3,1,11,1,"JUCO6",0.3,"L","","2025/10/21","True","1","50","166","0","","",""
"2050","2025/10/21","FPICO1T08:13","2001/09/12",3.6,1,12,1,"JUCO6",0.3,"L","","2025/10/21","True","1","50","166","0","","",""
"2051","2025/10/21","FPICO1T08:13","2001/09/12",3.9,1,13,1,"VASC",0.2,"L","","2025/10/21","True","1","50","166","0","","",""
"2052","2025/10/21","FPICO1T08:13","2001/09/12",4.2,1,14,1,"VASC",0.3,"L","","2025/10/21","True","1","50","166","0","","",""
"2053","2025/10/21","FPICO1T08:13","2001/09/12",4.5,1,15,1,"VASC",0.2,"L","","2025/10/21","True","1","50","166","0","","",""
"2054","2025/10/21","FPICO1T08:13","2001/09/12",4.8,1,16,1,"VASC",0.2,"L","","2025/10/21","True","1","50","166","0","","",""
"2055","2025/10/21","FPICO1T08:13","2001/09/12",5.1,1,17,1,"WOOD1",0,"D","","2025/10/21","True","1","50","166","0","","",""
"2056","2025/10/21","FPICO1T08:13","2001/09/12",5.4,1,18,1,"VASC",0.1,"L","","2025/10/21","True","1","50","166","0","","",""
"2057","2025/10/21","FPICO1T08:13","2001/09/12",5.7,1,19,1,"VASC",0.2,"L","","2025/10/21","True","1","50","166","0","","",""
"2058","2025/10/21","FPICO1T08:13","2001/09/12",6,1,20,1,"VASC",0.2,"L","","2025/10/21","True","1","50","166","0","","",""
"2059","2025/10/21","FPICO1T08:13","2001/09/12",6.3,1,21,1,"LITT1",0,"D","","2025/10/21","True","1","50","166","0","","",""
"2060","2025/10/21","FPICO1T08:13","2001/09/12",6.6,1,22,1,"VASC",0.2,"L","","2025/10/21","True","1","50","166","0","","",""
"2061","2025/10/21","FPICO1T08:13","2001/09/12",6.9,1,23,1,"VASC",0.2,"L","","2025/10/21","True","1","50","166","0","","",""
"2062","2025/10/21","FPICO1T08:13","2001/09/12",7.2,1,24,1,"VASC",0.2,"L","","2025/10/21","True","1","50","166","0","","",""
"2063","2025/10/21","FPICO1T08:13","2001/09/12",7.5,1,25,1,"LITT1",0,"D","","2025/10/21","True","1","50","166","0","","",""
"2064","2025/10/21","FPICO1T08:13","2001/09/12",7.8,1,26,1,"VASC",0.2,"L","","2025/10/21","True","1","50","166","0","","",""
"2065","2025/10/21","FPICO1T08:13","2001/09/12",8.1,1,27,1,"VASC",0.2,"L","","2025/10/21","True","1","50","166","0","","",""
"2066","2025/10/21","FPICO1T08:13","2001/09/12",8.4,1,28,1,"VASC",0.2,"L","","2025/10/21","True","1","50","166","0","","",""
"2067","2025/10/21","FPICO1T08:13","2001/09/12",8.7,1,29,1,"LITT1",0,"D","","2025/10/21","True","1","50","166","0","","",""
"2068","2025/10/21","FPICO1T08:13","2001/09/12",9,1,30,1,"SHCA",0.2,"L","","2025/10/21","True","1","50","166","0","","",""
"2069","2025/10/21","FPICO1T08:13","2001/09/12",9.3,1,31,1,"LITT1",0,"D","","2025/10/21","True","1","50","166","0","","",""
"2070","2025/10/21","FPICO1T08:13","2001/09/12",9.6,1,32,1,"VASC",0.2,"L","","2025/10/21","True","1","50","166","0","","",""
"2071","2025/10/21","FPICO1T08:13","2001/09/12",9.9,1,33,1,"VASC",0,"L","","2025/10/21","True","1","50","166","0","","",""
"2072","2025/10/21","FPICO1T08:13","2001/09/12",10.2,1,34,1,"LITT1",0,"D","","2025/10/21","True","1","50","166","0","","",""
"2073","2025/10/21","FPICO1T08:13","2001/09/12",10.5,1,35,1,"LITT1",0,"D","","2025/10/21","True","1","50","166","0","","",""
"2074","2025/10/21","FPICO1T08:13","2001/09/12",10.8,1,36,1,"LITT1",0,"D","","2025/10/21","True","1","50","166","0","","",""
"2075","2025/10/21","FPICO1T08:13","2001/09/12",11.1,1,37,1,"JUCO6",0.2,"L","","2025/10/21","True","1","50","166","0","","",""
"2076","2025/10/21","FPICO1T08:13","2001/09/12",11.1,1,37,2,"VASC",0,"L","","2025/10/21","True","1","50","166","0","","",""
"2077","2025/10/21","FPICO1T08:13","2001/09/12",11.4,1,38,1,"JUCO6",0.2,"L","","2025/10/21","True","1","50","166","0","","",""
"2078","2025/10/21","FPICO1T08:13","2001/09/12",11.7,1,39,1,"JUCO6",0.2,"L","","2025/10/21","True","1","50","166","0","","",""
"2079","2025/10/21","FPICO1T08:13","2001/09/12",12,1,40,1,"VASC",0.2,"L","","2025/10/21","True","1","50","166","0","","",""
"2080","2025/10/21","FPICO1T08:13","2001/09/12",12.3,1,41,1,"WOOD1",0,"D","","2025/10/21","True","1","50","166","0","","",""
"2081","2025/10/21","FPICO1T08:13","2001/09/12",12.6,1,42,1,"VASC",0.2,"L","","2025/10/21","True","1","50","166","0","","",""
"2082","2025/10/21","FPICO1T08:13","2001/09/12",12.9,1,43,1,"VASC",0.1,"L","","2025/10/21","True","1","50","166","0","","",""
"2083","2025/10/21","FPICO1T08:13","2001/09/12",13.2,1,44,1,"VASC",0.3,"L","","2025/10/21","True","1","50","166","0","","",""
"2084","2025/10/21","FPICO1T08:13","2001/09/12",13.5,1,45,1,"LITT1",0,"D","","2025/10/21","True","1","50","166","0","","",""
"2085","2025/10/21","FPICO1T08:13","2001/09/12",13.8,1,46,1,"LITT1",0,"D","","2025/10/21","True","1","50","166","0","","",""
"2086","2025/10/21","FPICO1T08:13","2001/09/12",14.1,1,47,1,"VASC",0.2,"L","","2025/10/21","True","1","50","166","0","","",""
"2087","2025/10/21","FPICO1T08:13","2001/09/12",14.4,1,48,1,"VASC",0.2,"L","","2025/10/21","True","1","50","166","0","","",""
"2088","2025/10/21","FPICO1T08:13","2001/09/12",14.7,1,49,1,"VASC",0.2,"L","","2025/10/21","True","1","50","166","0","","",""
"2089","2025/10/21","FPICO1T08:13","2001/09/12",15,1,50,1,"WOOD1",0,"D","","2025/10/21","True","1","50","166","0","","",""
"2090","2025/10/21","FPICO1T08:13","2001/09/12",15.3,1,51,1,"VASC",0.2,"L","","2025/10/21","True","1","50","166","0","","",""
"2091","2025/10/21","FPICO1T08:13","2001/09/12",15.6,1,52,1,"VASC",0.2,"L","","2025/10/21","True","1","50","166","0","","",""
"2092","2025/10/21","FPICO1T08:13","2001/09/12",15.9,1,53,1,"VASC",0.2,"L","","2025/10/21","True","1","50","166","0","","",""
"2093","2025/10/21","FPICO1T08:13","2001/09/12",16.2,1,54,1,"VASC",0.2,"L","","2025/10/21","True","1","50","166","0","","",""
"2094","2025/10/21","FPICO1T08:13","2001/09/12",16.5,1,55,1,"ROCK1",0,"D","","2025/10/21","True","1","50","166","0","","",""
"2095","2025/10/21","FPICO1T08:13","2001/09/12",16.8,1,56,1,"ROCK1",0,"D","","2025/10/21","True","1","50","166","0","","",""
"2096","2025/10/21","FPICO1T08:13","2001/09/12",17.1,1,57,1,"VASC",0.2,"L","","2025/10/21","True","1","50","166","0","","",""
"2097","2025/10/21","FPICO1T08:13","2001/09/12",17.4,1,58,1,"VASC",0.2,"L","","2025/10/21","True","1","50","166","0","","",""
"2098","2025/10/21","FPICO1T08:13","2001/09/12",17.7,1,59,1,"VASC",0.2,"L","","2025/10/21","True","1","50","166","0","","",""
"2099","2025/10/21","FPICO1T08:13","2001/09/12",18,1,60,1,"VASC",0.2,"L","","2025/10/21","True","1","50","166","0","","",""
"2100","2025/10/21","FPICO1T08:13","2001/09/12",18.3,1,61,1,"VASC",0.2,"L","","2025/10/21","True","1","50","166","0","","",""
"2101","2025/10/21","FPICO1T08:13","2001/09/12",18.6,1,62,1,"VASC",0.2,"L","","2025/10/21","True","1","50","166","0","","",""
"2102","2025/10/21","FPICO1T08:13","2001/09/12",18.9,1,63,1,"VASC",0.2,"L","","2025/10/21","True","1","50","166","0","","",""
"2103","2025/10/21","FPICO1T08:13","2001/09/12",19.2,1,64,1,"VASC",0.2,"L","","2025/10/21","True","1","50","166","0","","",""
"2104","2025/10/21","FPICO1T08:13","2001/09/12",19.5,1,65,1,"VASC",0.2,"L","","2025/10/21","True","1","50","166","0","","",""
"2105","2025/10/21","FPICO1T08:13","2001/09/12",19.8,1,66,1,"VASC",0.2,"L","","2025/10/21","True","1","50","166","0","","",""
"2106","2025/10/21","FPICO1T08:13","2001/09/12",20.1,1,67,1,"LITT1",0,"D","","2025/10/21","True","1","50","166","0","","",""
"2107","2025/10/21","FPICO1T08:13","2001/09/12",20.4,1,68,1,"VASC",0.2,"L","","2025/10/21","True","1","50","166","0","","",""
"2108","2025/10/21","FPICO1T08:13","2001/09/12",20.7,1,69,1,"VASC",0.2,"L","","2025/10/21","True","1","50","166","0","","",""
"2109","2025/10/21","FPICO1T08:13","2001/09/12",21,1,70,1,"VASC",0.2,"L","","2025/10/21","True","1","50","166","0","","",""
"2110","2025/10/21","FPICO1T08:13","2001/09/12",21.3,1,71,1,"VASC",0.2,"L","","2025/10/21","True","1","50","166","0","","",""
"2111","2025/10/21","FPICO1T08:13","2001/09/12",21.6,1,72,1,"VASC",0.2,"L","","2025/10/21","True","1","50","166","0","","",""
"2112","2025/10/21","FPICO1T08:13","2001/09/12",21.9,1,73,1,"ROWO",0.2,"L","","2025/10/21","True","1","50","166","0","","",""
"2113","2025/10/21","FPICO1T08:13","2001/09/12",21.9,1,73,2,"VASC",0,"L","","2025/10/21","True","1","50","166","0","","",""
"2114","2025/10/21","FPICO1T08:13","2001/09/12",22.2,1,74,1,"LITT1",0,"D","","2025/10/21","True","1","50","166","0","","",""
"2115","2025/10/21","FPICO1T08:13","2001/09/12",22.5,1,75,1,"LITT1",0,"D","","2025/10/21","True","1","50","166","0","","",""
"2116","2025/10/21","FPICO1T08:13","2001/09/12",22.8,1,76,1,"VASC",0.2,"L","","2025/10/21","True","1","50","166","0","","",""
"2117","2025/10/21","FPICO1T08:13","2001/09/12",23.1,1,77,1,"VASC",0.2,"L","","2025/10/21","True","1","50","166","0","","",""
"2118","2025/10/21","FPICO1T08:13","2001/09/12",23.4,1,78,1,"VASC",0.2,"L","","2025/10/21","True","1","50","166","0","","",""
"2119","2025/10/21","FPICO1T08:13","2001/09/12",23.7,1,79,1,"ROCK1",0,"D","","2025/10/21","True","1","50","166","0","","",""
"2120","2025/10/21","FPICO1T08:13","2001/09/12",24,1,80,1,"VASC",0.2,"L","","2025/10/21","True","1","50","166","0","","",""
"2121","2025/10/21","FPICO1T08:13","2001/09/12",24.3,1,81,1,"VASC",0.3,"L","","2025/10/21","True","1","50","166","0","","",""
"2122","2025/10/21","FPICO1T08:13","2001/09/12",24.6,1,82,1,"VASC",0.2,"L","","2025/10/21","True","1","50","166","0","","",""
"2123","2025/10/21","FPICO1T08:13","2001/09/12",24.9,1,83,1,"VASC",0.3,"L","","2025/10/21","True","1","50","166","0","","",""
"2124","2025/10/21","FPICO1T08:13","2001/09/12",25.2,1,84,1,"LITT1",0,"D","","2025/10/21","True","1","50","166","0","","",""
"2125","2025/10/21","FPICO1T08:13","2001/09/12",25.5,1,85,1,"LITT1",0,"D","","2025/10/21","True","1","50","166","0","","",""
"2126","2025/10/21","FPICO1T08:13","2001/09/12",25.8,1,86,1,"WOOD1",0,"D","","2025/10/21","True","1","50","166","0","","",""
"2127","2025/10/21","FPICO1T08:13","2001/09/12",26.1,1,87,1,"WOOD1",0,"D","","2025/10/21","True","1","50","166","0","","",""
"2128","2025/10/21","FPICO1T08:13","2001/09/12",26.4,1,88,1,"VASC",0.2,"L","","2025/10/21","True","1","50","166","0","","",""
"2129","2025/10/21","FPICO1T08:13","2001/09/12",26.7,1,89,1,"VASC",0.2,"L","","2025/10/21","True","1","50","166","0","","",""
"2130","2025/10/21","FPICO1T08:13","2001/09/12",27,1,90,1,"VASC",0.2,"L","","2025/10/21","True","1","50","166","0","","",""
"2131","2025/10/21","FPICO1T08:13","2001/09/12",27.3,1,91,1,"BARE1",0,"D","","2025/10/21","True","1","50","166","0","","",""
"2132","2025/10/21","FPICO1T08:13","2001/09/12",27.6,1,92,1,"LITT1",0,"D","","2025/10/21","True","1","50","166","0","","",""
"2133","2025/10/21","FPICO1T08:13","2001/09/12",27.9,1,93,1,"VASC",0.2,"L","","2025/10/21","True","1","50","166","0","","",""
"2134","2025/10/21","FPICO1T08:13","2001/09/12",28.2,1,94,1,"VASC",0.1,"L","","2025/10/21","True","1","50","166","0","","",""
"2135","2025/10/21","FPICO1T08:13","2001/09/12",28.5,1,95,1,"WOOD1",0,"D","","2025/10/21","True","1","50","166","0","","",""
"2136","2025/10/21","FPICO1T08:13","2001/09/12",28.8,1,96,1,"LITT1",0,"D","","2025/10/21","True","1","50","166","0","","",""
"2137","2025/10/21","FPICO1T08:13","2001/09/12",29.1,1,97,1,"WOOD1",0,"D","","2025/10/21","True","1","50","166","0","","",""
"2138","2025/10/21","FPICO1T08:13","2001/09/12",29.4,1,98,1,"VASC",0.2,"L","","2025/10/21","True","1","50","166","0","","",""
"2139","2025/10/21","FPICO1T08:13","2001/09/12",29.7,1,99,1,"VASC",0.2,"L","","2025/10/21","True","1","50","166","0","","",""
"2140","2025/10/21","FPICO1T08:13","2001/09/12",30,1,100,1,"VASC",0.2,"L","","2025/10/21","True","1","50","166","0","","",""
"2141","2025/10/21","FPICO1T08:13","2001/09/12",30.3,1,101,1,"VASC",0.2,"L","","2025/10/21","True","1","50","166","0","","",""
"2142","2025/10/21","FPICO1T08:13","2001/09/12",30.6,1,102,1,"VASC",0.2,"L","","2025/10/21","True","1","50","166","0","","",""
"2143","2025/10/21","FPICO1T08:13","2001/09/12",30.9,1,103,1,"JUCO6",0.4,"L","","2025/10/21","True","1","50","166","0","","",""
"2144","2025/10/21","FPICO1T08:13","2001/09/12",30.9,1,103,2,"VASC",0,"L","","2025/10/21","True","1","50","166","0","","",""
"2145","2025/10/21","FPICO1T08:13","2001/09/12",31.2,1,104,1,"LITT1",0,"D","","2025/10/21","True","1","50","166","0","","",""
"2146","2025/10/21","FPICO1T08:13","2001/09/12",31.5,1,105,1,"JUCO6",0.3,"L","","2025/10/21","True","1","50","166","0","","",""
"2147","2025/10/21","FPICO1T08:13","2001/09/12",31.8,1,106,1,"JUCO6",0.3,"L","","2025/10/21","True","1","50","166","0","","",""
"2148","2025/10/21","FPICO1T08:13","2001/09/12",31.8,1,106,2,"VASC",0,"L","","2025/10/21","True","1","50","166","0","","",""
"2149","2025/10/21","FPICO1T08:13","2001/09/12",32.1,1,107,1,"VASC",0.2,"L","","2025/10/21","True","1","50","166","0","","",""
"2150","2025/10/21","FPICO1T08:13","2001/09/12",32.4,1,108,1,"BOLE1",0,"L","","2025/10/21","True","1","50","166","0","","",""
"2151","2025/10/21","FPICO1T08:13","2001/09/12",32.7,1,109,1,"WOOD1",0,"D","","2025/10/21","True","1","50","166","0","","",""
"2152","2025/10/21","FPICO1T08:13","2001/09/12",33,1,110,1,"LITT1",0,"D","","2025/10/21","True","1","50","166","0","","",""
"2153","2025/10/21","FPICO1T08:13","2001/09/12",33.3,1,111,1,"VASC",0.2,"L","","2025/10/21","True","1","50","166","0","","",""
"2154","2025/10/21","FPICO1T08:13","2001/09/12",33.6,1,112,1,"VASC",0.2,"L","","2025/10/21","True","1","50","166","0","","",""
"2155","2025/10/21","FPICO1T08:13","2001/09/12",33.9,1,113,1,"WOOD1",0,"D","","2025/10/21","True","1","50","166","0","","",""
"2156","2025/10/21","FPICO1T08:13","2001/09/12",34.2,1,114,1,"VASC",0.2,"L","","2025/10/21","True","1","50","166","0","","",""
"2157","2025/10/21","FPICO1T08:13","2001/09/12",34.5,1,115,1,"LITT1",0,"D","","2025/10/21","True","1","50","166","0","","",""
"2158","2025/10/21","FPICO1T08:13","2001/09/12",34.8,1,116,1,"SHCA",0.3,"L","","2025/10/21","True","1","50","166","0","","",""
"2159","2025/10/21","FPICO1T08:13","2001/09/12",34.8,1,116,2,"VASC",0,"L","","2025/10/21","True","1","50","166","0","","",""
"2160","2025/10/21","FPICO1T08:13","2001/09/12",35.1,1,117,1,"VASC",0.2,"L","","2025/10/21","True","1","50","166","0","","",""
"2161","2025/10/21","FPICO1T08:13","2001/09/12",35.4,1,118,1,"SHCA",0.3,"L","","2025/10/21","True","1","50","166","0","","",""
"2162","2025/10/21","FPICO1T08:13","2001/09/12",35.7,1,119,1,"LITT1",0,"D","","2025/10/21","True","1","50","166","0","","",""
"2163","2025/10/21","FPICO1T08:13","2001/09/12",36,1,120,1,"WOOD1",0,"D","","2025/10/21","True","1","50","166","0","","",""
"2164","2025/10/21","FPICO1T08:13","2001/09/12",36.3,1,121,1,"VASC",0,"L","","2025/10/21","True","1","50","166","0","","",""
"2165","2025/10/21","FPICO1T08:13","2001/09/12",36.6,1,122,1,"LITT1",0,"D","","2025/10/21","True","1","50","166","0","","",""
"2166","2025/10/21","FPICO1T08:13","2001/09/12",36.9,1,123,1,"WOOD1",0,"D","","2025/10/21","True","1","50","166","0","","",""
"2167","2025/10/21","FPICO1T08:13","2001/09/12",37.2,1,124,1,"LITT1",0,"D","","2025/10/21","True","1","50","166","0","","",""
"2168","2025/10/21","FPICO1T08:13","2001/09/12",37.5,1,125,1,"LITT1",0,"D","","2025/10/21","True","1","50","166","0","","",""
"2169","2025/10/21","FPICO1T08:13","2001/09/12",37.8,1,126,1,"VASC",0.2,"L","","2025/10/21","True","1","50","166","0","","",""
"2170","2025/10/21","FPICO1T08:13","2001/09/12",38.1,1,127,1,"LITT1",0,"D","","2025/10/21","True","1","50","166","0","","",""
"2171","2025/10/21","FPICO1T08:13","2001/09/12",38.4,1,128,1,"WOOD1",0,"D","","2025/10/21","True","1","50","166","0","","",""
"2172","2025/10/21","FPICO1T08:13","2001/09/12",38.7,1,129,1,"LITT1",0,"D","","2025/10/21","True","1","50","166","0","","",""
"2173","2025/10/21","FPICO1T08:13","2001/09/12",39,1,130,1,"JUCO6",0.4,"L","","2025/10/21","True","1","50","166","0","","",""
"2174","2025/10/21","FPICO1T08:13","2001/09/12",39.3,1,131,1,"JUCO6",0.3,"L","","2025/10/21","True","1","50","166","0","","",""
"2175","2025/10/21","FPICO1T08:13","2001/09/12",39.6,1,132,1,"VASC",0.2,"L","","2025/10/21","True","1","50","166","0","","",""
"2176","2025/10/21","FPICO1T08:13","2001/09/12",39.9,1,133,1,"WOOD1",0,"D","","2025/10/21","True","1","50","166","0","","",""
"2177","2025/10/21","FPICO1T08:13","2001/09/12",40.2,1,134,1,"JUCO6",0.6,"L","","2025/10/21","True","1","50","166","0","","",""
"2178","2025/10/21","FPICO1T08:13","2001/09/12",40.5,1,135,1,"LITT1",0,"D","","2025/10/21","True","1","50","166","0","","",""
"2179","2025/10/21","FPICO1T08:13","2001/09/12",40.8,1,136,1,"LITT1",0,"D","","2025/10/21","True","1","50","166","0","","",""
"2180","2025/10/21","FPICO1T08:13","2001/09/12",41.1,1,137,1,"VASC",0.2,"L","","2025/10/21","True","1","50","166","0","","",""
"2181","2025/10/21","FPICO1T08:13","2001/09/12",41.4,1,138,1,"LITT1",0,"D","","2025/10/21","True","1","50","166","0","","",""
"2182","2025/10/21","FPICO1T08:13","2001/09/12",41.7,1,139,1,"LITT1",0,"D","","2025/10/21","True","1","50","166","0","","",""
"2183","2025/10/21","FPICO1T08:13","2001/09/12",42,1,140,1,"LITT1",0,"D","","2025/10/21","True","1","50","166","0","","",""
"2184","2025/10/21","FPICO1T08:13","2001/09/12",42.3,1,141,1,"LITT1",0,"D","","2025/10/21","True","1","50","166","0","","",""
"2185","2025/10/21","FPICO1T08:13","2001/09/12",42.6,1,142,1,"LITT1",0,"D","","2025/10/21","True","1","50","166","0","","",""
"2186","2025/10/21","FPICO1T08:13","2001/09/12",42.9,1,143,1,"VASC",0.2,"L","","2025/10/21","True","1","50","166","0","","",""
"2187","2025/10/21","FPICO1T08:13","2001/09/12",43.2,1,144,1,"LITT1",0,"D","","2025/10/21","True","1","50","166","0","","",""
"2188","2025/10/21","FPICO1T08:13","2001/09/12",43.5,1,145,1,"LITT1",0,"D","","2025/10/21","True","1","50","166","0","","",""
"2189","2025/10/21","FPICO1T08:13","2001/09/12",43.8,1,146,1,"LITT1",0,"D","","2025/10/21","True","1","50","166","0","","",""
"2190","2025/10/21","FPICO1T08:13","2001/09/12",44.1,1,147,1,"VASC",0.2,"L","","2025/10/21","True","1","50","166","0","","",""
"2191","2025/10/21","FPICO1T08:13","2001/09/12",44.4,1,148,1,"LITT1",0,"D","","2025/10/21","True","1","50","166","0","","",""
"2192","2025/10/21","FPICO1T08:13","2001/09/12",44.7,1,149,1,"WOOD1",0,"D","","2025/10/21","True","1","50","166","0","","",""
"2193","2025/10/21","FPICO1T08:13","2001/09/12",45,1,150,1,"WOOD1",0,"D","","2025/10/21","True","1","50","166","0","","",""
"2194","2025/10/21","FPICO1T08:13","2001/09/12",45.3,1,151,1,"SHCA",0.5,"L","","2025/10/21","True","1","50","166","0","","",""
"2195","2025/10/21","FPICO1T08:13","2001/09/12",45.6,1,152,1,"VASC",0.3,"L","","2025/10/21","True","1","50","166","0","","",""
"2196","2025/10/21","FPICO1T08:13","2001/09/12",45.9,1,153,1,"VASC",0.3,"L","","2025/10/21","True","1","50","166","0","","",""
"2197","2025/10/21","FPICO1T08:13","2001/09/12",46.2,1,154,1,"SHCA",0.1,"L","","2025/10/21","True","1","50","166","0","","",""
"2198","2025/10/21","FPICO1T08:13","2001/09/12",46.5,1,155,1,"SHCA",0.3,"L","","2025/10/21","True","1","50","166","0","","",""
"2199","2025/10/21","FPICO1T08:13","2001/09/12",46.5,1,155,2,"VASC",0,"L","","2025/10/21","True","1","50","166","0","","",""
"2200","2025/10/21","FPICO1T08:13","2001/09/12",46.8,1,156,1,"VASC",0.1,"L","","2025/10/21","True","1","50","166","0","","",""
"2201","2025/10/21","FPICO1T08:13","2001/09/12",47.1,1,157,1,"WOOD1",0,"D","","2025/10/21","True","1","50","166","0","","",""
"2202","2025/10/21","FPICO1T08:13","2001/09/12",47.4,1,158,1,"WOOD1",0,"D","","2025/10/21","True","1","50","166","0","","",""
"2203","2025/10/21","FPICO1T08:13","2001/09/12",47.7,1,159,1,"VASC",0.1,"L","","2025/10/21","True","1","50","166","0","","",""
"2204","2025/10/21","FPICO1T08:13","2001/09/12",48,1,160,1,"WOOD1",0,"D","","2025/10/21","True","1","50","166","0","","",""
"2205","2025/10/21","FPICO1T08:13","2001/09/12",48.3,1,161,1,"WOOD1",0,"D","","2025/10/21","True","1","50","166","0","","",""
"2206","2025/10/21","FPICO1T08:13","2001/09/12",48.6,1,162,1,"VASC",0.2,"L","","2025/10/21","True","1","50","166","0","","",""
"2207","2025/10/21","FPICO1T08:13","2001/09/12",48.9,1,163,1,"LITT1",0,"D","","2025/10/21","True","1","50","166","0","","",""
"2208","2025/10/21","FPICO1T08:13","2001/09/12",49.2,1,164,1,"VASC",0.1,"L","","2025/10/21","True","1","50","166","0","","",""
"2209","2025/10/21","FPICO1T08:13","2001/09/12",49.5,1,165,1,"VASC",0.2,"L","","2025/10/21","True","1","50","166","0","","",""
"2210","2025/10/21","FPICO1T08:13","2001/09/12",49.8,1,166,1,"LITT1",0,"D","","2025/10/21","True","1","50","166","0","","",""
"2211","2025/10/21","FPICO1T08:14","1999/09/14",0.3,1,1,1,"VASC",0.1,"L","","2025/10/21","True","1","50","166","0","","",""
"2212","2025/10/21","FPICO1T08:14","1999/09/14",0.6,1,2,1,"LITT1",0,"D","","2025/10/21","True","1","50","166","0","","",""
"2213","2025/10/21","FPICO1T08:14","1999/09/14",0.9,1,3,1,"LITT1",0,"D","","2025/10/21","True","1","50","166","0","","",""
"2214","2025/10/21","FPICO1T08:14","1999/09/14",1.2,1,4,1,"VASC",0.3,"L","","2025/10/21","True","1","50","166","0","","",""
"2215","2025/10/21","FPICO1T08:14","1999/09/14",1.5,1,5,1,"LITT1",0,"D","","2025/10/21","True","1","50","166","0","","",""
"2216","2025/10/21","FPICO1T08:14","1999/09/14",1.8,1,6,1,"LITT1",0,"D","","2025/10/21","True","1","50","166","0","","",""
"2217","2025/10/21","FPICO1T08:14","1999/09/14",2.1,1,7,1,"VASC",0.1,"L","","2025/10/21","True","1","50","166","0","","",""
"2218","2025/10/21","FPICO1T08:14","1999/09/14",2.4,1,8,1,"VASC",0.2,"L","","2025/10/21","True","1","50","166","0","","",""
"2219","2025/10/21","FPICO1T08:14","1999/09/14",2.7,1,9,1,"VASC",0.2,"L","","2025/10/21","True","1","50","166","0","","",""
"2220","2025/10/21","FPICO1T08:14","1999/09/14",3,1,10,1,"LITT1",0,"D","","2025/10/21","True","1","50","166","0","","",""
"2221","2025/10/21","FPICO1T08:14","1999/09/14",3.3,1,11,1,"LITT1",0,"D","","2025/10/21","True","1","50","166","0","","",""
"2222","2025/10/21","FPICO1T08:14","1999/09/14",3.6,1,12,1,"VASC",0.2,"L","","2025/10/21","True","1","50","166","0","","",""
"2223","2025/10/21","FPICO1T08:14","1999/09/14",3.9,1,13,1,"LITT1",0,"D","","2025/10/21","True","1","50","166","0","","",""
"2224","2025/10/21","FPICO1T08:14","1999/09/14",4.2,1,14,1,"LITT1",0,"D","","2025/10/21","True","1","50","166","0","","",""
"2225","2025/10/21","FPICO1T08:14","1999/09/14",4.5,1,15,1,"WOOD1",0,"D","","2025/10/21","True","1","50","166","0","","",""
"2226","2025/10/21","FPICO1T08:14","1999/09/14",4.8,1,16,1,"LITT1",0,"D","","2025/10/21","True","1","50","166","0","","",""
"2227","2025/10/21","FPICO1T08:14","1999/09/14",5.1,1,17,1,"LITT1",0,"D","","2025/10/21","True","1","50","166","0","","",""
"2228","2025/10/21","FPICO1T08:14","1999/09/14",5.4,1,18,1,"LITT1",0,"D","","2025/10/21","True","1","50","166","0","","",""
"2229","2025/10/21","FPICO1T08:14","1999/09/14",5.7,1,19,1,"LITT1",0,"D","","2025/10/21","True","1","50","166","0","","",""
"2230","2025/10/21","FPICO1T08:14","1999/09/14",6,1,20,1,"VASC",0.1,"L","","2025/10/21","True","1","50","166","0","","",""
"2231","2025/10/21","FPICO1T08:14","1999/09/14",6.3,1,21,1,"LITT1",0,"D","","2025/10/21","True","1","50","166","0","","",""
"2232","2025/10/21","FPICO1T08:14","1999/09/14",6.6,1,22,1,"LITT1",0,"D","","2025/10/21","True","1","50","166","0","","",""
"2233","2025/10/21","FPICO1T08:14","1999/09/14",6.9,1,23,1,"LITT1",0,"D","","2025/10/21","True","1","50","166","0","","",""
"2234","2025/10/21","FPICO1T08:14","1999/09/14",7.2,1,24,1,"LITT1",0,"D","","2025/10/21","True","1","50","166","0","","",""
"2235","2025/10/21","FPICO1T08:14","1999/09/14",7.5,1,25,1,"LITT1",0,"D","","2025/10/21","True","1","50","166","0","","",""
"2236","2025/10/21","FPICO1T08:14","1999/09/14",7.8,1,26,1,"LITT1",0,"D","","2025/10/21","True","1","50","166","0","","",""
"2237","2025/10/21","FPICO1T08:14","1999/09/14",8.1,1,27,1,"LITT1",0,"D","","2025/10/21","True","1","50","166","0","","",""
"2238","2025/10/21","FPICO1T08:14","1999/09/14",8.4,1,28,1,"UNKM2",0,"L","","2025/10/21","True","1","50","166","0","","",""
"2239","2025/10/21","FPICO1T08:14","1999/09/14",8.7,1,29,1,"LITT1",0,"D","","2025/10/21","True","1","50","166","0","","",""
"2240","2025/10/21","FPICO1T08:14","1999/09/14",9,1,30,1,"LITT1",0,"D","","2025/10/21","True","1","50","166","0","","",""
"2241","2025/10/21","FPICO1T08:14","1999/09/14",9.3,1,31,1,"LITT1",0,"D","","2025/10/21","True","1","50","166","0","","",""
"2242","2025/10/21","FPICO1T08:14","1999/09/14",9.6,1,32,1,"LITT1",0,"D","","2025/10/21","True","1","50","166","0","","",""
"2243","2025/10/21","FPICO1T08:14","1999/09/14",9.9,1,33,1,"VASC",0.2,"L","","2025/10/21","True","1","50","166","0","","",""
"2244","2025/10/21","FPICO1T08:14","1999/09/14",10.2,1,34,1,"LITT1",0,"D","","2025/10/21","True","1","50","166","0","","",""
"2245","2025/10/21","FPICO1T08:14","1999/09/14",10.5,1,35,1,"VASC",0.1,"L","","2025/10/21","True","1","50","166","0","","",""
"2246","2025/10/21","FPICO1T08:14","1999/09/14",10.8,1,36,1,"ROCK1",0,"D","","2025/10/21","True","1","50","166","0","","",""
"2247","2025/10/21","FPICO1T08:14","1999/09/14",11.1,1,37,1,"LITT1",0,"D","","2025/10/21","True","1","50","166","0","","",""
"2248","2025/10/21","FPICO1T08:14","1999/09/14",11.4,1,38,1,"WOOD1",0,"D","","2025/10/21","True","1","50","166","0","","",""
"2249","2025/10/21","FPICO1T08:14","1999/09/14",11.7,1,39,1,"WOOD1",0,"D","","2025/10/21","True","1","50","166","0","","",""
"2250","2025/10/21","FPICO1T08:14","1999/09/14",12,1,40,1,"WOOD1",0,"D","","2025/10/21","True","1","50","166","0","","",""
"2251","2025/10/21","FPICO1T08:14","1999/09/14",12.3,1,41,1,"WOOD1",0,"D","","2025/10/21","True","1","50","166","0","","",""
"2252","2025/10/21","FPICO1T08:14","1999/09/14",12.6,1,42,1,"ROCK1",0,"D","","2025/10/21","True","1","50","166","0","","",""
"2253","2025/10/21","FPICO1T08:14","1999/09/14",12.9,1,43,1,"UNKM2",0,"L","","2025/10/21","True","1","50","166","0","","",""
"2254","2025/10/21","FPICO1T08:14","1999/09/14",13.2,1,44,1,"SHCA",0.5,"L","","2025/10/21","True","1","50","166","0","","",""
"2255","2025/10/21","FPICO1T08:14","1999/09/14",13.2,1,44,2,"UNKM2",0,"L","","2025/10/21","True","1","50","166","0","","",""
"2256","2025/10/21","FPICO1T08:14","1999/09/14",13.5,1,45,1,"SHCA",0.4,"L","","2025/10/21","True","1","50","166","0","","",""
"2257","2025/10/21","FPICO1T08:14","1999/09/14",13.5,1,45,2,"VASC",0,"L","","2025/10/21","True","1","50","166","0","","",""
"2258","2025/10/21","FPICO1T08:14","1999/09/14",13.5,1,45,3,"UNKM2",0,"L","","2025/10/21","True","1","50","166","0","","",""
"2259","2025/10/21","FPICO1T08:14","1999/09/14",13.8,1,46,1,"UNKM2",0,"L","","2025/10/21","True","1","50","166","0","","",""
"2260","2025/10/21","FPICO1T08:14","1999/09/14",14.1,1,47,1,"SHCA",0.4,"L","","2025/10/21","True","1","50","166","0","","",""
"2261","2025/10/21","FPICO1T08:14","1999/09/14",14.1,1,47,2,"UNKM2",0,"L","","2025/10/21","True","1","50","166","0","","",""
"2262","2025/10/21","FPICO1T08:14","1999/09/14",14.4,1,48,1,"LITT1",0,"D","","2025/10/21","True","1","50","166","0","","",""
"2263","2025/10/21","FPICO1T08:14","1999/09/14",14.7,1,49,1,"LITT1",0,"D","","2025/10/21","True","1","50","166","0","","",""
"2264","2025/10/21","FPICO1T08:14","1999/09/14",15,1,50,1,"LITT1",0,"D","","2025/10/21","True","1","50","166","0","","",""
"2265","2025/10/21","FPICO1T08:14","1999/09/14",15.3,1,51,1,"LITT1",0,"D","","2025/10/21","True","1","50","166","0","","",""
"2266","2025/10/21","FPICO1T08:14","1999/09/14",15.6,1,52,1,"LITT1",0,"D","","2025/10/21","True","1","50","166","0","","",""
"2267","2025/10/21","FPICO1T08:14","1999/09/14",15.9,1,53,1,"LITT1",0,"D","","2025/10/21","True","1","50","166","0","","",""
"2268","2025/10/21","FPICO1T08:14","1999/09/14",16.2,1,54,1,"LITT1",0,"D","","2025/10/21","True","1","50","166","0","","",""
"2269","2025/10/21","FPICO1T08:14","1999/09/14",16.5,1,55,1,"UNKM1",0,"L","","2025/10/21","True","1","50","166","0","","",""
"2270","2025/10/21","FPICO1T08:14","1999/09/14",16.8,1,56,1,"UNKM1",0,"L","","2025/10/21","True","1","50","166","0","","",""
"2271","2025/10/21","FPICO1T08:14","1999/09/14",17.1,1,57,1,"VASC",0.2,"L","","2025/10/21","True","1","50","166","0","","",""
"2272","2025/10/21","FPICO1T08:14","1999/09/14",17.4,1,58,1,"SHCA",0.2,"L","","2025/10/21","True","1","50","166","0","","",""
"2273","2025/10/21","FPICO1T08:14","1999/09/14",17.7,1,59,1,"LITT1",0,"D","","2025/10/21","True","1","50","166","0","","",""
"2274","2025/10/21","FPICO1T08:14","1999/09/14",18,1,60,1,"SHCA",0.3,"L","","2025/10/21","True","1","50","166","0","","",""
"2275","2025/10/21","FPICO1T08:14","1999/09/14",18.3,1,61,1,"LITT1",0,"D","","2025/10/21","True","1","50","166","0","","",""
"2276","2025/10/21","FPICO1T08:14","1999/09/14",18.6,1,62,1,"SCAT",0,"D","","2025/10/21","True","1","50","166","0","","",""
"2277","2025/10/21","FPICO1T08:14","1999/09/14",18.9,1,63,1,"LITT1",0,"D","","2025/10/21","True","1","50","166","0","","",""
"2278","2025/10/21","FPICO1T08:14","1999/09/14",19.2,1,64,1,"LITT1",0,"D","","2025/10/21","True","1","50","166","0","","",""
"2279","2025/10/21","FPICO1T08:14","1999/09/14",19.5,1,65,1,"SHCA",0.2,"L","","2025/10/21","True","1","50","166","0","","",""
"2280","2025/10/21","FPICO1T08:14","1999/09/14",19.5,1,65,2,"UNKM2",0,"L","","2025/10/21","True","1","50","166","0","","",""
"2281","2025/10/21","FPICO1T08:14","1999/09/14",19.8,1,66,1,"SHCA",0.4,"L","","2025/10/21","True","1","50","166","0","","",""
"2282","2025/10/21","FPICO1T08:14","1999/09/14",20.1,1,67,1,"UNKM2",0,"L","","2025/10/21","True","1","50","166","0","","",""
"2283","2025/10/21","FPICO1T08:14","1999/09/14",20.4,1,68,1,"SHCA",0.2,"L","","2025/10/21","True","1","50","166","0","","",""
"2284","2025/10/21","FPICO1T08:14","1999/09/14",20.7,1,69,1,"SHCA",0.2,"L","","2025/10/21","True","1","50","166","0","","",""
"2285","2025/10/21","FPICO1T08:14","1999/09/14",20.7,1,69,2,"UNKM2",0,"L","","2025/10/21","True","1","50","166","0","","",""
"2286","2025/10/21","FPICO1T08:14","1999/09/14",21,1,70,1,"ROCK1",0,"D","","2025/10/21","True","1","50","166","0","","",""
"2287","2025/10/21","FPICO1T08:14","1999/09/14",21.3,1,71,1,"LITT1",0,"D","","2025/10/21","True","1","50","166","0","","",""
"2288","2025/10/21","FPICO1T08:14","1999/09/14",21.6,1,72,1,"SHCA",0.2,"L","","2025/10/21","True","1","50","166","0","","",""
"2289","2025/10/21","FPICO1T08:14","1999/09/14",21.9,1,73,1,"LITT1",0,"D","","2025/10/21","True","1","50","166","0","","",""
"2290","2025/10/21","FPICO1T08:14","1999/09/14",22.2,1,74,1,"LITT1",0,"D","","2025/10/21","True","1","50","166","0","","",""
"2291","2025/10/21","FPICO1T08:14","1999/09/14",22.5,1,75,1,"LITT1",0,"D","","2025/10/21","True","1","50","166","0","","",""
"2292","2025/10/21","FPICO1T08:14","1999/09/14",22.8,1,76,1,"LITT1",0,"D","","2025/10/21","True","1","50","166","0","","",""
"2293","2025/10/21","FPICO1T08:14","1999/09/14",23.1,1,77,1,"VASC",0.1,"D","","2025/10/21","True","1","50","166","0","","",""
"2294","2025/10/21","FPICO1T08:14","1999/09/14",23.4,1,78,1,"LITT1",0,"D","","2025/10/21","True","1","50","166","0","","",""
"2295","2025/10/21","FPICO1T08:14","1999/09/14",23.7,1,79,1,"VASC",0.1,"D","","2025/10/21","True","1","50","166","0","","",""
"2296","2025/10/21","FPICO1T08:14","1999/09/14",24,1,80,1,"LITT1",0,"D","","2025/10/21","True","1","50","166","0","","",""
"2297","2025/10/21","FPICO1T08:14","1999/09/14",24.3,1,81,1,"VASC",0.1,"L","","2025/10/21","True","1","50","166","0","","",""
"2298","2025/10/21","FPICO1T08:14","1999/09/14",24.6,1,82,1,"ROCK1",0,"D","","2025/10/21","True","1","50","166","0","","",""
"2299","2025/10/21","FPICO1T08:14","1999/09/14",24.9,1,83,1,"VASC",0.1,"L","","2025/10/21","True","1","50","166","0","","",""
"2300","2025/10/21","FPICO1T08:14","1999/09/14",25.2,1,84,1,"ROCK1",0,"D","","2025/10/21","True","1","50","166","0","","",""
"2301","2025/10/21","FPICO1T08:14","1999/09/14",25.5,1,85,1,"LITT1",0,"D","","2025/10/21","True","1","50","166","0","","",""
"2302","2025/10/21","FPICO1T08:14","1999/09/14",25.8,1,86,1,"UNKM1",0,"L","","2025/10/21","True","1","50","166","0","","",""
"2303","2025/10/21","FPICO1T08:14","1999/09/14",26.1,1,87,1,"LITT1",0,"D","","2025/10/21","True","1","50","166","0","","",""
"2304","2025/10/21","FPICO1T08:14","1999/09/14",26.4,1,88,1,"LITT1",0,"D","","2025/10/21","True","1","50","166","0","","",""
"2305","2025/10/21","FPICO1T08:14","1999/09/14",26.7,1,89,1,"VASC",0,"L","","2025/10/21","True","1","50","166","0","","",""
"2306","2025/10/21","FPICO1T08:14","1999/09/14",27,1,90,1,"UNKM1",0,"L","","2025/10/21","True","1","50","166","0","","",""
"2307","2025/10/21","FPICO1T08:14","1999/09/14",27.3,1,91,1,"LITT1",0,"D","","2025/10/21","True","1","50","166","0","","",""
"2308","2025/10/21","FPICO1T08:14","1999/09/14",27.6,1,92,1,"LITT1",0,"D","","2025/10/21","True","1","50","166","0","","",""
"2309","2025/10/21","FPICO1T08:14","1999/09/14",27.9,1,93,1,"SHCA",0.4,"L","","2025/10/21","True","1","50","166","0","","",""
"2310","2025/10/21","FPICO1T08:14","1999/09/14",27.9,1,93,2,"VASC",0,"L","","2025/10/21","True","1","50","166","0","","",""
"2311","2025/10/21","FPICO1T08:14","1999/09/14",28.2,1,94,1,"SHCA",0.1,"D","","2025/10/21","True","1","50","166","0","","",""
"2312","2025/10/21","FPICO1T08:14","1999/09/14",28.5,1,95,1,"LITT1",0,"D","","2025/10/21","True","1","50","166","0","","",""
"2313","2025/10/21","FPICO1T08:14","1999/09/14",28.8,1,96,1,"LITT1",0,"D","","2025/10/21","True","1","50","166","0","","",""
"2314","2025/10/21","FPICO1T08:14","1999/09/14",29.1,1,97,1,"LITT1",0,"D","","2025/10/21","True","1","50","166","0","","",""
"2315","2025/10/21","FPICO1T08:14","1999/09/14",29.4,1,98,1,"VASC",0.1,"L","","2025/10/21","True","1","50","166","0","","",""
"2316","2025/10/21","FPICO1T08:14","1999/09/14",29.7,1,99,1,"VASC",0.1,"L","","2025/10/21","True","1","50","166","0","","",""
"2317","2025/10/21","FPICO1T08:14","1999/09/14",30,1,100,1,"VASC",0.1,"L","","2025/10/21","True","1","50","166","0","","",""
"2318","2025/10/21","FPICO1T08:14","1999/09/14",30.3,1,101,1,"LITT1",0,"D","","2025/10/21","True","1","50","166","0","","",""
"2319","2025/10/21","FPICO1T08:14","1999/09/14",30.6,1,102,1,"LITT1",0,"D","","2025/10/21","True","1","50","166","0","","",""
"2320","2025/10/21","FPICO1T08:14","1999/09/14",30.9,1,103,1,"ROCK1",0,"D","","2025/10/21","True","1","50","166","0","","",""
"2321","2025/10/21","FPICO1T08:14","1999/09/14",31.2,1,104,1,"LITT1",0,"D","","2025/10/21","True","1","50","166","0","","",""
"2322","2025/10/21","FPICO1T08:14","1999/09/14",31.5,1,105,1,"VASC",0,"L","","2025/10/21","True","1","50","166","0","","",""
"2323","2025/10/21","FPICO1T08:14","1999/09/14",31.8,1,106,1,"LITT1",0,"D","","2025/10/21","True","1","50","166","0","","",""
"2324","2025/10/21","FPICO1T08:14","1999/09/14",32.1,1,107,1,"LITT1",0,"D","","2025/10/21","True","1","50","166","0","","",""
"2325","2025/10/21","FPICO1T08:14","1999/09/14",32.4,1,108,1,"LITT1",0,"D","","2025/10/21","True","1","50","166","0","","",""
"2326","2025/10/21","FPICO1T08:14","1999/09/14",32.7,1,109,1,"UNKM1",0,"D","","2025/10/21","True","1","50","166","0","","",""
"2327","2025/10/21","FPICO1T08:14","1999/09/14",33,1,110,1,"LITT1",0,"D","","2025/10/21","True","1","50","166","0","","",""
"2328","2025/10/21","FPICO1T08:14","1999/09/14",33.3,1,111,1,"LITT1",0,"D","","2025/10/21","True","1","50","166","0","","",""
"2329","2025/10/21","FPICO1T08:14","1999/09/14",33.6,1,112,1,"ROCK1",0,"D","","2025/10/21","True","1","50","166","0","","",""
"2330","2025/10/21","FPICO1T08:14","1999/09/14",33.9,1,113,1,"LITT1",0,"D","","2025/10/21","True","1","50","166","0","","",""
"2331","2025/10/21","FPICO1T08:14","1999/09/14",34.2,1,114,1,"VASC",0.1,"L","","2025/10/21","True","1","50","166","0","","",""
"2332","2025/10/21","FPICO1T08:14","1999/09/14",34.5,1,115,1,"VASC",0.1,"L","","2025/10/21","True","1","50","166","0","","",""
"2333","2025/10/21","FPICO1T08:14","1999/09/14",34.5,1,115,2,"UNKM1",0,"L","","2025/10/21","True","1","50","166","0","","",""
"2334","2025/10/21","FPICO1T08:14","1999/09/14",34.8,1,116,1,"ROCK1",0,"D","","2025/10/21","True","1","50","166","0","","",""
"2335","2025/10/21","FPICO1T08:14","1999/09/14",35.1,1,117,1,"VASC",0,"L","","2025/10/21","True","1","50","166","0","","",""
"2336","2025/10/21","FPICO1T08:14","1999/09/14",35.4,1,118,1,"LITT1",0,"D","","2025/10/21","True","1","50","166","0","","",""
"2337","2025/10/21","FPICO1T08:14","1999/09/14",35.7,1,119,1,"LITT1",0,"D","","2025/10/21","True","1","50","166","0","","",""
"2338","2025/10/21","FPICO1T08:14","1999/09/14",36,1,120,1,"LITT1",0,"D","","2025/10/21","True","1","50","166","0","","",""
"2339","2025/10/21","FPICO1T08:14","1999/09/14",36.3,1,121,1,"WOOD1",0,"D","","2025/10/21","True","1","50","166","0","","",""
"2340","2025/10/21","FPICO1T08:14","1999/09/14",36.6,1,122,1,"LITT1",0,"D","","2025/10/21","True","1","50","166","0","","",""
"2341","2025/10/21","FPICO1T08:14","1999/09/14",36.9,1,123,1,"LITT1",0,"D","","2025/10/21","True","1","50","166","0","","",""
"2342","2025/10/21","FPICO1T08:14","1999/09/14",37.2,1,124,1,"LITT1",0,"D","","2025/10/21","True","1","50","166","0","","",""
"2343","2025/10/21","FPICO1T08:14","1999/09/14",37.5,1,125,1,"LITT1",0,"D","","2025/10/21","True","1","50","166","0","","",""
"2344","2025/10/21","FPICO1T08:14","1999/09/14",37.8,1,126,1,"LITT1",0,"D","","2025/10/21","True","1","50","166","0","","",""
"2345","2025/10/21","FPICO1T08:14","1999/09/14",38.1,1,127,1,"ROCK1",0,"D","","2025/10/21","True","1","50","166","0","","",""
"2346","2025/10/21","FPICO1T08:14","1999/09/14",38.4,1,128,1,"LITT1",0,"D","","2025/10/21","True","1","50","166","0","","",""
"2347","2025/10/21","FPICO1T08:14","1999/09/14",38.7,1,129,1,"LITT1",0,"D","","2025/10/21","True","1","50","166","0","","",""
"2348","2025/10/21","FPICO1T08:14","1999/09/14",39,1,130,1,"VASC",0.1,"L","","2025/10/21","True","1","50","166","0","","",""
"2349","2025/10/21","FPICO1T08:14","1999/09/14",39.3,1,131,1,"LITT1",0,"D","","2025/10/21","True","1","50","166","0","","",""
"2350","2025/10/21","FPICO1T08:14","1999/09/14",39.6,1,132,1,"LITT1",0,"D","","2025/10/21","True","1","50","166","0","","",""
"2351","2025/10/21","FPICO1T08:14","1999/09/14",39.9,1,133,1,"VASC",0.1,"L","","2025/10/21","True","1","50","166","0","","",""
"2352","2025/10/21","FPICO1T08:14","1999/09/14",40.2,1,134,1,"VASC",0.1,"D","","2025/10/21","True","1","50","166","0","","",""
"2353","2025/10/21","FPICO1T08:14","1999/09/14",40.5,1,135,1,"LITT1",0,"D","","2025/10/21","True","1","50","166","0","","",""
"2354","2025/10/21","FPICO1T08:14","1999/09/14",40.8,1,136,1,"VASC",0.1,"L","","2025/10/21","True","1","50","166","0","","",""
"2355","2025/10/21","FPICO1T08:14","1999/09/14",41.1,1,137,1,"LITT1",0,"D","","2025/10/21","True","1","50","166","0","","",""
"2356","2025/10/21","FPICO1T08:14","1999/09/14",41.4,1,138,1,"LITT1",0,"D","","2025/10/21","True","1","50","166","0","","",""
"2357","2025/10/21","FPICO1T08:14","1999/09/14",41.7,1,139,1,"LITT1",0,"D","","2025/10/21","True","1","50","166","0","","",""
"2358","2025/10/21","FPICO1T08:14","1999/09/14",42,1,140,1,"LITT1",0,"D","","2025/10/21","True","1","50","166","0","","",""
"2359","2025/10/21","FPICO1T08:14","1999/09/14",42.3,1,141,1,"LITT1",0,"D","","2025/10/21","True","1","50","166","0","","",""
"2360","2025/10/21","FPICO1T08:14","1999/09/14",42.6,1,142,1,"LITT1",0,"D","","2025/10/21","True","1","50","166","0","","",""
"2361","2025/10/21","FPICO1T08:14","1999/09/14",42.9,1,143,1,"WOOD1",0,"D","","2025/10/21","True","1","50","166","0","","",""
"2362","2025/10/21","FPICO1T08:14","1999/09/14",43.2,1,144,1,"JUCO6",0.3,"L","","2025/10/21","True","1","50","166","0","","",""
"2363","2025/10/21","FPICO1T08:14","1999/09/14",43.5,1,145,1,"LITT1",0,"D","","2025/10/21","True","1","50","166","0","","",""
"2364","2025/10/21","FPICO1T08:14","1999/09/14",43.8,1,146,1,"VASC",0.1,"D","","2025/10/21","True","1","50","166","0","","",""
"2365","2025/10/21","FPICO1T08:14","1999/09/14",44.1,1,147,1,"VASC",0.1,"D","","2025/10/21","True","1","50","166","0","","",""
"2366","2025/10/21","FPICO1T08:14","1999/09/14",44.4,1,148,1,"PYCH",0,"L","","2025/10/21","True","1","50","166","0","","",""
"2367","2025/10/21","FPICO1T08:14","1999/09/14",44.7,1,149,1,"PYCH",0,"L","","2025/10/21","True","1","50","166","0","","",""
"2368","2025/10/21","FPICO1T08:14","1999/09/14",45,1,150,1,"LITT1",0,"D","","2025/10/21","True","1","50","166","0","","",""
"2369","2025/10/21","FPICO1T08:14","1999/09/14",45.3,1,151,1,"LITT1",0,"D","","2025/10/21","True","1","50","166","0","","",""
"2370","2025/10/21","FPICO1T08:14","1999/09/14",45.6,1,152,1,"PYCH",0,"L","","2025/10/21","True","1","50","166","0","","",""
"2371","2025/10/21","FPICO1T08:14","1999/09/14",45.9,1,153,1,"LITT1",0,"D","","2025/10/21","True","1","50","166","0","","",""
"2372","2025/10/21","FPICO1T08:14","1999/09/14",46.2,1,154,1,"LITT1",0,"D","","2025/10/21","True","1","50","166","0","","",""
"2373","2025/10/21","FPICO1T08:14","1999/09/14",46.5,1,155,1,"PYCH",0,"L","","2025/10/21","True","1","50","166","0","","",""
"2374","2025/10/21","FPICO1T08:14","1999/09/14",46.8,1,156,1,"LITT1",0,"D","","2025/10/21","True","1","50","166","0","","",""
"2375","2025/10/21","FPICO1T08:14","1999/09/14",47.1,1,157,1,"VASC",0,"D","","2025/10/21","True","1","50","166","0","","",""
"2376","2025/10/21","FPICO1T08:14","1999/09/14",47.4,1,158,1,"VASC",0.1,"D","","2025/10/21","True","1","50","166","0","","",""
"2377","2025/10/21","FPICO1T08:14","1999/09/14",47.7,1,159,1,"VASC",0.1,"D","","2025/10/21","True","1","50","166","0","","",""
"2378","2025/10/21","FPICO1T08:14","1999/09/14",48,1,160,1,"LITT1",0,"D","","2025/10/21","True","1","50","166","0","","",""
"2379","2025/10/21","FPICO1T08:14","1999/09/14",48.3,1,161,1,"VASC",0.1,"D","","2025/10/21","True","1","50","166","0","","",""
"2380","2025/10/21","FPICO1T08:14","1999/09/14",48.6,1,162,1,"LITT1",0,"D","","2025/10/21","True","1","50","166","0","","",""
"2381","2025/10/21","FPICO1T08:14","1999/09/14",48.9,1,163,1,"WOOD1",0,"D","","2025/10/21","True","1","50","166","0","","",""
"2382","2025/10/21","FPICO1T08:14","1999/09/14",49.2,1,164,1,"WOOD1",0,"D","","2025/10/21","True","1","50","166","0","","",""
"2383","2025/10/21","FPICO1T08:14","1999/09/14",49.5,1,165,1,"LITT1",0,"D","","2025/10/21","True","1","50","166","0","","",""
"2384","2025/10/21","FPICO1T08:14","1999/09/14",49.8,1,166,1,"WOOD1",0,"D","","2025/10/21","True","1","50","166","0","","",""
"2385","2025/10/21","FPICO1T08:15","1999/09/15",0.3,1,1,1,"VASC",0.1,"L","","2025/10/21","True","1","50","166","0","","",""
"2386","2025/10/21","FPICO1T08:15","1999/09/15",0.6,1,2,1,"VASC",0.1,"L","","2025/10/21","True","1","50","166","0","","",""
"2387","2025/10/21","FPICO1T08:15","1999/09/15",0.9,1,3,1,"VASC",0.1,"L","","2025/10/21","True","1","50","166","0","","",""
"2388","2025/10/21","FPICO1T08:15","1999/09/15",1.2,1,4,1,"LITT1",0,"D","","2025/10/21","True","1","50","166","0","","",""
"2389","2025/10/21","FPICO1T08:15","1999/09/15",1.5,1,5,1,"VASC",0,"L","","2025/10/21","True","1","50","166","0","","",""
"2390","2025/10/21","FPICO1T08:15","1999/09/15",1.8,1,6,1,"VASC",0,"L","","2025/10/21","True","1","50","166","0","","",""
"2391","2025/10/21","FPICO1T08:15","1999/09/15",2.1,1,7,1,"LITT1",0,"D","","2025/10/21","True","1","50","166","0","","",""
"2392","2025/10/21","FPICO1T08:15","1999/09/15",2.4,1,8,1,"LITT1",0,"D","","2025/10/21","True","1","50","166","0","","",""
"2393","2025/10/21","FPICO1T08:15","1999/09/15",2.7,1,9,1,"ROCK1",0,"D","","2025/10/21","True","1","50","166","0","","",""
"2394","2025/10/21","FPICO1T08:15","1999/09/15",3,1,10,1,"LITT1",0,"D","","2025/10/21","True","1","50","166","0","","",""
"2395","2025/10/21","FPICO1T08:15","1999/09/15",3.3,1,11,1,"LITT1",0,"D","","2025/10/21","True","1","50","166","0","","",""
"2396","2025/10/21","FPICO1T08:15","1999/09/15",3.6,1,12,1,"ROCK1",0,"D","","2025/10/21","True","1","50","166","0","","",""
"2397","2025/10/21","FPICO1T08:15","1999/09/15",3.9,1,13,1,"LITT1",0,"D","","2025/10/21","True","1","50","166","0","","",""
"2398","2025/10/21","FPICO1T08:15","1999/09/15",4.2,1,14,1,"LITT1",0,"D","","2025/10/21","True","1","50","166","0","","",""
"2399","2025/10/21","FPICO1T08:15","1999/09/15",4.5,1,15,1,"LITT1",0,"D","","2025/10/21","True","1","50","166","0","","",""
"2400","2025/10/21","FPICO1T08:15","1999/09/15",4.8,1,16,1,"WOOD1",0,"D","","2025/10/21","True","1","50","166","0","","",""
"2401","2025/10/21","FPICO1T08:15","1999/09/15",5.1,1,17,1,"WOOD1",0,"D","","2025/10/21","True","1","50","166","0","","",""
"2402","2025/10/21","FPICO1T08:15","1999/09/15",5.4,1,18,1,"LITT1",0,"D","","2025/10/21","True","1","50","166","0","","",""
"2403","2025/10/21","FPICO1T08:15","1999/09/15",5.7,1,19,1,"ROCK1",0,"D","","2025/10/21","True","1","50","166","0","","",""
"2404","2025/10/21","FPICO1T08:15","1999/09/15",6,1,20,1,"ROCK1",0,"D","","2025/10/21","True","1","50","166","0","","",""
"2405","2025/10/21","FPICO1T08:15","1999/09/15",6.3,1,21,1,"ROCK1",0,"D","","2025/10/21","True","1","50","166","0","","",""
"2406","2025/10/21","FPICO1T08:15","1999/09/15",6.6,1,22,1,"VASC",0.1,"L","","2025/10/21","True","1","50","166","0","","",""
"2407","2025/10/21","FPICO1T08:15","1999/09/15",6.9,1,23,1,"VASC",0.1,"L","","2025/10/21","True","1","50","166","0","","",""
"2408","2025/10/21","FPICO1T08:15","1999/09/15",7.2,1,24,1,"LITT1",0,"D","","2025/10/21","True","1","50","166","0","","",""
"2409","2025/10/21","FPICO1T08:15","1999/09/15",7.5,1,25,1,"LITT1",0,"D","","2025/10/21","True","1","50","166","0","","",""
"2410","2025/10/21","FPICO1T08:15","1999/09/15",7.8,1,26,1,"LITT1",0,"D","","2025/10/21","True","1","50","166","0","","",""
"2411","2025/10/21","FPICO1T08:15","1999/09/15",8.1,1,27,1,"VASC",0.1,"L","","2025/10/21","True","1","50","166","0","","",""
"2412","2025/10/21","FPICO1T08:15","1999/09/15",8.4,1,28,1,"LITT1",0,"D","","2025/10/21","True","1","50","166","0","","",""
"2413","2025/10/21","FPICO1T08:15","1999/09/15",8.7,1,29,1,"LITT1",0,"D","","2025/10/21","True","1","50","166","0","","",""
"2414","2025/10/21","FPICO1T08:15","1999/09/15",9,1,30,1,"VASC",0,"L","","2025/10/21","True","1","50","166","0","","",""
"2415","2025/10/21","FPICO1T08:15","1999/09/15",9.3,1,31,1,"VASC",0.1,"L","","2025/10/21","True","1","50","166","0","","",""
"2416","2025/10/21","FPICO1T08:15","1999/09/15",9.6,1,32,1,"LITT1",0,"D","","2025/10/21","True","1","50","166","0","","",""
"2417","2025/10/21","FPICO1T08:15","1999/09/15",9.9,1,33,1,"LITT1",0,"D","","2025/10/21","True","1","50","166","0","","",""
"2418","2025/10/21","FPICO1T08:15","1999/09/15",10.2,1,34,1,"ROCK1",0,"D","","2025/10/21","True","1","50","166","0","","",""
"2419","2025/10/21","FPICO1T08:15","1999/09/15",10.5,1,35,1,"LITT1",0,"D","","2025/10/21","True","1","50","166","0","","",""
"2420","2025/10/21","FPICO1T08:15","1999/09/15",10.8,1,36,1,"VASC",0.1,"L","","2025/10/21","True","1","50","166","0","","",""
"2421","2025/10/21","FPICO1T08:15","1999/09/15",11.1,1,37,1,"VASC",0.1,"L","","2025/10/21","True","1","50","166","0","","",""
"2422","2025/10/21","FPICO1T08:15","1999/09/15",11.4,1,38,1,"LITT1",0,"D","","2025/10/21","True","1","50","166","0","","",""
"2423","2025/10/21","FPICO1T08:15","1999/09/15",11.7,1,39,1,"VASC",0.1,"L","","2025/10/21","True","1","50","166","0","","",""
"2424","2025/10/21","FPICO1T08:15","1999/09/15",12,1,40,1,"VASC",0.2,"L","","2025/10/21","True","1","50","166","0","","",""
"2425","2025/10/21","FPICO1T08:15","1999/09/15",12.3,1,41,1,"ROCK1",0,"D","","2025/10/21","True","1","50","166","0","","",""
"2426","2025/10/21","FPICO1T08:15","1999/09/15",12.6,1,42,1,"LITT1",0,"D","","2025/10/21","True","1","50","166","0","","",""
"2427","2025/10/21","FPICO1T08:15","1999/09/15",12.9,1,43,1,"VASC",0.1,"L","","2025/10/21","True","1","50","166","0","","",""
"2428","2025/10/21","FPICO1T08:15","1999/09/15",13.2,1,44,1,"LITT1",0,"D","","2025/10/21","True","1","50","166","0","","",""
"2429","2025/10/21","FPICO1T08:15","1999/09/15",13.5,1,45,1,"LITT1",0,"D","","2025/10/21","True","1","50","166","0","","",""
"2430","2025/10/21","FPICO1T08:15","1999/09/15",13.8,1,46,1,"VASC",0.2,"L","","2025/10/21","True","1","50","166","0","","",""
"2431","2025/10/21","FPICO1T08:15","1999/09/15",14.1,1,47,1,"VASC",0.1,"L","","2025/10/21","True","1","50","166","0","","",""
"2432","2025/10/21","FPICO1T08:15","1999/09/15",14.4,1,48,1,"LITT1",0,"D","","2025/10/21","True","1","50","166","0","","",""
"2433","2025/10/21","FPICO1T08:15","1999/09/15",14.7,1,49,1,"ROCK1",0,"D","","2025/10/21","True","1","50","166","0","","",""
"2434","2025/10/21","FPICO1T08:15","1999/09/15",15,1,50,1,"LITT1",0,"D","","2025/10/21","True","1","50","166","0","","",""
"2435","2025/10/21","FPICO1T08:15","1999/09/15",15.3,1,51,1,"ROCK1",0,"D","","2025/10/21","True","1","50","166","0","","",""
"2436","2025/10/21","FPICO1T08:15","1999/09/15",15.6,1,52,1,"LITT1",0,"D","","2025/10/21","True","1","50","166","0","","",""
"2437","2025/10/21","FPICO1T08:15","1999/09/15",15.9,1,53,1,"LITT1",0,"D","","2025/10/21","True","1","50","166","0","","",""
"2438","2025/10/21","FPICO1T08:15","1999/09/15",16.2,1,54,1,"ROCK1",0,"D","","2025/10/21","True","1","50","166","0","","",""
"2439","2025/10/21","FPICO1T08:15","1999/09/15",16.5,1,55,1,"LITT1",0,"D","","2025/10/21","True","1","50","166","0","","",""
"2440","2025/10/21","FPICO1T08:15","1999/09/15",16.8,1,56,1,"LITT1",0,"D","","2025/10/21","True","1","50","166","0","","",""
"2441","2025/10/21","FPICO1T08:15","1999/09/15",17.1,1,57,1,"VASC",0,"L","","2025/10/21","True","1","50","166","0","","",""
"2442","2025/10/21","FPICO1T08:15","1999/09/15",17.4,1,58,1,"LITT1",0,"D","","2025/10/21","True","1","50","166","0","","",""
"2443","2025/10/21","FPICO1T08:15","1999/09/15",17.7,1,59,1,"VASC",0.1,"L","","2025/10/21","True","1","50","166","0","","",""
"2444","2025/10/21","FPICO1T08:15","1999/09/15",18,1,60,1,"VASC",0.1,"L","","2025/10/21","True","1","50","166","0","","",""
"2445","2025/10/21","FPICO1T08:15","1999/09/15",18.3,1,61,1,"VASC",0.1,"L","","2025/10/21","True","1","50","166","0","","",""
"2446","2025/10/21","FPICO1T08:15","1999/09/15",18.6,1,62,1,"VASC",0.1,"L","","2025/10/21","True","1","50","166","0","","",""
"2447","2025/10/21","FPICO1T08:15","1999/09/15",18.9,1,63,1,"LITT1",0,"D","","2025/10/21","True","1","50","166","0","","",""
"2448","2025/10/21","FPICO1T08:15","1999/09/15",19.2,1,64,1,"LITT1",0,"D","","2025/10/21","True","1","50","166","0","","",""
"2449","2025/10/21","FPICO1T08:15","1999/09/15",19.5,1,65,1,"VASC",0.1,"L","","2025/10/21","True","1","50","166","0","","",""
"2450","2025/10/21","FPICO1T08:15","1999/09/15",19.8,1,66,1,"ROCK1",0,"D","","2025/10/21","True","1","50","166","0","","",""
"2451","2025/10/21","FPICO1T08:15","1999/09/15",20.1,1,67,1,"LITT1",0,"D","","2025/10/21","True","1","50","166","0","","",""
"2452","2025/10/21","FPICO1T08:15","1999/09/15",20.4,1,68,1,"VASC",0.2,"L","","2025/10/21","True","1","50","166","0","","",""
"2453","2025/10/21","FPICO1T08:15","1999/09/15",20.7,1,69,1,"VASC",0,"L","","2025/10/21","True","1","50","166","0","","",""
"2454","2025/10/21","FPICO1T08:15","1999/09/15",21,1,70,1,"ROCK1",0,"D","","2025/10/21","True","1","50","166","0","","",""
"2455","2025/10/21","FPICO1T08:15","1999/09/15",21.3,1,71,1,"VASC",0.2,"L","","2025/10/21","True","1","50","166","0","","",""
"2456","2025/10/21","FPICO1T08:15","1999/09/15",21.6,1,72,1,"VASC",0.1,"L","","2025/10/21","True","1","50","166","0","","",""
"2457","2025/10/21","FPICO1T08:15","1999/09/15",21.9,1,73,1,"VASC",0.1,"L","","2025/10/21","True","1","50","166","0","","",""
"2458","2025/10/21","FPICO1T08:15","1999/09/15",22.2,1,74,1,"LITT1",0,"D","","2025/10/21","True","1","50","166","0","","",""
"2459","2025/10/21","FPICO1T08:15","1999/09/15",22.5,1,75,1,"VASC",0.2,"L","","2025/10/21","True","1","50","166","0","","",""
"2460","2025/10/21","FPICO1T08:15","1999/09/15",22.8,1,76,1,"VASC",0.1,"L","","2025/10/21","True","1","50","166","0","","",""
"2461","2025/10/21","FPICO1T08:15","1999/09/15",23.1,1,77,1,"VASC",0.2,"L","","2025/10/21","True","1","50","166","0","","",""
"2462","2025/10/21","FPICO1T08:15","1999/09/15",23.4,1,78,1,"LITT1",0,"D","","2025/10/21","True","1","50","166","0","","",""
"2463","2025/10/21","FPICO1T08:15","1999/09/15",23.7,1,79,1,"VASC",0.1,"L","","2025/10/21","True","1","50","166","0","","",""
"2464","2025/10/21","FPICO1T08:15","1999/09/15",24,1,80,1,"VASC",0.1,"L","","2025/10/21","True","1","50","166","0","","",""
"2465","2025/10/21","FPICO1T08:15","1999/09/15",24.3,1,81,1,"VASC",0.1,"L","","2025/10/21","True","1","50","166","0","","",""
"2466","2025/10/21","FPICO1T08:15","1999/09/15",24.6,1,82,1,"VASC",0.1,"L","","2025/10/21","True","1","50","166","0","","",""
"2467","2025/10/21","FPICO1T08:15","1999/09/15",24.9,1,83,1,"VASC",0.1,"L","","2025/10/21","True","1","50","166","0","","",""
"2468","2025/10/21","FPICO1T08:15","1999/09/15",25.2,1,84,1,"LITT1",0,"D","","2025/10/21","True","1","50","166","0","","",""
"2469","2025/10/21","FPICO1T08:15","1999/09/15",25.5,1,85,1,"ROCK1",0,"D","","2025/10/21","True","1","50","166","0","","",""
"2470","2025/10/21","FPICO1T08:15","1999/09/15",25.8,1,86,1,"VASC",0.1,"L","","2025/10/21","True","1","50","166","0","","",""
"2471","2025/10/21","FPICO1T08:15","1999/09/15",26.1,1,87,1,"VASC",0,"L","","2025/10/21","True","1","50","166","0","","",""
"2472","2025/10/21","FPICO1T08:15","1999/09/15",26.4,1,88,1,"LITT1",0,"D","","2025/10/21","True","1","50","166","0","","",""
"2473","2025/10/21","FPICO1T08:15","1999/09/15",26.7,1,89,1,"VASC",0.1,"L","","2025/10/21","True","1","50","166","0","","",""
"2474","2025/10/21","FPICO1T08:15","1999/09/15",27,1,90,1,"VASC",0.1,"L","","2025/10/21","True","1","50","166","0","","",""
"2475","2025/10/21","FPICO1T08:15","1999/09/15",27.3,1,91,1,"WOOD1",0,"D","","2025/10/21","True","1","50","166","0","","",""
"2476","2025/10/21","FPICO1T08:15","1999/09/15",27.6,1,92,1,"ROCK1",0,"D","","2025/10/21","True","1","50","166","0","","",""
"2477","2025/10/21","FPICO1T08:15","1999/09/15",27.9,1,93,1,"LITT1",0,"D","","2025/10/21","True","1","50","166","0","","",""
"2478","2025/10/21","FPICO1T08:15","1999/09/15",28.2,1,94,1,"LITT1",0,"D","","2025/10/21","True","1","50","166","0","","",""
"2479","2025/10/21","FPICO1T08:15","1999/09/15",28.5,1,95,1,"LITT1",0,"D","","2025/10/21","True","1","50","166","0","","",""
"2480","2025/10/21","FPICO1T08:15","1999/09/15",28.8,1,96,1,"LITT1",0,"D","","2025/10/21","True","1","50","166","0","","",""
"2481","2025/10/21","FPICO1T08:15","1999/09/15",29.1,1,97,1,"LITT1",0,"D","","2025/10/21","True","1","50","166","0","","",""
"2482","2025/10/21","FPICO1T08:15","1999/09/15",29.4,1,98,1,"LITT1",0,"D","","2025/10/21","True","1","50","166","0","","",""
"2483","2025/10/21","FPICO1T08:15","1999/09/15",29.7,1,99,1,"ROCK1",0,"D","","2025/10/21","True","1","50","166","0","","",""
"2484","2025/10/21","FPICO1T08:15","1999/09/15",30,1,100,1,"LITT1",0,"D","","2025/10/21","True","1","50","166","0","","",""
"2485","2025/10/21","FPICO1T08:15","1999/09/15",30.3,1,101,1,"BOLE1",0,"L","","2025/10/21","True","1","50","166","0","","",""
"2486","2025/10/21","FPICO1T08:15","1999/09/15",30.6,1,102,1,"LITT1",0,"D","","2025/10/21","True","1","50","166","0","","",""
"2487","2025/10/21","FPICO1T08:15","1999/09/15",30.9,1,103,1,"BARE1",0,"D","","2025/10/21","True","1","50","166","0","","",""
"2488","2025/10/21","FPICO1T08:15","1999/09/15",31.2,1,104,1,"LITT1",0,"D","","2025/10/21","True","1","50","166","0","","",""
"2489","2025/10/21","FPICO1T08:15","1999/09/15",31.5,1,105,1,"ROCK1",0,"D","","2025/10/21","True","1","50","166","0","","",""
"2490","2025/10/21","FPICO1T08:15","1999/09/15",31.8,1,106,1,"VASC",0.1,"L","","2025/10/21","True","1","50","166","0","","",""
"2491","2025/10/21","FPICO1T08:15","1999/09/15",32.1,1,107,1,"ROCK1",0,"D","","2025/10/21","True","1","50","166","0","","",""
"2492","2025/10/21","FPICO1T08:15","1999/09/15",32.4,1,108,1,"ROCK1",0,"D","","2025/10/21","True","1","50","166","0","","",""
"2493","2025/10/21","FPICO1T08:15","1999/09/15",32.7,1,109,1,"LITT1",0,"D","","2025/10/21","True","1","50","166","0","","",""
"2494","2025/10/21","FPICO1T08:15","1999/09/15",33,1,110,1,"LITT1",0,"D","","2025/10/21","True","1","50","166","0","","",""
"2495","2025/10/21","FPICO1T08:15","1999/09/15",33.3,1,111,1,"VASC",0.1,"L","","2025/10/21","True","1","50","166","0","","",""
"2496","2025/10/21","FPICO1T08:15","1999/09/15",33.6,1,112,1,"VASC",0.1,"L","","2025/10/21","True","1","50","166","0","","",""
"2497","2025/10/21","FPICO1T08:15","1999/09/15",33.9,1,113,1,"VASC",0,"L","","2025/10/21","True","1","50","166","0","","",""
"2498","2025/10/21","FPICO1T08:15","1999/09/15",34.2,1,114,1,"WOOD1",0,"D","","2025/10/21","True","1","50","166","0","","",""
"2499","2025/10/21","FPICO1T08:15","1999/09/15",34.5,1,115,1,"WOOD1",0,"D","","2025/10/21","True","1","50","166","0","","",""
"2500","2025/10/21","FPICO1T08:15","1999/09/15",34.8,1,116,1,"WOOD1",0,"D","","2025/10/21","True","1","50","166","0","","",""
"2501","2025/10/21","FPICO1T08:15","1999/09/15",35.1,1,117,1,"LITT1",0,"D","","2025/10/21","True","1","50","166","0","","",""
"2502","2025/10/21","FPICO1T08:15","1999/09/15",35.4,1,118,1,"LITT1",0,"D","","2025/10/21","True","1","50","166","0","","",""
"2503","2025/10/21","FPICO1T08:15","1999/09/15",35.7,1,119,1,"LITT1",0,"D","","2025/10/21","True","1","50","166","0","","",""
"2504","2025/10/21","FPICO1T08:15","1999/09/15",36,1,120,1,"LITT1",0,"D","","2025/10/21","True","1","50","166","0","","",""
"2505","2025/10/21","FPICO1T08:15","1999/09/15",36.3,1,121,1,"ROCK1",0,"D","","2025/10/21","True","1","50","166","0","","",""
"2506","2025/10/21","FPICO1T08:15","1999/09/15",36.6,1,122,1,"LITT1",0,"D","","2025/10/21","True","1","50","166","0","","",""
"2507","2025/10/21","FPICO1T08:15","1999/09/15",36.9,1,123,1,"ROCK1",0,"D","","2025/10/21","True","1","50","166","0","","",""
"2508","2025/10/21","FPICO1T08:15","1999/09/15",37.2,1,124,1,"ROCK1",0,"D","","2025/10/21","True","1","50","166","0","","",""
"2509","2025/10/21","FPICO1T08:15","1999/09/15",37.5,1,125,1,"VASC",0,"L","","2025/10/21","True","1","50","166","0","","",""
"2510","2025/10/21","FPICO1T08:15","1999/09/15",37.8,1,126,1,"LITT1",0,"D","","2025/10/21","True","1","50","166","0","","",""
"2511","2025/10/21","FPICO1T08:15","1999/09/15",38.1,1,127,1,"LITT1",0,"D","","2025/10/21","True","1","50","166","0","","",""
"2512","2025/10/21","FPICO1T08:15","1999/09/15",38.4,1,128,1,"LITT1",0,"D","","2025/10/21","True","1","50","166","0","","",""
"2513","2025/10/21","FPICO1T08:15","1999/09/15",38.7,1,129,1,"VASC",0.1,"L","","2025/10/21","True","1","50","166","0","","",""
"2514","2025/10/21","FPICO1T08:15","1999/09/15",39,1,130,1,"UNKM2",0,"L","","2025/10/21","True","1","50","166","0","","",""
"2515","2025/10/21","FPICO1T08:15","1999/09/15",39.3,1,131,1,"LITT1",0,"D","","2025/10/21","True","1","50","166","0","","",""
"2516","2025/10/21","FPICO1T08:15","1999/09/15",39.6,1,132,1,"ROCK1",0,"D","","2025/10/21","True","1","50","166","0","","",""
"2517","2025/10/21","FPICO1T08:15","1999/09/15",39.9,1,133,1,"VASC",0.1,"L","","2025/10/21","True","1","50","166","0","","",""
"2518","2025/10/21","FPICO1T08:15","1999/09/15",40.2,1,134,1,"VASC",0.1,"L","","2025/10/21","True","1","50","166","0","","",""
"2519","2025/10/21","FPICO1T08:15","1999/09/15",40.5,1,135,1,"LITT1",0,"D","","2025/10/21","True","1","50","166","0","","",""
"2520","2025/10/21","FPICO1T08:15","1999/09/15",40.8,1,136,1,"VASC",0.1,"L","","2025/10/21","True","1","50","166","0","","",""
"2521","2025/10/21","FPICO1T08:15","1999/09/15",41.1,1,137,1,"LITT1",0,"D","","2025/10/21","True","1","50","166","0","","",""
"2522","2025/10/21","FPICO1T08:15","1999/09/15",41.4,1,138,1,"VASC",0.1,"L","","2025/10/21","True","1","50","166","0","","",""
"2523","2025/10/21","FPICO1T08:15","1999/09/15",41.4,1,138,2,"UNKM2",0,"L","","2025/10/21","True","1","50","166","0","","",""
"2524","2025/10/21","FPICO1T08:15","1999/09/15",41.7,1,139,1,"LITT1",0,"D","","2025/10/21","True","1","50","166","0","","",""
"2525","2025/10/21","FPICO1T08:15","1999/09/15",42,1,140,1,"ROCK1",0,"D","","2025/10/21","True","1","50","166","0","","",""
"2526","2025/10/21","FPICO1T08:15","1999/09/15",42.3,1,141,1,"LITT1",0,"D","","2025/10/21","True","1","50","166","0","","",""
"2527","2025/10/21","FPICO1T08:15","1999/09/15",42.6,1,142,1,"LITT1",0,"D","","2025/10/21","True","1","50","166","0","","",""
"2528","2025/10/21","FPICO1T08:15","1999/09/15",42.9,1,143,1,"LITT1",0,"D","","2025/10/21","True","1","50","166","0","","",""
"2529","2025/10/21","FPICO1T08:15","1999/09/15",43.2,1,144,1,"LITT1",0,"D","","2025/10/21","True","1","50","166","0","","",""
"2530","2025/10/21","FPICO1T08:15","1999/09/15",43.5,1,145,1,"LITT1",0,"D","","2025/10/21","True","1","50","166","0","","",""
"2531","2025/10/21","FPICO1T08:15","1999/09/15",43.8,1,146,1,"VASC",0.1,"L","","2025/10/21","True","1","50","166","0","","",""
"2532","2025/10/21","FPICO1T08:15","1999/09/15",44.1,1,147,1,"LITT1",0,"D","","2025/10/21","True","1","50","166","0","","",""
"2533","2025/10/21","FPICO1T08:15","1999/09/15",44.4,1,148,1,"VASC",0.1,"L","","2025/10/21","True","1","50","166","0","","",""
"2534","2025/10/21","FPICO1T08:15","1999/09/15",44.7,1,149,1,"VASC",0.1,"L","","2025/10/21","True","1","50","166","0","","",""
"2535","2025/10/21","FPICO1T08:15","1999/09/15",45,1,150,1,"VASC",0,"L","","2025/10/21","True","1","50","166","0","","",""
"2536","2025/10/21","FPICO1T08:15","1999/09/15",45.3,1,151,1,"VASC",0.1,"L","","2025/10/21","True","1","50","166","0","","",""
"2537","2025/10/21","FPICO1T08:15","1999/09/15",45.6,1,152,1,"VASC",0.2,"L","","2025/10/21","True","1","50","166","0","","",""
"2538","2025/10/21","FPICO1T08:15","1999/09/15",45.9,1,153,1,"VASC",0.1,"L","","2025/10/21","True","1","50","166","0","","",""
"2539","2025/10/21","FPICO1T08:15","1999/09/15",46.2,1,154,1,"WOOD1",0,"D","","2025/10/21","True","1","50","166","0","","",""
"2540","2025/10/21","FPICO1T08:15","1999/09/15",46.5,1,155,1,"LITT1",0,"D","","2025/10/21","True","1","50","166","0","","",""
"2541","2025/10/21","FPICO1T08:15","1999/09/15",46.8,1,156,1,"LITT1",0,"D","","2025/10/21","True","1","50","166","0","","",""
"2542","2025/10/21","FPICO1T08:15","1999/09/15",47.1,1,157,1,"LITT1",0,"D","","2025/10/21","True","1","50","166","0","","",""
"2543","2025/10/21","FPICO1T08:15","1999/09/15",47.4,1,158,1,"WOOD1",0,"D","","2025/10/21","True","1","50","166","0","","",""
"2544","2025/10/21","FPICO1T08:15","1999/09/15",47.7,1,159,1,"LITT1",0,"D","","2025/10/21","True","1","50","166","0","","",""
"2545","2025/10/21","FPICO1T08:15","1999/09/15",48,1,160,1,"LITT1",0,"D","","2025/10/21","True","1","50","166","0","","",""
"2546","2025/10/21","FPICO1T08:15","1999/09/15",48.3,1,161,1,"LITT1",0,"D","","2025/10/21","True","1","50","166","0","","",""
"2547","2025/10/21","FPICO1T08:15","1999/09/15",48.6,1,162,1,"LITT1",0,"D","","2025/10/21","True","1","50","166","0","","",""
"2548","2025/10/21","FPICO1T08:15","1999/09/15",48.9,1,163,1,"LITT1",0,"D","","2025/10/21","True","1","50","166","0","","",""
"2549","2025/10/21","FPICO1T08:15","1999/09/15",49.2,1,164,1,"VASC",0,"L","","2025/10/21","True","1","50","166","0","","",""
"2550","2025/10/21","FPICO1T08:15","1999/09/15",49.5,1,165,1,"LITT1",0,"D","","2025/10/21","True","1","50","166","0","","",""
"2551","2025/10/21","FPICO1T08:15","1999/09/15",49.8,1,166,1,"LITT1",0,"D","","2025/10/21","True","1","50","166","0","","",""
"2552","2025/10/21","FPICO1T08:16","1999/09/16",0.3,1,1,1,"LITT1",0,"D","","2025/10/21","True","1","50","166","0","","",""
"2553","2025/10/21","FPICO1T08:16","1999/09/16",0.6,1,2,1,"LITT1",0,"D","","2025/10/21","True","1","50","166","0","","",""
"2554","2025/10/21","FPICO1T08:16","1999/09/16",0.9,1,3,1,"ROCK1",0,"D","","2025/10/21","True","1","50","166","0","","",""
"2555","2025/10/21","FPICO1T08:16","1999/09/16",1.2,1,4,1,"ROCK1",0,"D","","2025/10/21","True","1","50","166","0","","",""
"2556","2025/10/21","FPICO1T08:16","1999/09/16",1.5,1,5,1,"BARE1",0,"D","","2025/10/21","True","1","50","166","0","","",""
"2557","2025/10/21","FPICO1T08:16","1999/09/16",1.8,1,6,1,"VASC",0.2,"L","","2025/10/21","True","1","50","166","0","","",""
"2558","2025/10/21","FPICO1T08:16","1999/09/16",2.1,1,7,1,"VASC",0.2,"L","","2025/10/21","True","1","50","166","0","","",""
"2559","2025/10/21","FPICO1T08:16","1999/09/16",2.4,1,8,1,"VASC",0.1,"L","","2025/10/21","True","1","50","166","0","","",""
"2560","2025/10/21","FPICO1T08:16","1999/09/16",2.7,1,9,1,"VASC",0.1,"L","","2025/10/21","True","1","50","166","0","","",""
"2561","2025/10/21","FPICO1T08:16","1999/09/16",3,1,10,1,"UNKM1",0,"L","","2025/10/21","True","1","50","166","0","","",""
"2562","2025/10/21","FPICO1T08:16","1999/09/16",3.3,1,11,1,"UNKM1",0,"L","","2025/10/21","True","1","50","166","0","","",""
"2563","2025/10/21","FPICO1T08:16","1999/09/16",3.6,1,12,1,"UNKM1",0,"L","","2025/10/21","True","1","50","166","0","","",""
"2564","2025/10/21","FPICO1T08:16","1999/09/16",3.9,1,13,1,"LITT1",0,"D","","2025/10/21","True","1","50","166","0","","",""
"2565","2025/10/21","FPICO1T08:16","1999/09/16",4.2,1,14,1,"VASC",0.2,"L","","2025/10/21","True","1","50","166","0","","",""
"2566","2025/10/21","FPICO1T08:16","1999/09/16",4.5,1,15,1,"UNKM1",0,"L","","2025/10/21","True","1","50","166","0","","",""
"2567","2025/10/21","FPICO1T08:16","1999/09/16",4.8,1,16,1,"VASC",0.1,"L","","2025/10/21","True","1","50","166","0","","",""
"2568","2025/10/21","FPICO1T08:16","1999/09/16",5.1,1,17,1,"ROCK1",0,"D","","2025/10/21","True","1","50","166","0","","",""
"2569","2025/10/21","FPICO1T08:16","1999/09/16",5.4,1,18,1,"VASC",0.2,"L","","2025/10/21","True","1","50","166","0","","",""
"2570","2025/10/21","FPICO1T08:16","1999/09/16",5.7,1,19,1,"LITT1",0,"D","","2025/10/21","True","1","50","166","0","","",""
"2571","2025/10/21","FPICO1T08:16","1999/09/16",6,1,20,1,"WOOD1",0,"D","","2025/10/21","True","1","50","166","0","","",""
"2572","2025/10/21","FPICO1T08:16","1999/09/16",6.3,1,21,1,"LITT1",0,"D","","2025/10/21","True","1","50","166","0","","",""
"2573","2025/10/21","FPICO1T08:16","1999/09/16",6.6,1,22,1,"WOOD1",0,"D","","2025/10/21","True","1","50","166","0","","",""
"2574","2025/10/21","FPICO1T08:16","1999/09/16",6.9,1,23,1,"VASC",0.1,"L","","2025/10/21","True","1","50","166","0","","",""
"2575","2025/10/21","FPICO1T08:16","1999/09/16",7.2,1,24,1,"VASC",0.1,"L","","2025/10/21","True","1","50","166","0","","",""
"2576","2025/10/21","FPICO1T08:16","1999/09/16",7.5,1,25,1,"VASC",0.1,"L","","2025/10/21","True","1","50","166","0","","",""
"2577","2025/10/21","FPICO1T08:16","1999/09/16",7.8,1,26,1,"LITT1",0,"D","","2025/10/21","True","1","50","166","0","","",""
"2578","2025/10/21","FPICO1T08:16","1999/09/16",8.1,1,27,1,"UNKM1",0,"L","","2025/10/21","True","1","50","166","0","","",""
"2579","2025/10/21","FPICO1T08:16","1999/09/16",8.4,1,28,1,"VASC",0.1,"L","","2025/10/21","True","1","50","166","0","","",""
"2580","2025/10/21","FPICO1T08:16","1999/09/16",8.7,1,29,1,"VASC",0.1,"L","","2025/10/21","True","1","50","166","0","","",""
"2581","2025/10/21","FPICO1T08:16","1999/09/16",9,1,30,1,"LITT1",0,"D","","2025/10/21","True","1","50","166","0","","",""
"2582","2025/10/21","FPICO1T08:16","1999/09/16",9.3,1,31,1,"WOOD1",0,"D","","2025/10/21","True","1","50","166","0","","",""
"2583","2025/10/21","FPICO1T08:16","1999/09/16",9.6,1,32,1,"WOOD1",0,"D","","2025/10/21","True","1","50","166","0","","",""
"2584","2025/10/21","FPICO1T08:16","1999/09/16",9.9,1,33,1,"WOOD1",0,"D","","2025/10/21","True","1","50","166","0","","",""
"2585","2025/10/21","FPICO1T08:16","1999/09/16",10.2,1,34,1,"WOOD1",0,"D","","2025/10/21","True","1","50","166","0","","",""
"2586","2025/10/21","FPICO1T08:16","1999/09/16",10.5,1,35,1,"UNKM1",0,"L","","2025/10/21","True","1","50","166","0","","",""
"2587","2025/10/21","FPICO1T08:16","1999/09/16",10.8,1,36,1,"PYCH",0.1,"L","","2025/10/21","True","1","50","166","0","","",""
"2588","2025/10/21","FPICO1T08:16","1999/09/16",10.8,1,36,2,"VASC",0,"L","","2025/10/21","True","1","50","166","0","","",""
"2589","2025/10/21","FPICO1T08:16","1999/09/16",11.1,1,37,1,"LITT1",0,"D","","2025/10/21","True","1","50","166","0","","",""
"2590","2025/10/21","FPICO1T08:16","1999/09/16",11.4,1,38,1,"VASC",0.1,"L","","2025/10/21","True","1","50","166","0","","",""
"2591","2025/10/21","FPICO1T08:16","1999/09/16",11.7,1,39,1,"LITT1",0,"D","","2025/10/21","True","1","50","166","0","","",""
"2592","2025/10/21","FPICO1T08:16","1999/09/16",12,1,40,1,"LITT1",0,"D","","2025/10/21","True","1","50","166","0","","",""
"2593","2025/10/21","FPICO1T08:16","1999/09/16",12.3,1,41,1,"VASC",0.1,"L","","2025/10/21","True","1","50","166","0","","",""
"2594","2025/10/21","FPICO1T08:16","1999/09/16",12.6,1,42,1,"UNKM1",0,"L","","2025/10/21","True","1","50","166","0","","",""
"2595","2025/10/21","FPICO1T08:16","1999/09/16",12.9,1,43,1,"LITT1",0,"D","","2025/10/21","True","1","50","166","0","","",""
"2596","2025/10/21","FPICO1T08:16","1999/09/16",13.2,1,44,1,"VASC",0.1,"L","","2025/10/21","True","1","50","166","0","","",""
"2597","2025/10/21","FPICO1T08:16","1999/09/16",13.5,1,45,1,"VASC",0,"L","","2025/10/21","True","1","50","166","0","","",""
"2598","2025/10/21","FPICO1T08:16","1999/09/16",13.8,1,46,1,"LITT1",0,"D","","2025/10/21","True","1","50","166","0","","",""
"2599","2025/10/21","FPICO1T08:16","1999/09/16",14.1,1,47,1,"LITT1",0,"D","","2025/10/21","True","1","50","166","0","","",""
"2600","2025/10/21","FPICO1T08:16","1999/09/16",14.4,1,48,1,"VASC",0.1,"L","","2025/10/21","True","1","50","166","0","","",""
"2601","2025/10/21","FPICO1T08:16","1999/09/16",14.7,1,49,1,"JUCO6",0.3,"L","","2025/10/21","True","1","50","166","0","","",""
"2602","2025/10/21","FPICO1T08:16","1999/09/16",14.7,1,49,2,"VASC",0,"L","","2025/10/21","True","1","50","166","0","","",""
"2603","2025/10/21","FPICO1T08:16","1999/09/16",15,1,50,1,"ROCK1",0,"D","","2025/10/21","True","1","50","166","0","","",""
"2604","2025/10/21","FPICO1T08:16","1999/09/16",15.3,1,51,1,"LITT1",0,"D","","2025/10/21","True","1","50","166","0","","",""
"2605","2025/10/21","FPICO1T08:16","1999/09/16",15.6,1,52,1,"VASC",0.2,"L","","2025/10/21","True","1","50","166","0","","",""
"2606","2025/10/21","FPICO1T08:16","1999/09/16",15.9,1,53,1,"LITT1",0,"D","","2025/10/21","True","1","50","166","0","","",""
"2607","2025/10/21","FPICO1T08:16","1999/09/16",16.2,1,54,1,"LITT1",0,"D","","2025/10/21","True","1","50","166","0","","",""
"2608","2025/10/21","FPICO1T08:16","1999/09/16",16.5,1,55,1,"WOOD1",0,"D","","2025/10/21","True","1","50","166","0","","",""
"2609","2025/10/21","FPICO1T08:16","1999/09/16",16.8,1,56,1,"VASC",0.1,"L","","2025/10/21","True","1","50","166","0","","",""
"2610","2025/10/21","FPICO1T08:16","1999/09/16",17.1,1,57,1,"LITT1",0,"D","","2025/10/21","True","1","50","166","0","","",""
"2611","2025/10/21","FPICO1T08:16","1999/09/16",17.4,1,58,1,"VASC",0.1,"L","","2025/10/21","True","1","50","166","0","","",""
"2612","2025/10/21","FPICO1T08:16","1999/09/16",17.7,1,59,1,"LITT1",0,"D","","2025/10/21","True","1","50","166","0","","",""
"2613","2025/10/21","FPICO1T08:16","1999/09/16",18,1,60,1,"VASC",0.1,"L","","2025/10/21","True","1","50","166","0","","",""
"2614","2025/10/21","FPICO1T08:16","1999/09/16",18.3,1,61,1,"SEDE2",0,"L","","2025/10/21","True","1","50","166","0","","",""
"2615","2025/10/21","FPICO1T08:16","1999/09/16",18.6,1,62,1,"BARE1",0,"D","","2025/10/21","True","1","50","166","0","","",""
"2616","2025/10/21","FPICO1T08:16","1999/09/16",18.9,1,63,1,"LITT1",0,"D","","2025/10/21","True","1","50","166","0","","",""
"2617","2025/10/21","FPICO1T08:16","1999/09/16",19.2,1,64,1,"WOOD1",0,"D","","2025/10/21","True","1","50","166","0","","",""
"2618","2025/10/21","FPICO1T08:16","1999/09/16",19.5,1,65,1,"WOOD1",0,"D","","2025/10/21","True","1","50","166","0","","",""
"2619","2025/10/21","FPICO1T08:16","1999/09/16",19.8,1,66,1,"ROCK1",0,"D","","2025/10/21","True","1","50","166","0","","",""
"2620","2025/10/21","FPICO1T08:16","1999/09/16",20.1,1,67,1,"LITT1",0,"D","","2025/10/21","True","1","50","166","0","","",""
"2621","2025/10/21","FPICO1T08:16","1999/09/16",20.4,1,68,1,"VASC",0.2,"L","","2025/10/21","True","1","50","166","0","","",""
"2622","2025/10/21","FPICO1T08:16","1999/09/16",20.7,1,69,1,"VASC",0,"L","","2025/10/21","True","1","50","166","0","","",""
"2623","2025/10/21","FPICO1T08:16","1999/09/16",21,1,70,1,"VASC",0.1,"L","","2025/10/21","True","1","50","166","0","","",""
"2624","2025/10/21","FPICO1T08:16","1999/09/16",21,1,70,2,"UNKM1",0,"L","","2025/10/21","True","1","50","166","0","","",""
"2625","2025/10/21","FPICO1T08:16","1999/09/16",21.3,1,71,1,"LITT1",0,"D","","2025/10/21","True","1","50","166","0","","",""
"2626","2025/10/21","FPICO1T08:16","1999/09/16",21.6,1,72,1,"VASC",0.1,"L","","2025/10/21","True","1","50","166","0","","",""
"2627","2025/10/21","FPICO1T08:16","1999/09/16",21.9,1,73,1,"VASC",0.1,"L","","2025/10/21","True","1","50","166","0","","",""
"2628","2025/10/21","FPICO1T08:16","1999/09/16",22.2,1,74,1,"WOOD1",0,"D","","2025/10/21","True","1","50","166","0","","",""
"2629","2025/10/21","FPICO1T08:16","1999/09/16",22.5,1,75,1,"WOOD1",0,"D","","2025/10/21","True","1","50","166","0","","",""
"2630","2025/10/21","FPICO1T08:16","1999/09/16",22.8,1,76,1,"WOOD1",0,"D","","2025/10/21","True","1","50","166","0","","",""
"2631","2025/10/21","FPICO1T08:16","1999/09/16",23.1,1,77,1,"LITT1",0,"D","","2025/10/21","True","1","50","166","0","","",""
"2632","2025/10/21","FPICO1T08:16","1999/09/16",23.4,1,78,1,"LITT1",0,"D","","2025/10/21","True","1","50","166","0","","",""
"2633","2025/10/21","FPICO1T08:16","1999/09/16",23.7,1,79,1,"VASC",0.1,"L","","2025/10/21","True","1","50","166","0","","",""
"2634","2025/10/21","FPICO1T08:16","1999/09/16",24,1,80,1,"VASC",0.1,"L","","2025/10/21","True","1","50","166","0","","",""
"2635","2025/10/21","FPICO1T08:16","1999/09/16",24.3,1,81,1,"LITT1",0,"D","","2025/10/21","True","1","50","166","0","","",""
"2636","2025/10/21","FPICO1T08:16","1999/09/16",24.6,1,82,1,"VASC",0.1,"L","","2025/10/21","True","1","50","166","0","","",""
"2637","2025/10/21","FPICO1T08:16","1999/09/16",24.9,1,83,1,"VASC",0.1,"L","","2025/10/21","True","1","50","166","0","","",""
"2638","2025/10/21","FPICO1T08:16","1999/09/16",25.2,1,84,1,"LITT1",0,"D","","2025/10/21","True","1","50","166","0","","",""
"2639","2025/10/21","FPICO1T08:16","1999/09/16",25.5,1,85,1,"LITT1",0,"D","","2025/10/21","True","1","50","166","0","","",""
"2640","2025/10/21","FPICO1T08:16","1999/09/16",25.8,1,86,1,"VASC",0.1,"L","","2025/10/21","True","1","50","166","0","","",""
"2641","2025/10/21","FPICO1T08:16","1999/09/16",26.1,1,87,1,"LITT1",0,"D","","2025/10/21","True","1","50","166","0","","",""
"2642","2025/10/21","FPICO1T08:16","1999/09/16",26.4,1,88,1,"LITT1",0,"D","","2025/10/21","True","1","50","166","0","","",""
"2643","2025/10/21","FPICO1T08:16","1999/09/16",26.7,1,89,1,"LITT1",0,"D","","2025/10/21","True","1","50","166","0","","",""
"2644","2025/10/21","FPICO1T08:16","1999/09/16",27,1,90,1,"VASC",0.1,"L","","2025/10/21","True","1","50","166","0","","",""
"2645","2025/10/21","FPICO1T08:16","1999/09/16",27.3,1,91,1,"VASC",0.1,"L","","2025/10/21","True","1","50","166","0","","",""
"2646","2025/10/21","FPICO1T08:16","1999/09/16",27.6,1,92,1,"VASC",0,"L","","2025/10/21","True","1","50","166","0","","",""
"2647","2025/10/21","FPICO1T08:16","1999/09/16",27.9,1,93,1,"VASC",0,"L","","2025/10/21","True","1","50","166","0","","",""
"2648","2025/10/21","FPICO1T08:16","1999/09/16",28.2,1,94,1,"LITT1",0,"D","","2025/10/21","True","1","50","166","0","","",""
"2649","2025/10/21","FPICO1T08:16","1999/09/16",28.5,1,95,1,"VASC",0.2,"L","","2025/10/21","True","1","50","166","0","","",""
"2650","2025/10/21","FPICO1T08:16","1999/09/16",28.8,1,96,1,"LITT1",0,"D","","2025/10/21","True","1","50","166","0","","",""
"2651","2025/10/21","FPICO1T08:16","1999/09/16",29.1,1,97,1,"LITT1",0,"D","","2025/10/21","True","1","50","166","0","","",""
"2652","2025/10/21","FPICO1T08:16","1999/09/16",29.4,1,98,1,"LITT1",0,"D","","2025/10/21","True","1","50","166","0","","",""
"2653","2025/10/21","FPICO1T08:16","1999/09/16",29.7,1,99,1,"SHCA",0.1,"L","","2025/10/21","True","1","50","166","0","","",""
"2654","2025/10/21","FPICO1T08:16","1999/09/16",29.7,1,99,2,"VASC",0,"L","","2025/10/21","True","1","50","166","0","","",""
"2655","2025/10/21","FPICO1T08:16","1999/09/16",30,1,100,1,"UNKM2",0,"L","","2025/10/21","True","1","50","166","0","","",""
"2656","2025/10/21","FPICO1T08:16","1999/09/16",30.3,1,101,1,"VASC",0.2,"L","","2025/10/21","True","1","50","166","0","","",""
"2657","2025/10/21","FPICO1T08:16","1999/09/16",30.6,1,102,1,"WOOD1",0,"D","","2025/10/21","True","1","50","166","0","","",""
"2658","2025/10/21","FPICO1T08:16","1999/09/16",30.9,1,103,1,"LITT1",0,"D","","2025/10/21","True","1","50","166","0","","",""
"2659","2025/10/21","FPICO1T08:16","1999/09/16",31.2,1,104,1,"UNKM1",0,"L","","2025/10/21","True","1","50","166","0","","",""
"2660","2025/10/21","FPICO1T08:16","1999/09/16",31.5,1,105,1,"VASC",0.1,"L","","2025/10/21","True","1","50","166","0","","",""
"2661","2025/10/21","FPICO1T08:16","1999/09/16",31.5,1,105,2,"UNKM1",0,"L","","2025/10/21","True","1","50","166","0","","",""
"2662","2025/10/21","FPICO1T08:16","1999/09/16",31.8,1,106,1,"LITT1",0,"D","","2025/10/21","True","1","50","166","0","","",""
"2663","2025/10/21","FPICO1T08:16","1999/09/16",32.1,1,107,1,"LITT1",0,"D","","2025/10/21","True","1","50","166","0","","",""
"2664","2025/10/21","FPICO1T08:16","1999/09/16",32.4,1,108,1,"VASC",0.1,"L","","2025/10/21","True","1","50","166","0","","",""
"2665","2025/10/21","FPICO1T08:16","1999/09/16",32.7,1,109,1,"LITT1",0,"D","","2025/10/21","True","1","50","166","0","","",""
"2666","2025/10/21","FPICO1T08:16","1999/09/16",33,1,110,1,"LITT1",0,"D","","2025/10/21","True","1","50","166","0","","",""
"2667","2025/10/21","FPICO1T08:16","1999/09/16",33.3,1,111,1,"VASC",0.2,"L","","2025/10/21","True","1","50","166","0","","",""
"2668","2025/10/21","FPICO1T08:16","1999/09/16",33.6,1,112,1,"LITT1",0,"D","","2025/10/21","True","1","50","166","0","","",""
"2669","2025/10/21","FPICO1T08:16","1999/09/16",33.9,1,113,1,"LITT1",0,"D","","2025/10/21","True","1","50","166","0","","",""
"2670","2025/10/21","FPICO1T08:16","1999/09/16",34.2,1,114,1,"LITT1",0,"D","","2025/10/21","True","1","50","166","0","","",""
"2671","2025/10/21","FPICO1T08:16","1999/09/16",34.5,1,115,1,"ROCK1",0,"D","","2025/10/21","True","1","50","166","0","","",""
"2672","2025/10/21","FPICO1T08:16","1999/09/16",34.8,1,116,1,"VASC",0.1,"L","","2025/10/21","True","1","50","166","0","","",""
"2673","2025/10/21","FPICO1T08:16","1999/09/16",35.1,1,117,1,"LITT1",0,"D","","2025/10/21","True","1","50","166","0","","",""
"2674","2025/10/21","FPICO1T08:16","1999/09/16",35.4,1,118,1,"VASC",0.1,"L","","2025/10/21","True","1","50","166","0","","",""
"2675","2025/10/21","FPICO1T08:16","1999/09/16",35.7,1,119,1,"VASC",0.2,"L","","2025/10/21","True","1","50","166","0","","",""
"2676","2025/10/21","FPICO1T08:16","1999/09/16",36,1,120,1,"LITT1",0,"D","","2025/10/21","True","1","50","166","0","","",""
"2677","2025/10/21","FPICO1T08:16","1999/09/16",36.3,1,121,1,"ROCK1",0,"D","","2025/10/21","True","1","50","166","0","","",""
"2678","2025/10/21","FPICO1T08:16","1999/09/16",36.6,1,122,1,"LITT1",0,"D","","2025/10/21","True","1","50","166","0","","",""
"2679","2025/10/21","FPICO1T08:16","1999/09/16",36.9,1,123,1,"WOOD1",0,"D","","2025/10/21","True","1","50","166","0","","",""
"2680","2025/10/21","FPICO1T08:16","1999/09/16",37.2,1,124,1,"WOOD1",0,"D","","2025/10/21","True","1","50","166","0","","",""
"2681","2025/10/21","FPICO1T08:16","1999/09/16",37.5,1,125,1,"WOOD1",0,"D","","2025/10/21","True","1","50","166","0","","",""
"2682","2025/10/21","FPICO1T08:16","1999/09/16",37.8,1,126,1,"WOOD1",0,"D","","2025/10/21","True","1","50","166","0","","",""
"2683","2025/10/21","FPICO1T08:16","1999/09/16",38.1,1,127,1,"WOOD1",0,"D","","2025/10/21","True","1","50","166","0","","",""
"2684","2025/10/21","FPICO1T08:16","1999/09/16",38.4,1,128,1,"WOOD1",0,"D","","2025/10/21","True","1","50","166","0","","",""
"2685","2025/10/21","FPICO1T08:16","1999/09/16",38.7,1,129,1,"LITT1",0,"D","","2025/10/21","True","1","50","166","0","","",""
"2686","2025/10/21","FPICO1T08:16","1999/09/16",39,1,130,1,"LITT1",0,"D","","2025/10/21","True","1","50","166","0","","",""
"2687","2025/10/21","FPICO1T08:16","1999/09/16",39.3,1,131,1,"LITT1",0,"D","","2025/10/21","True","1","50","166","0","","",""
"2688","2025/10/21","FPICO1T08:16","1999/09/16",39.6,1,132,1,"LITT1",0,"D","","2025/10/21","True","1","50","166","0","","",""
"2689","2025/10/21","FPICO1T08:16","1999/09/16",39.9,1,133,1,"LITT1",0,"D","","2025/10/21","True","1","50","166","0","","",""
"2690","2025/10/21","FPICO1T08:16","1999/09/16",40.2,1,134,1,"LITT1",0,"D","","2025/10/21","True","1","50","166","0","","",""
"2691","2025/10/21","FPICO1T08:16","1999/09/16",40.5,1,135,1,"WOOD1",0,"D","","2025/10/21","True","1","50","166","0","","",""
"2692","2025/10/21","FPICO1T08:16","1999/09/16",40.8,1,136,1,"WOOD1",0,"D","","2025/10/21","True","1","50","166","0","","",""
"2693","2025/10/21","FPICO1T08:16","1999/09/16",41.1,1,137,1,"WOOD1",0,"D","","2025/10/21","True","1","50","166","0","","",""
"2694","2025/10/21","FPICO1T08:16","1999/09/16",41.4,1,138,1,"WOOD1",0,"D","","2025/10/21","True","1","50","166","0","","",""
"2695","2025/10/21","FPICO1T08:16","1999/09/16",41.7,1,139,1,"WOOD1",0,"D","","2025/10/21","True","1","50","166","0","","",""
"2696","2025/10/21","FPICO1T08:16","1999/09/16",42,1,140,1,"WOOD1",0,"D","","2025/10/21","True","1","50","166","0","","",""
"2697","2025/10/21","FPICO1T08:16","1999/09/16",42.3,1,141,1,"ROCK1",0,"D","","2025/10/21","True","1","50","166","0","","",""
"2698","2025/10/21","FPICO1T08:16","1999/09/16",42.6,1,142,1,"LITT1",0,"D","","2025/10/21","True","1","50","166","0","","",""
"2699","2025/10/21","FPICO1T08:16","1999/09/16",42.9,1,143,1,"LITT1",0,"D","","2025/10/21","True","1","50","166","0","","",""
"2700","2025/10/21","FPICO1T08:16","1999/09/16",43.2,1,144,1,"UNKF1",0,"L","","2025/10/21","True","1","50","166","0","","",""
"2701","2025/10/21","FPICO1T08:16","1999/09/16",43.5,1,145,1,"VASC",0.1,"L","","2025/10/21","True","1","50","166","0","","",""
"2702","2025/10/21","FPICO1T08:16","1999/09/16",43.8,1,146,1,"ROCK1",0,"D","","2025/10/21","True","1","50","166","0","","",""
"2703","2025/10/21","FPICO1T08:16","1999/09/16",44.1,1,147,1,"ROCK1",0,"D","","2025/10/21","True","1","50","166","0","","",""
"2704","2025/10/21","FPICO1T08:16","1999/09/16",44.4,1,148,1,"VASC",0.1,"L","","2025/10/21","True","1","50","166","0","","",""
"2705","2025/10/21","FPICO1T08:16","1999/09/16",44.7,1,149,1,"LITT1",0,"D","","2025/10/21","True","1","50","166","0","","",""
"2706","2025/10/21","FPICO1T08:16","1999/09/16",45,1,150,1,"LITT1",0,"D","","2025/10/21","True","1","50","166","0","","",""
"2707","2025/10/21","FPICO1T08:16","1999/09/16",45.3,1,151,1,"LITT1",0,"D","","2025/10/21","True","1","50","166","0","","",""
"2708","2025/10/21","FPICO1T08:16","1999/09/16",45.6,1,152,1,"LITT1",0,"D","","2025/10/21","True","1","50","166","0","","",""
"2709","2025/10/21","FPICO1T08:16","1999/09/16",45.9,1,153,1,"ROCK1",0,"D","","2025/10/21","True","1","50","166","0","","",""
"2710","2025/10/21","FPICO1T08:16","1999/09/16",46.2,1,154,1,"VASC",0.1,"L","","2025/10/21","True","1","50","166","0","","",""
"2711","2025/10/21","FPICO1T08:16","1999/09/16",46.5,1,155,1,"VASC",0.1,"L","","2025/10/21","True","1","50","166","0","","",""
"2712","2025/10/21","FPICO1T08:16","1999/09/16",46.8,1,156,1,"VASC",0.1,"L","","2025/10/21","True","1","50","166","0","","",""
"2713","2025/10/21","FPICO1T08:16","1999/09/16",47.1,1,157,1,"VASC",0,"L","","2025/10/21","True","1","50","166","0","","",""
"2714","2025/10/21","FPICO1T08:16","1999/09/16",47.4,1,158,1,"ROCK1",0,"D","","2025/10/21","True","1","50","166","0","","",""
"2715","2025/10/21","FPICO1T08:16","1999/09/16",47.7,1,159,1,"VASC",0.1,"L","","2025/10/21","True","1","50","166","0","","",""
"2716","2025/10/21","FPICO1T08:16","1999/09/16",48,1,160,1,"ROCK1",0,"D","","2025/10/21","True","1","50","166","0","","",""
"2717","2025/10/21","FPICO1T08:16","1999/09/16",48.3,1,161,1,"LITT1",0,"D","","2025/10/21","True","1","50","166","0","","",""
"2718","2025/10/21","FPICO1T08:16","1999/09/16",48.6,1,162,1,"ROCK1",0,"D","","2025/10/21","True","1","50","166","0","","",""
"2719","2025/10/21","FPICO1T08:16","1999/09/16",48.9,1,163,1,"ROCK1",0,"D","","2025/10/21","True","1","50","166","0","","",""
"2720","2025/10/21","FPICO1T08:16","1999/09/16",49.2,1,164,1,"LITT1",0,"D","","2025/10/21","True","1","50","166","0","","",""
"2721","2025/10/21","FPICO1T08:16","1999/09/16",49.5,1,165,1,"VASC",0.1,"L","","2025/10/21","True","1","50","166","0","","",""
"2722","2025/10/21","FPICO1T08:16","1999/09/16",49.8,1,166,1,"LITT1",0,"D","","2025/10/21","True","1","50","166","0","","",""
"2723","2025/10/21","FPICO1T08:19","1999/09/16",0.3,1,1,1,"LITT1",0,"D","","2025/10/21","True","1","50","166","0","","",""
"2724","2025/10/21","FPICO1T08:19","1999/09/16",0.6,1,2,1,"LITT1",0,"D","","2025/10/21","True","1","50","166","0","","",""
"2725","2025/10/21","FPICO1T08:19","1999/09/16",0.9,1,3,1,"LITT1",0,"D","","2025/10/21","True","1","50","166","0","","",""
"2726","2025/10/21","FPICO1T08:19","1999/09/16",1.2,1,4,1,"JUCO6",0.1,"L","","2025/10/21","True","1","50","166","0","","",""
"2727","2025/10/21","FPICO1T08:19","1999/09/16",1.5,1,5,1,"JUCO6",0.2,"L","","2025/10/21","True","1","50","166","0","","",""
"2728","2025/10/21","FPICO1T08:19","1999/09/16",1.8,1,6,1,"JUCO6",0,"L","","2025/10/21","True","1","50","166","0","","",""
"2729","2025/10/21","FPICO1T08:19","1999/09/16",2.1,1,7,1,"JUCO6",0.3,"L","","2025/10/21","True","1","50","166","0","","",""
"2730","2025/10/21","FPICO1T08:19","1999/09/16",2.4,1,8,1,"JUCO6",0.1,"L","","2025/10/21","True","1","50","166","0","","",""
"2731","2025/10/21","FPICO1T08:19","1999/09/16",2.7,1,9,1,"LITT1",0,"D","","2025/10/21","True","1","50","166","0","","",""
"2732","2025/10/21","FPICO1T08:19","1999/09/16",3,1,10,1,"LITT1",0,"D","","2025/10/21","True","1","50","166","0","","",""
"2733","2025/10/21","FPICO1T08:19","1999/09/16",3.3,1,11,1,"LITT1",0,"D","","2025/10/21","True","1","50","166","0","","",""
"2734","2025/10/21","FPICO1T08:19","1999/09/16",3.6,1,12,1,"ROCK1",0,"D","","2025/10/21","True","1","50","166","0","","",""
"2735","2025/10/21","FPICO1T08:19","1999/09/16",3.9,1,13,1,"LITT1",0,"D","","2025/10/21","True","1","50","166","0","","",""
"2736","2025/10/21","FPICO1T08:19","1999/09/16",4.2,1,14,1,"LITT1",0,"D","","2025/10/21","True","1","50","166","0","","",""
"2737","2025/10/21","FPICO1T08:19","1999/09/16",4.5,1,15,1,"LITT1",0,"D","","2025/10/21","True","1","50","166","0","","",""
"2738","2025/10/21","FPICO1T08:19","1999/09/16",4.8,1,16,1,"WOOD1",0,"D","","2025/10/21","True","1","50","166","0","","",""
"2739","2025/10/21","FPICO1T08:19","1999/09/16",5.1,1,17,1,"LITT1",0,"D","","2025/10/21","True","1","50","166","0","","",""
"2740","2025/10/21","FPICO1T08:19","1999/09/16",5.4,1,18,1,"LITT1",0,"D","","2025/10/21","True","1","50","166","0","","",""
"2741","2025/10/21","FPICO1T08:19","1999/09/16",5.7,1,19,1,"LITT1",0,"D","","2025/10/21","True","1","50","166","0","","",""
"2742","2025/10/21","FPICO1T08:19","1999/09/16",6,1,20,1,"LITT1",0,"D","","2025/10/21","True","1","50","166","0","","",""
"2743","2025/10/21","FPICO1T08:19","1999/09/16",6.3,1,21,1,"LITT1",0,"D","","2025/10/21","True","1","50","166","0","","",""
"2744","2025/10/21","FPICO1T08:19","1999/09/16",6.6,1,22,1,"LITT1",0,"D","","2025/10/21","True","1","50","166","0","","",""
"2745","2025/10/21","FPICO1T08:19","1999/09/16",6.9,1,23,1,"LITT1",0,"D","","2025/10/21","True","1","50","166","0","","",""
"2746","2025/10/21","FPICO1T08:19","1999/09/16",7.2,1,24,1,"LITT1",0,"D","","2025/10/21","True","1","50","166","0","","",""
"2747","2025/10/21","FPICO1T08:19","1999/09/16",7.5,1,25,1,"LITT1",0,"D","","2025/10/21","True","1","50","166","0","","",""
"2748","2025/10/21","FPICO1T08:19","1999/09/16",7.8,1,26,1,"LITT1",0,"D","","2025/10/21","True","1","50","166","0","","",""
"2749","2025/10/21","FPICO1T08:19","1999/09/16",8.1,1,27,1,"LITT1",0,"D","","2025/10/21","True","1","50","166","0","","",""
"2750","2025/10/21","FPICO1T08:19","1999/09/16",8.4,1,28,1,"LITT1",0,"D","","2025/10/21","True","1","50","166","0","","",""
"2751","2025/10/21","FPICO1T08:19","1999/09/16",8.7,1,29,1,"LITT1",0,"D","","2025/10/21","True","1","50","166","0","","",""
"2752","2025/10/21","FPICO1T08:19","1999/09/16",9,1,30,1,"LITT1",0,"D","","2025/10/21","True","1","50","166","0","","",""
"2753","2025/10/21","FPICO1T08:19","1999/09/16",9.3,1,31,1,"LITT1",0,"D","","2025/10/21","True","1","50","166","0","","",""
"2754","2025/10/21","FPICO1T08:19","1999/09/16",9.6,1,32,1,"LITT1",0,"D","","2025/10/21","True","1","50","166","0","","",""
"2755","2025/10/21","FPICO1T08:19","1999/09/16",9.9,1,33,1,"LITT1",0,"D","","2025/10/21","True","1","50","166","0","","",""
"2756","2025/10/21","FPICO1T08:19","1999/09/16",10.2,1,34,1,"LITT1",0,"D","","2025/10/21","True","1","50","166","0","","",""
"2757","2025/10/21","FPICO1T08:19","1999/09/16",10.5,1,35,1,"LITT1",0,"D","","2025/10/21","True","1","50","166","0","","",""
"2758","2025/10/21","FPICO1T08:19","1999/09/16",10.8,1,36,1,"LITT1",0,"D","","2025/10/21","True","1","50","166","0","","",""
"2759","2025/10/21","FPICO1T08:19","1999/09/16",11.1,1,37,1,"LITT1",0,"D","","2025/10/21","True","1","50","166","0","","",""
"2760","2025/10/21","FPICO1T08:19","1999/09/16",11.4,1,38,1,"LITT1",0,"D","","2025/10/21","True","1","50","166","0","","",""
"2761","2025/10/21","FPICO1T08:19","1999/09/16",11.7,1,39,1,"LITT1",0,"D","","2025/10/21","True","1","50","166","0","","",""
"2762","2025/10/21","FPICO1T08:19","1999/09/16",12,1,40,1,"LITT1",0,"D","","2025/10/21","True","1","50","166","0","","",""
"2763","2025/10/21","FPICO1T08:19","1999/09/16",12.3,1,41,1,"LITT1",0,"D","","2025/10/21","True","1","50","166","0","","",""
"2764","2025/10/21","FPICO1T08:19","1999/09/16",12.6,1,42,1,"LITT1",0,"D","","2025/10/21","True","1","50","166","0","","",""
"2765","2025/10/21","FPICO1T08:19","1999/09/16",12.9,1,43,1,"LITT1",0,"D","","2025/10/21","True","1","50","166","0","","",""
"2766","2025/10/21","FPICO1T08:19","1999/09/16",13.2,1,44,1,"LITT1",0,"D","","2025/10/21","True","1","50","166","0","","",""
"2767","2025/10/21","FPICO1T08:19","1999/09/16",13.5,1,45,1,"LITT1",0,"D","","2025/10/21","True","1","50","166","0","","",""
"2768","2025/10/21","FPICO1T08:19","1999/09/16",13.8,1,46,1,"LITT1",0,"D","","2025/10/21","True","1","50","166","0","","",""
"2769","2025/10/21","FPICO1T08:19","1999/09/16",14.1,1,47,1,"LITT1",0,"D","","2025/10/21","True","1","50","166","0","","",""
"2770","2025/10/21","FPICO1T08:19","1999/09/16",14.4,1,48,1,"LITT1",0,"D","","2025/10/21","True","1","50","166","0","","",""
"2771","2025/10/21","FPICO1T08:19","1999/09/16",14.7,1,49,1,"LITT1",0,"D","","2025/10/21","True","1","50","166","0","","",""
"2772","2025/10/21","FPICO1T08:19","1999/09/16",15,1,50,1,"LITT1",0,"D","","2025/10/21","True","1","50","166","0","","",""
"2773","2025/10/21","FPICO1T08:19","1999/09/16",15.3,1,51,1,"LITT1",0,"D","","2025/10/21","True","1","50","166","0","","",""
"2774","2025/10/21","FPICO1T08:19","1999/09/16",15.6,1,52,1,"LITT1",0,"D","","2025/10/21","True","1","50","166","0","","",""
"2775","2025/10/21","FPICO1T08:19","1999/09/16",15.9,1,53,1,"LITT1",0,"D","","2025/10/21","True","1","50","166","0","","",""
"2776","2025/10/21","FPICO1T08:19","1999/09/16",16.2,1,54,1,"LITT1",0,"D","","2025/10/21","True","1","50","166","0","","",""
"2777","2025/10/21","FPICO1T08:19","1999/09/16",16.5,1,55,1,"ROCK1",0,"D","","2025/10/21","True","1","50","166","0","","",""
"2778","2025/10/21","FPICO1T08:19","1999/09/16",16.8,1,56,1,"LITT1",0,"D","","2025/10/21","True","1","50","166","0","","",""
"2779","2025/10/21","FPICO1T08:19","1999/09/16",17.1,1,57,1,"LITT1",0,"D","","2025/10/21","True","1","50","166","0","","",""
"2780","2025/10/21","FPICO1T08:19","1999/09/16",17.4,1,58,1,"LITT1",0,"D","","2025/10/21","True","1","50","166","0","","",""
"2781","2025/10/21","FPICO1T08:19","1999/09/16",17.7,1,59,1,"LITT1",0,"D","","2025/10/21","True","1","50","166","0","","",""
"2782","2025/10/21","FPICO1T08:19","1999/09/16",18,1,60,1,"ROCK1",0,"D","","2025/10/21","True","1","50","166","0","","",""
"2783","2025/10/21","FPICO1T08:19","1999/09/16",18.3,1,61,1,"ROCK1",0,"D","","2025/10/21","True","1","50","166","0","","",""
"2784","2025/10/21","FPICO1T08:19","1999/09/16",18.6,1,62,1,"LITT1",0,"D","","2025/10/21","True","1","50","166","0","","",""
"2785","2025/10/21","FPICO1T08:19","1999/09/16",18.9,1,63,1,"ROCK1",0,"D","","2025/10/21","True","1","50","166","0","","",""
"2786","2025/10/21","FPICO1T08:19","1999/09/16",19.2,1,64,1,"LITT1",0,"D","","2025/10/21","True","1","50","166","0","","",""
"2787","2025/10/21","FPICO1T08:19","1999/09/16",19.5,1,65,1,"UNKM1",0,"L","","2025/10/21","True","1","50","166","0","","",""
"2788","2025/10/21","FPICO1T08:19","1999/09/16",19.8,1,66,1,"ROCK1",0,"D","","2025/10/21","True","1","50","166","0","","",""
"2789","2025/10/21","FPICO1T08:19","1999/09/16",20.1,1,67,1,"LITT1",0,"D","","2025/10/21","True","1","50","166","0","","",""
"2790","2025/10/21","FPICO1T08:19","1999/09/16",20.4,1,68,1,"VASC",0,"L","","2025/10/21","True","1","50","166","0","","",""
"2791","2025/10/21","FPICO1T08:19","1999/09/16",20.7,1,69,1,"LITT1",0,"D","","2025/10/21","True","1","50","166","0","","",""
"2792","2025/10/21","FPICO1T08:19","1999/09/16",21,1,70,1,"LITT1",0,"D","","2025/10/21","True","1","50","166","0","","",""
"2793","2025/10/21","FPICO1T08:19","1999/09/16",21.3,1,71,1,"LITT1",0,"D","","2025/10/21","True","1","50","166","0","","",""
"2794","2025/10/21","FPICO1T08:19","1999/09/16",21.6,1,72,1,"LITT1",0,"D","","2025/10/21","True","1","50","166","0","","",""
"2795","2025/10/21","FPICO1T08:19","1999/09/16",21.9,1,73,1,"VASC",0,"L","","2025/10/21","True","1","50","166","0","","",""
"2796","2025/10/21","FPICO1T08:19","1999/09/16",22.2,1,74,1,"VASC",0,"L","","2025/10/21","True","1","50","166","0","","",""
"2797","2025/10/21","FPICO1T08:19","1999/09/16",22.5,1,75,1,"ROCK1",0,"D","","2025/10/21","True","1","50","166","0","","",""
"2798","2025/10/21","FPICO1T08:19","1999/09/16",22.8,1,76,1,"BREN",0,"L","","2025/10/21","True","1","50","166","0","","",""
"2799","2025/10/21","FPICO1T08:19","1999/09/16",23.1,1,77,1,"ROCK1",0,"D","","2025/10/21","True","1","50","166","0","","",""
"2800","2025/10/21","FPICO1T08:19","1999/09/16",23.4,1,78,1,"VASC",0,"L","","2025/10/21","True","1","50","166","0","","",""
"2801","2025/10/21","FPICO1T08:19","1999/09/16",23.7,1,79,1,"VASC",0.1,"L","","2025/10/21","True","1","50","166","0","","",""
"2802","2025/10/21","FPICO1T08:19","1999/09/16",24,1,80,1,"LITT1",0,"D","","2025/10/21","True","1","50","166","0","","",""
"2803","2025/10/21","FPICO1T08:19","1999/09/16",24.3,1,81,1,"VASC",0.1,"L","","2025/10/21","True","1","50","166","0","","",""
"2804","2025/10/21","FPICO1T08:19","1999/09/16",24.6,1,82,1,"BREN",0,"L","","2025/10/21","True","1","50","166","0","","",""
"2805","2025/10/21","FPICO1T08:19","1999/09/16",24.9,1,83,1,"ROCK1",0,"D","","2025/10/21","True","1","50","166","0","","",""
"2806","2025/10/21","FPICO1T08:19","1999/09/16",25.2,1,84,1,"LITT1",0,"D","","2025/10/21","True","1","50","166","0","","",""
"2807","2025/10/21","FPICO1T08:19","1999/09/16",25.5,1,85,1,"ROCK1",0,"D","","2025/10/21","True","1","50","166","0","","",""
"2808","2025/10/21","FPICO1T08:19","1999/09/16",25.8,1,86,1,"UNKM2",0,"L","","2025/10/21","True","1","50","166","0","","",""
"2809","2025/10/21","FPICO1T08:19","1999/09/16",26.1,1,87,1,"WOOD1",0,"D","","2025/10/21","True","1","50","166","0","","",""
"2810","2025/10/21","FPICO1T08:19","1999/09/16",26.4,1,88,1,"WOOD1",0,"D","","2025/10/21","True","1","50","166","0","","",""
"2811","2025/10/21","FPICO1T08:19","1999/09/16",26.7,1,89,1,"WOOD1",0,"D","","2025/10/21","True","1","50","166","0","","",""
"2812","2025/10/21","FPICO1T08:19","1999/09/16",27,1,90,1,"LITT1",0,"D","","2025/10/21","True","1","50","166","0","","",""
"2813","2025/10/21","FPICO1T08:19","1999/09/16",27.3,1,91,1,"ROCK1",0,"D","","2025/10/21","True","1","50","166","0","","",""
"2814","2025/10/21","FPICO1T08:19","1999/09/16",27.6,1,92,1,"LITT1",0,"D","","2025/10/21","True","1","50","166","0","","",""
"2815","2025/10/21","FPICO1T08:19","1999/09/16",27.9,1,93,1,"LITT1",0,"D","","2025/10/21","True","1","50","166","0","","",""
"2816","2025/10/21","FPICO1T08:19","1999/09/16",28.2,1,94,1,"LITT1",0,"D","","2025/10/21","True","1","50","166","0","","",""
"2817","2025/10/21","FPICO1T08:19","1999/09/16",28.5,1,95,1,"LITT1",0,"D","","2025/10/21","True","1","50","166","0","","",""
"2818","2025/10/21","FPICO1T08:19","1999/09/16",28.8,1,96,1,"LITT1",0,"D","","2025/10/21","True","1","50","166","0","","",""
"2819","2025/10/21","FPICO1T08:19","1999/09/16",29.1,1,97,1,"LITT1",0,"D","","2025/10/21","True","1","50","166","0","","",""
"2820","2025/10/21","FPICO1T08:19","1999/09/16",29.4,1,98,1,"JUCO6",0.1,"L","","2025/10/21","True","1","50","166","0","","",""
"2821","2025/10/21","FPICO1T08:19","1999/09/16",29.7,1,99,1,"WOOD1",0,"D","","2025/10/21","True","1","50","166","0","","",""
"2822","2025/10/21","FPICO1T08:19","1999/09/16",30,1,100,1,"BREN",0,"L","","2025/10/21","True","1","50","166","0","","",""
"2823","2025/10/21","FPICO1T08:19","1999/09/16",30.3,1,101,1,"ROCK1",0,"D","","2025/10/21","True","1","50","166","0","","",""
"2824","2025/10/21","FPICO1T08:19","1999/09/16",30.6,1,102,1,"ROCK1",0,"D","","2025/10/21","True","1","50","166","0","","",""
"2825","2025/10/21","FPICO1T08:19","1999/09/16",30.9,1,103,1,"LITT1",0,"D","","2025/10/21","True","1","50","166","0","","",""
"2826","2025/10/21","FPICO1T08:19","1999/09/16",31.2,1,104,1,"VASC",0,"L","","2025/10/21","True","1","50","166","0","","",""
"2827","2025/10/21","FPICO1T08:19","1999/09/16",31.5,1,105,1,"LITT1",0,"D","","2025/10/21","True","1","50","166","0","","",""
"2828","2025/10/21","FPICO1T08:19","1999/09/16",31.8,1,106,1,"LITT1",0,"D","","2025/10/21","True","1","50","166","0","","",""
"2829","2025/10/21","FPICO1T08:19","1999/09/16",32.1,1,107,1,"LITT1",0,"D","","2025/10/21","True","1","50","166","0","","",""
"2830","2025/10/21","FPICO1T08:19","1999/09/16",32.4,1,108,1,"LITT1",0,"D","","2025/10/21","True","1","50","166","0","","",""
"2831","2025/10/21","FPICO1T08:19","1999/09/16",32.7,1,109,1,"LITT1",0,"D","","2025/10/21","True","1","50","166","0","","",""
"2832","2025/10/21","FPICO1T08:19","1999/09/16",33,1,110,1,"LITT1",0,"D","","2025/10/21","True","1","50","166","0","","",""
"2833","2025/10/21","FPICO1T08:19","1999/09/16",33.3,1,111,1,"LITT1",0,"D","","2025/10/21","True","1","50","166","0","","",""
"2834","2025/10/21","FPICO1T08:19","1999/09/16",33.6,1,112,1,"LITT1",0,"D","","2025/10/21","True","1","50","166","0","","",""
"2835","2025/10/21","FPICO1T08:19","1999/09/16",33.9,1,113,1,"VASC",0,"L","","2025/10/21","True","1","50","166","0","","",""
"2836","2025/10/21","FPICO1T08:19","1999/09/16",34.2,1,114,1,"VASC",0,"L","","2025/10/21","True","1","50","166","0","","",""
"2837","2025/10/21","FPICO1T08:19","1999/09/16",34.5,1,115,1,"LITT1",0,"D","","2025/10/21","True","1","50","166","0","","",""
"2838","2025/10/21","FPICO1T08:19","1999/09/16",34.8,1,116,1,"LITT1",0,"D","","2025/10/21","True","1","50","166","0","","",""
"2839","2025/10/21","FPICO1T08:19","1999/09/16",35.1,1,117,1,"LITT1",0,"D","","2025/10/21","True","1","50","166","0","","",""
"2840","2025/10/21","FPICO1T08:19","1999/09/16",35.4,1,118,1,"VASC",0,"L","","2025/10/21","True","1","50","166","0","","",""
"2841","2025/10/21","FPICO1T08:19","1999/09/16",35.7,1,119,1,"LITT1",0,"D","","2025/10/21","True","1","50","166","0","","",""
"2842","2025/10/21","FPICO1T08:19","1999/09/16",36,1,120,1,"VASC",0,"L","","2025/10/21","True","1","50","166","0","","",""
"2843","2025/10/21","FPICO1T08:19","1999/09/16",36.3,1,121,1,"WOOD1",0,"D","","2025/10/21","True","1","50","166","0","","",""
"2844","2025/10/21","FPICO1T08:19","1999/09/16",36.6,1,122,1,"LITT1",0,"D","","2025/10/21","True","1","50","166","0","","",""
"2845","2025/10/21","FPICO1T08:19","1999/09/16",36.9,1,123,1,"VASC",0,"L","","2025/10/21","True","1","50","166","0","","",""
"2846","2025/10/21","FPICO1T08:19","1999/09/16",37.2,1,124,1,"LITT1",0,"D","","2025/10/21","True","1","50","166","0","","",""
"2847","2025/10/21","FPICO1T08:19","1999/09/16",37.5,1,125,1,"LITT1",0,"D","","2025/10/21","True","1","50","166","0","","",""
"2848","2025/10/21","FPICO1T08:19","1999/09/16",37.8,1,126,1,"LITT1",0,"D","","2025/10/21","True","1","50","166","0","","",""
"2849","2025/10/21","FPICO1T08:19","1999/09/16",38.1,1,127,1,"LITT1",0,"D","","2025/10/21","True","1","50","166","0","","",""
"2850","2025/10/21","FPICO1T08:19","1999/09/16",38.4,1,128,1,"LITT1",0,"D","","2025/10/21","True","1","50","166","0","","",""
"2851","2025/10/21","FPICO1T08:19","1999/09/16",38.7,1,129,1,"LITT1",0,"D","","2025/10/21","True","1","50","166","0","","",""
"2852","2025/10/21","FPICO1T08:19","1999/09/16",39,1,130,1,"VASC",0.1,"L","","2025/10/21","True","1","50","166","0","","",""
"2853","2025/10/21","FPICO1T08:19","1999/09/16",39.3,1,131,1,"VASC",0.1,"L","","2025/10/21","True","1","50","166","0","","",""
"2854","2025/10/21","FPICO1T08:19","1999/09/16",39.6,1,132,1,"WOOD1",0,"D","","2025/10/21","True","1","50","166","0","","",""
"2855","2025/10/21","FPICO1T08:19","1999/09/16",39.9,1,133,1,"LITT1",0,"D","","2025/10/21","True","1","50","166","0","","",""
"2856","2025/10/21","FPICO1T08:19","1999/09/16",40.2,1,134,1,"LITT1",0,"D","","2025/10/21","True","1","50","166","0","","",""
"2857","2025/10/21","FPICO1T08:19","1999/09/16",40.5,1,135,1,"LITT1",0,"D","","2025/10/21","True","1","50","166","0","","",""
"2858","2025/10/21","FPICO1T08:19","1999/09/16",40.8,1,136,1,"LITT1",0,"D","","2025/10/21","True","1","50","166","0","","",""
"2859","2025/10/21","FPICO1T08:19","1999/09/16",41.1,1,137,1,"LITT1",0,"D","","2025/10/21","True","1","50","166","0","","",""
"2860","2025/10/21","FPICO1T08:19","1999/09/16",41.4,1,138,1,"LITT1",0,"D","","2025/10/21","True","1","50","166","0","","",""
"2861","2025/10/21","FPICO1T08:19","1999/09/16",41.7,1,139,1,"LITT1",0,"D","","2025/10/21","True","1","50","166","0","","",""
"2862","2025/10/21","FPICO1T08:19","1999/09/16",42,1,140,1,"LITT1",0,"D","","2025/10/21","True","1","50","166","0","","",""
"2863","2025/10/21","FPICO1T08:19","1999/09/16",42.3,1,141,1,"VASC",0,"L","","2025/10/21","True","1","50","166","0","","",""
"2864","2025/10/21","FPICO1T08:19","1999/09/16",42.6,1,142,1,"LITT1",0,"D","","2025/10/21","True","1","50","166","0","","",""
"2865","2025/10/21","FPICO1T08:19","1999/09/16",42.9,1,143,1,"LITT1",0,"D","","2025/10/21","True","1","50","166","0","","",""
"2866","2025/10/21","FPICO1T08:19","1999/09/16",43.2,1,144,1,"LITT1",0,"D","","2025/10/21","True","1","50","166","0","","",""
"2867","2025/10/21","FPICO1T08:19","1999/09/16",43.5,1,145,1,"BREN",0,"L","","2025/10/21","True","1","50","166","0","","",""
"2868","2025/10/21","FPICO1T08:19","1999/09/16",43.8,1,146,1,"LITT1",0,"D","","2025/10/21","True","1","50","166","0","","",""
"2869","2025/10/21","FPICO1T08:19","1999/09/16",44.1,1,147,1,"VASC",0.1,"L","","2025/10/21","True","1","50","166","0","","",""
"2870","2025/10/21","FPICO1T08:19","1999/09/16",44.4,1,148,1,"VASC",0.1,"L","","2025/10/21","True","1","50","166","0","","",""
"2871","2025/10/21","FPICO1T08:19","1999/09/16",44.7,1,149,1,"VASC",0.1,"L","","2025/10/21","True","1","50","166","0","","",""
"2872","2025/10/21","FPICO1T08:19","1999/09/16",45,1,150,1,"VASC",0.1,"L","","2025/10/21","True","1","50","166","0","","",""
"2873","2025/10/21","FPICO1T08:19","1999/09/16",45.3,1,151,1,"VASC",0.1,"L","","2025/10/21","True","1","50","166","0","","",""
"2874","2025/10/21","FPICO1T08:19","1999/09/16",45.6,1,152,1,"VASC",0,"L","","2025/10/21","True","1","50","166","0","","",""
"2875","2025/10/21","FPICO1T08:19","1999/09/16",45.9,1,153,1,"ROCK1",0,"D","","2025/10/21","True","1","50","166","0","","",""
"2876","2025/10/21","FPICO1T08:19","1999/09/16",46.2,1,154,1,"LITT1",0,"D","","2025/10/21","True","1","50","166","0","","",""
"2877","2025/10/21","FPICO1T08:19","1999/09/16",46.5,1,155,1,"LITT1",0,"D","","2025/10/21","True","1","50","166","0","","",""
"2878","2025/10/21","FPICO1T08:19","1999/09/16",46.8,1,156,1,"LITT1",0,"D","","2025/10/21","True","1","50","166","0","","",""
"2879","2025/10/21","FPICO1T08:19","1999/09/16",47.1,1,157,1,"VASC",0.1,"L","","2025/10/21","True","1","50","166","0","","",""
"2880","2025/10/21","FPICO1T08:19","1999/09/16",47.4,1,158,1,"VASC",0.1,"L","","2025/10/21","True","1","50","166","0","","",""
"2881","2025/10/21","FPICO1T08:19","1999/09/16",47.7,1,159,1,"ROCK1",0,"D","","2025/10/21","True","1","50","166","0","","",""
"2882","2025/10/21","FPICO1T08:19","1999/09/16",48,1,160,1,"VASC",0.1,"L","","2025/10/21","True","1","50","166","0","","",""
"2883","2025/10/21","FPICO1T08:19","1999/09/16",48.3,1,161,1,"VASC",0,"L","","2025/10/21","True","1","50","166","0","","",""
"2884","2025/10/21","FPICO1T08:19","1999/09/16",48.6,1,162,1,"LITT1",0,"D","","2025/10/21","True","1","50","166","0","","",""
"2885","2025/10/21","FPICO1T08:19","1999/09/16",48.9,1,163,1,"LITT1",0,"D","","2025/10/21","True","1","50","166","0","","",""
"2886","2025/10/21","FPICO1T08:19","1999/09/16",49.2,1,164,1,"VASC",0.1,"L","","2025/10/21","True","1","50","166","0","","",""
"2887","2025/10/21","FPICO1T08:19","1999/09/16",49.5,1,165,1,"VASC",0.1,"L","","2025/10/21","True","1","50","166","0","","",""
"2888","2025/10/21","FPICO1T08:19","1999/09/16",49.8,1,166,1,"LITT1",0,"D","","2025/10/21","True","1","50","166","0","","",""
"2889","2025/10/21","FPICO1T08:20","1999/09/16",0.3,1,1,1,"LITT1",0,"D","","2025/10/21","True","1","50","166","0","","",""
"2890","2025/10/21","FPICO1T08:20","1999/09/16",0.6,1,2,1,"LITT1",0,"D","","2025/10/21","True","1","50","166","0","","",""
"2891","2025/10/21","FPICO1T08:20","1999/09/16",0.9,1,3,1,"LITT1",0,"D","","2025/10/21","True","1","50","166","0","","",""
"2892","2025/10/21","FPICO1T08:20","1999/09/16",1.2,1,4,1,"LITT1",0,"D","","2025/10/21","True","1","50","166","0","","",""
"2893","2025/10/21","FPICO1T08:20","1999/09/16",1.5,1,5,1,"LITT1",0,"D","","2025/10/21","True","1","50","166","0","","",""
"2894","2025/10/21","FPICO1T08:20","1999/09/16",1.8,1,6,1,"LITT1",0,"D","","2025/10/21","True","1","50","166","0","","",""
"2895","2025/10/21","FPICO1T08:20","1999/09/16",2.1,1,7,1,"LITT1",0,"D","","2025/10/21","True","1","50","166","0","","",""
"2896","2025/10/21","FPICO1T08:20","1999/09/16",2.4,1,8,1,"LITT1",0,"D","","2025/10/21","True","1","50","166","0","","",""
"2897","2025/10/21","FPICO1T08:20","1999/09/16",2.7,1,9,1,"LITT1",0,"D","","2025/10/21","True","1","50","166","0","","",""
"2898","2025/10/21","FPICO1T08:20","1999/09/16",3,1,10,1,"LITT1",0,"D","","2025/10/21","True","1","50","166","0","","",""
"2899","2025/10/21","FPICO1T08:20","1999/09/16",3.3,1,11,1,"LITT1",0,"D","","2025/10/21","True","1","50","166","0","","",""
"2900","2025/10/21","FPICO1T08:20","1999/09/16",3.6,1,12,1,"LITT1",0,"D","","2025/10/21","True","1","50","166","0","","",""
"2901","2025/10/21","FPICO1T08:20","1999/09/16",3.9,1,13,1,"LITT1",0,"D","","2025/10/21","True","1","50","166","0","","",""
"2902","2025/10/21","FPICO1T08:20","1999/09/16",4.2,1,14,1,"LITT1",0,"D","","2025/10/21","True","1","50","166","0","","",""
"2903","2025/10/21","FPICO1T08:20","1999/09/16",4.5,1,15,1,"LITT1",0,"D","","2025/10/21","True","1","50","166","0","","",""
"2904","2025/10/21","FPICO1T08:20","1999/09/16",4.8,1,16,1,"LITT1",0,"D","","2025/10/21","True","1","50","166","0","","",""
"2905","2025/10/21","FPICO1T08:20","1999/09/16",5.1,1,17,1,"LITT1",0,"D","","2025/10/21","True","1","50","166","0","","",""
"2906","2025/10/21","FPICO1T08:20","1999/09/16",5.4,1,18,1,"BREN",0,"L","","2025/10/21","True","1","50","166","0","","",""
"2907","2025/10/21","FPICO1T08:20","1999/09/16",5.7,1,19,1,"LITT1",0,"D","","2025/10/21","True","1","50","166","0","","",""
"2908","2025/10/21","FPICO1T08:20","1999/09/16",6,1,20,1,"LITT1",0,"D","","2025/10/21","True","1","50","166","0","","",""
"2909","2025/10/21","FPICO1T08:20","1999/09/16",6.3,1,21,1,"LITT1",0,"D","","2025/10/21","True","1","50","166","0","","",""
"2910","2025/10/21","FPICO1T08:20","1999/09/16",6.6,1,22,1,"LITT1",0,"D","","2025/10/21","True","1","50","166","0","","",""
"2911","2025/10/21","FPICO1T08:20","1999/09/16",6.9,1,23,1,"LITT1",0,"D","","2025/10/21","True","1","50","166","0","","",""
"2912","2025/10/21","FPICO1T08:20","1999/09/16",7.2,1,24,1,"LITT1",0,"D","","2025/10/21","True","1","50","166","0","","",""
"2913","2025/10/21","FPICO1T08:20","1999/09/16",7.5,1,25,1,"LITT1",0,"D","","2025/10/21","True","1","50","166","0","","",""
"2914","2025/10/21","FPICO1T08:20","1999/09/16",7.8,1,26,1,"LITT1",0,"D","","2025/10/21","True","1","50","166","0","","",""
"2915","2025/10/21","FPICO1T08:20","1999/09/16",8.1,1,27,1,"LITT1",0,"D","","2025/10/21","True","1","50","166","0","","",""
"2916","2025/10/21","FPICO1T08:20","1999/09/16",8.4,1,28,1,"LITT1",0,"D","","2025/10/21","True","1","50","166","0","","",""
"2917","2025/10/21","FPICO1T08:20","1999/09/16",8.7,1,29,1,"LITT1",0,"D","","2025/10/21","True","1","50","166","0","","",""
"2918","2025/10/21","FPICO1T08:20","1999/09/16",9,1,30,1,"LITT1",0,"D","","2025/10/21","True","1","50","166","0","","",""
"2919","2025/10/21","FPICO1T08:20","1999/09/16",9.3,1,31,1,"VASC",0.1,"L","","2025/10/21","True","1","50","166","0","","",""
"2920","2025/10/21","FPICO1T08:20","1999/09/16",9.6,1,32,1,"VASC",0.1,"L","","2025/10/21","True","1","50","166","0","","",""
"2921","2025/10/21","FPICO1T08:20","1999/09/16",9.9,1,33,1,"VASC",0.1,"L","","2025/10/21","True","1","50","166","0","","",""
"2922","2025/10/21","FPICO1T08:20","1999/09/16",10.2,1,34,1,"VASC",0.1,"L","","2025/10/21","True","1","50","166","0","","",""
"2923","2025/10/21","FPICO1T08:20","1999/09/16",10.5,1,35,1,"LITT1",0,"D","","2025/10/21","True","1","50","166","0","","",""
"2924","2025/10/21","FPICO1T08:20","1999/09/16",10.8,1,36,1,"VASC",0.1,"L","","2025/10/21","True","1","50","166","0","","",""
"2925","2025/10/21","FPICO1T08:20","1999/09/16",11.1,1,37,1,"LITT1",0,"D","","2025/10/21","True","1","50","166","0","","",""
"2926","2025/10/21","FPICO1T08:20","1999/09/16",11.4,1,38,1,"LITT1",0,"D","","2025/10/21","True","1","50","166","0","","",""
"2927","2025/10/21","FPICO1T08:20","1999/09/16",11.7,1,39,1,"LITT1",0,"D","","2025/10/21","True","1","50","166","0","","",""
"2928","2025/10/21","FPICO1T08:20","1999/09/16",12,1,40,1,"LITT1",0,"D","","2025/10/21","True","1","50","166","0","","",""
"2929","2025/10/21","FPICO1T08:20","1999/09/16",12.3,1,41,1,"LITT1",0,"D","","2025/10/21","True","1","50","166","0","","",""
"2930","2025/10/21","FPICO1T08:20","1999/09/16",12.6,1,42,1,"LITT1",0,"D","","2025/10/21","True","1","50","166","0","","",""
"2931","2025/10/21","FPICO1T08:20","1999/09/16",12.9,1,43,1,"LITT1",0,"D","","2025/10/21","True","1","50","166","0","","",""
"2932","2025/10/21","FPICO1T08:20","1999/09/16",13.2,1,44,1,"LITT1",0,"D","","2025/10/21","True","1","50","166","0","","",""
"2933","2025/10/21","FPICO1T08:20","1999/09/16",13.5,1,45,1,"LITT1",0,"D","","2025/10/21","True","1","50","166","0","","",""
"2934","2025/10/21","FPICO1T08:20","1999/09/16",13.8,1,46,1,"LITT1",0,"D","","2025/10/21","True","1","50","166","0","","",""
"2935","2025/10/21","FPICO1T08:20","1999/09/16",14.1,1,47,1,"VASC",0,"L","","2025/10/21","True","1","50","166","0","","",""
"2936","2025/10/21","FPICO1T08:20","1999/09/16",14.4,1,48,1,"VASC",0,"L","","2025/10/21","True","1","50","166","0","","",""
"2937","2025/10/21","FPICO1T08:20","1999/09/16",14.7,1,49,1,"LITT1",0,"D","","2025/10/21","True","1","50","166","0","","",""
"2938","2025/10/21","FPICO1T08:20","1999/09/16",15,1,50,1,"LITT1",0,"D","","2025/10/21","True","1","50","166","0","","",""
"2939","2025/10/21","FPICO1T08:20","1999/09/16",15.3,1,51,1,"VASC",0.1,"L","","2025/10/21","True","1","50","166","0","","",""
"2940","2025/10/21","FPICO1T08:20","1999/09/16",15.6,1,52,1,"VASC",0.1,"L","","2025/10/21","True","1","50","166","0","","",""
"2941","2025/10/21","FPICO1T08:20","1999/09/16",15.9,1,53,1,"LITT1",0,"D","","2025/10/21","True","1","50","166","0","","",""
"2942","2025/10/21","FPICO1T08:20","1999/09/16",16.2,1,54,1,"LITT1",0,"D","","2025/10/21","True","1","50","166","0","","",""
"2943","2025/10/21","FPICO1T08:20","1999/09/16",16.5,1,55,1,"BOLE1",0,"L","","2025/10/21","True","1","50","166","0","","",""
"2944","2025/10/21","FPICO1T08:20","1999/09/16",16.8,1,56,1,"LITT1",0,"D","","2025/10/21","True","1","50","166","0","","",""
"2945","2025/10/21","FPICO1T08:20","1999/09/16",17.1,1,57,1,"LITT1",0,"D","","2025/10/21","True","1","50","166","0","","",""
"2946","2025/10/21","FPICO1T08:20","1999/09/16",17.4,1,58,1,"VASC",0,"L","","2025/10/21","True","1","50","166","0","","",""
"2947","2025/10/21","FPICO1T08:20","1999/09/16",17.7,1,59,1,"VASC",0,"L","","2025/10/21","True","1","50","166","0","","",""
"2948","2025/10/21","FPICO1T08:20","1999/09/16",18,1,60,1,"LITT1",0,"D","","2025/10/21","True","1","50","166","0","","",""
"2949","2025/10/21","FPICO1T08:20","1999/09/16",18.3,1,61,1,"LITT1",0,"D","","2025/10/21","True","1","50","166","0","","",""
"2950","2025/10/21","FPICO1T08:20","1999/09/16",18.6,1,62,1,"LITT1",0,"D","","2025/10/21","True","1","50","166","0","","",""
"2951","2025/10/21","FPICO1T08:20","1999/09/16",18.9,1,63,1,"VASC",0,"L","","2025/10/21","True","1","50","166","0","","",""
"2952","2025/10/21","FPICO1T08:20","1999/09/16",19.2,1,64,1,"LITT1",0,"D","","2025/10/21","True","1","50","166","0","","",""
"2953","2025/10/21","FPICO1T08:20","1999/09/16",19.5,1,65,1,"LITT1",0,"D","","2025/10/21","True","1","50","166","0","","",""
"2954","2025/10/21","FPICO1T08:20","1999/09/16",19.8,1,66,1,"VASC",0,"L","","2025/10/21","True","1","50","166","0","","",""
"2955","2025/10/21","FPICO1T08:20","1999/09/16",20.1,1,67,1,"LITT1",0,"D","","2025/10/21","True","1","50","166","0","","",""
"2956","2025/10/21","FPICO1T08:20","1999/09/16",20.4,1,68,1,"LITT1",0,"D","","2025/10/21","True","1","50","166","0","","",""
"2957","2025/10/21","FPICO1T08:20","1999/09/16",20.7,1,69,1,"LITT1",0,"D","","2025/10/21","True","1","50","166","0","","",""
"2958","2025/10/21","FPICO1T08:20","1999/09/16",21,1,70,1,"LITT1",0,"D","","2025/10/21","True","1","50","166","0","","",""
"2959","2025/10/21","FPICO1T08:20","1999/09/16",21.3,1,71,1,"LITT1",0,"D","","2025/10/21","True","1","50","166","0","","",""
"2960","2025/10/21","FPICO1T08:20","1999/09/16",21.6,1,72,1,"LITT1",0,"D","","2025/10/21","True","1","50","166","0","","",""
"2961","2025/10/21","FPICO1T08:20","1999/09/16",21.9,1,73,1,"LITT1",0,"D","","2025/10/21","True","1","50","166","0","","",""
"2962","2025/10/21","FPICO1T08:20","1999/09/16",22.2,1,74,1,"LITT1",0,"D","","2025/10/21","True","1","50","166","0","","",""
"2963","2025/10/21","FPICO1T08:20","1999/09/16",22.5,1,75,1,"VASC",0,"L","","2025/10/21","True","1","50","166","0","","",""
"2964","2025/10/21","FPICO1T08:20","1999/09/16",22.8,1,76,1,"LITT1",0,"D","","2025/10/21","True","1","50","166","0","","",""
"2965","2025/10/21","FPICO1T08:20","1999/09/16",23.1,1,77,1,"VASC",0.1,"L","","2025/10/21","True","1","50","166","0","","",""
"2966","2025/10/21","FPICO1T08:20","1999/09/16",23.4,1,78,1,"VASC",0.1,"L","","2025/10/21","True","1","50","166","0","","",""
"2967","2025/10/21","FPICO1T08:20","1999/09/16",23.7,1,79,1,"ROCK1",0,"D","","2025/10/21","True","1","50","166","0","","",""
"2968","2025/10/21","FPICO1T08:20","1999/09/16",24,1,80,1,"VASC",0.1,"L","","2025/10/21","True","1","50","166","0","","",""
"2969","2025/10/21","FPICO1T08:20","1999/09/16",24.3,1,81,1,"LITT1",0,"D","","2025/10/21","True","1","50","166","0","","",""
"2970","2025/10/21","FPICO1T08:20","1999/09/16",24.6,1,82,1,"WOOD1",0,"D","","2025/10/21","True","1","50","166","0","","",""
"2971","2025/10/21","FPICO1T08:20","1999/09/16",24.9,1,83,1,"VASC",0.1,"L","","2025/10/21","True","1","50","166","0","","",""
"2972","2025/10/21","FPICO1T08:20","1999/09/16",25.2,1,84,1,"LITT1",0,"D","","2025/10/21","True","1","50","166","0","","",""
"2973","2025/10/21","FPICO1T08:20","1999/09/16",25.5,1,85,1,"VASC",0,"L","","2025/10/21","True","1","50","166","0","","",""
"2974","2025/10/21","FPICO1T08:20","1999/09/16",25.8,1,86,1,"VASC",0,"L","","2025/10/21","True","1","50","166","0","","",""
"2975","2025/10/21","FPICO1T08:20","1999/09/16",26.1,1,87,1,"LITT1",0,"D","","2025/10/21","True","1","50","166","0","","",""
"2976","2025/10/21","FPICO1T08:20","1999/09/16",26.4,1,88,1,"LITT1",0,"D","","2025/10/21","True","1","50","166","0","","",""
"2977","2025/10/21","FPICO1T08:20","1999/09/16",26.7,1,89,1,"MOSS1",0,"L","","2025/10/21","True","1","50","166","0","","",""
"2978","2025/10/21","FPICO1T08:20","1999/09/16",27,1,90,1,"MOSS1",0,"L","","2025/10/21","True","1","50","166","0","","",""
"2979","2025/10/21","FPICO1T08:20","1999/09/16",27.3,1,91,1,"MOSS1",0,"L","","2025/10/21","True","1","50","166","0","","",""
"2980","2025/10/21","FPICO1T08:20","1999/09/16",27.6,1,92,1,"LITT1",0,"D","","2025/10/21","True","1","50","166","0","","",""
"2981","2025/10/21","FPICO1T08:20","1999/09/16",27.9,1,93,1,"VASC",0,"L","","2025/10/21","True","1","50","166","0","","",""
"2982","2025/10/21","FPICO1T08:20","1999/09/16",28.2,1,94,1,"WOOD1",0,"D","","2025/10/21","True","1","50","166","0","","",""
"2983","2025/10/21","FPICO1T08:20","1999/09/16",28.5,1,95,1,"VASC",0,"L","","2025/10/21","True","1","50","166","0","","",""
"2984","2025/10/21","FPICO1T08:20","1999/09/16",28.8,1,96,1,"LITT1",0,"D","","2025/10/21","True","1","50","166","0","","",""
"2985","2025/10/21","FPICO1T08:20","1999/09/16",29.1,1,97,1,"LITT1",0,"D","","2025/10/21","True","1","50","166","0","","",""
"2986","2025/10/21","FPICO1T08:20","1999/09/16",29.4,1,98,1,"LITT1",0,"D","","2025/10/21","True","1","50","166","0","","",""
"2987","2025/10/21","FPICO1T08:20","1999/09/16",29.7,1,99,1,"LITT1",0,"D","","2025/10/21","True","1","50","166","0","","",""
"2988","2025/10/21","FPICO1T08:20","1999/09/16",30,1,100,1,"LITT1",0,"D","","2025/10/21","True","1","50","166","0","","",""
"2989","2025/10/21","FPICO1T08:20","1999/09/16",30.3,1,101,1,"LITT1",0,"D","","2025/10/21","True","1","50","166","0","","",""
"2990","2025/10/21","FPICO1T08:20","1999/09/16",30.6,1,102,1,"LITT1",0,"D","","2025/10/21","True","1","50","166","0","","",""
"2991","2025/10/21","FPICO1T08:20","1999/09/16",30.9,1,103,1,"JUCO6",0.3,"L","","2025/10/21","True","1","50","166","0","","",""
"2992","2025/10/21","FPICO1T08:20","1999/09/16",31.2,1,104,1,"JUCO6",0.3,"L","","2025/10/21","True","1","50","166","0","","",""
"2993","2025/10/21","FPICO1T08:20","1999/09/16",31.5,1,105,1,"JUCO6",0.3,"L","","2025/10/21","True","1","50","166","0","","",""
"2994","2025/10/21","FPICO1T08:20","1999/09/16",31.8,1,106,1,"JUCO6",0.3,"L","","2025/10/21","True","1","50","166","0","","",""
"2995","2025/10/21","FPICO1T08:20","1999/09/16",32.1,1,107,1,"JUCO6",0.3,"L","","2025/10/21","True","1","50","166","0","","",""
"2996","2025/10/21","FPICO1T08:20","1999/09/16",32.4,1,108,1,"JUCO6",0.3,"L","","2025/10/21","True","1","50","166","0","","",""
"2997","2025/10/21","FPICO1T08:20","1999/09/16",32.7,1,109,1,"LITT1",0,"D","","2025/10/21","True","1","50","166","0","","",""
"2998","2025/10/21","FPICO1T08:20","1999/09/16",33,1,110,1,"LITT1",0,"D","","2025/10/21","True","1","50","166","0","","",""
"2999","2025/10/21","FPICO1T08:20","1999/09/16",33.3,1,111,1,"LITT1",0,"D","","2025/10/21","True","1","50","166","0","","",""
"3000","2025/10/21","FPICO1T08:20","1999/09/16",33.6,1,112,1,"LITT1",0,"D","","2025/10/21","True","1","50","166","0","","",""
"3001","2025/10/21","FPICO1T08:20","1999/09/16",33.9,1,113,1,"LITT1",0,"D","","2025/10/21","True","1","50","166","0","","",""
"3002","2025/10/21","FPICO1T08:20","1999/09/16",34.2,1,114,1,"BREN",0,"L","","2025/10/21","True","1","50","166","0","","",""
"3003","2025/10/21","FPICO1T08:20","1999/09/16",34.5,1,115,1,"LITT1",0,"D","","2025/10/21","True","1","50","166","0","","",""
"3004","2025/10/21","FPICO1T08:20","1999/09/16",34.8,1,116,1,"VASC",0,"L","","2025/10/21","True","1","50","166","0","","",""
"3005","2025/10/21","FPICO1T08:20","1999/09/16",35.1,1,117,1,"LITT1",0,"D","","2025/10/21","True","1","50","166","0","","",""
"3006","2025/10/21","FPICO1T08:20","1999/09/16",35.4,1,118,1,"VASC",0.1,"L","","2025/10/21","True","1","50","166","0","","",""
"3007","2025/10/21","FPICO1T08:20","1999/09/16",35.7,1,119,1,"VASC",0,"L","","2025/10/21","True","1","50","166","0","","",""
"3008","2025/10/21","FPICO1T08:20","1999/09/16",36,1,120,1,"VASC",0,"L","","2025/10/21","True","1","50","166","0","","",""
"3009","2025/10/21","FPICO1T08:20","1999/09/16",36.3,1,121,1,"LITT1",0,"D","","2025/10/21","True","1","50","166","0","","",""
"3010","2025/10/21","FPICO1T08:20","1999/09/16",36.6,1,122,1,"LITT1",0,"D","","2025/10/21","True","1","50","166","0","","",""
"3011","2025/10/21","FPICO1T08:20","1999/09/16",36.9,1,123,1,"LITT1",0,"D","","2025/10/21","True","1","50","166","0","","",""
"3012","2025/10/21","FPICO1T08:20","1999/09/16",37.2,1,124,1,"LITT1",0,"D","","2025/10/21","True","1","50","166","0","","",""
"3013","2025/10/21","FPICO1T08:20","1999/09/16",37.5,1,125,1,"LITT1",0,"D","","2025/10/21","True","1","50","166","0","","",""
"3014","2025/10/21","FPICO1T08:20","1999/09/16",37.8,1,126,1,"LITT1",0,"D","","2025/10/21","True","1","50","166","0","","",""
"3015","2025/10/21","FPICO1T08:20","1999/09/16",38.1,1,127,1,"LITT1",0,"D","","2025/10/21","True","1","50","166","0","","",""
"3016","2025/10/21","FPICO1T08:20","1999/09/16",38.4,1,128,1,"LITT1",0,"D","","2025/10/21","True","1","50","166","0","","",""
"3017","2025/10/21","FPICO1T08:20","1999/09/16",38.7,1,129,1,"LITT1",0,"D","","2025/10/21","True","1","50","166","0","","",""
"3018","2025/10/21","FPICO1T08:20","1999/09/16",39,1,130,1,"LITT1",0,"D","","2025/10/21","True","1","50","166","0","","",""
"3019","2025/10/21","FPICO1T08:20","1999/09/16",39.3,1,131,1,"VASC",0,"L","","2025/10/21","True","1","50","166","0","","",""
"3020","2025/10/21","FPICO1T08:20","1999/09/16",39.6,1,132,1,"LITT1",0,"D","","2025/10/21","True","1","50","166","0","","",""
"3021","2025/10/21","FPICO1T08:20","1999/09/16",39.9,1,133,1,"LITT1",0,"D","","2025/10/21","True","1","50","166","0","","",""
"3022","2025/10/21","FPICO1T08:20","1999/09/16",40.2,1,134,1,"LITT1",0,"D","","2025/10/21","True","1","50","166","0","","",""
"3023","2025/10/21","FPICO1T08:20","1999/09/16",40.5,1,135,1,"LITT1",0,"D","","2025/10/21","True","1","50","166","0","","",""
"3024","2025/10/21","FPICO1T08:20","1999/09/16",40.8,1,136,1,"LITT1",0,"D","","2025/10/21","True","1","50","166","0","","",""
"3025","2025/10/21","FPICO1T08:20","1999/09/16",41.1,1,137,1,"LITT1",0,"D","","2025/10/21","True","1","50","166","0","","",""
"3026","2025/10/21","FPICO1T08:20","1999/09/16",41.4,1,138,1,"MOSS1",0,"L","","2025/10/21","True","1","50","166","0","","",""
"3027","2025/10/21","FPICO1T08:20","1999/09/16",41.7,1,139,1,"WOOD1",0,"D","","2025/10/21","True","1","50","166","0","","",""
"3028","2025/10/21","FPICO1T08:20","1999/09/16",42,1,140,1,"LITT1",0,"D","","2025/10/21","True","1","50","166","0","","",""
"3029","2025/10/21","FPICO1T08:20","1999/09/16",42.3,1,141,1,"LITT1",0,"D","","2025/10/21","True","1","50","166","0","","",""
"3030","2025/10/21","FPICO1T08:20","1999/09/16",42.6,1,142,1,"LITT1",0,"D","","2025/10/21","True","1","50","166","0","","",""
"3031","2025/10/21","FPICO1T08:20","1999/09/16",42.9,1,143,1,"LITT1",0,"D","","2025/10/21","True","1","50","166","0","","",""
"3032","2025/10/21","FPICO1T08:20","1999/09/16",43.2,1,144,1,"LITT1",0,"D","","2025/10/21","True","1","50","166","0","","",""
"3033","2025/10/21","FPICO1T08:20","1999/09/16",43.5,1,145,1,"LITT1",0,"D","","2025/10/21","True","1","50","166","0","","",""
"3034","2025/10/21","FPICO1T08:20","1999/09/16",43.8,1,146,1,"LITT1",0,"D","","2025/10/21","True","1","50","166","0","","",""
"3035","2025/10/21","FPICO1T08:20","1999/09/16",44.1,1,147,1,"LITT1",0,"D","","2025/10/21","True","1","50","166","0","","",""
"3036","2025/10/21","FPICO1T08:20","1999/09/16",44.4,1,148,1,"LITT1",0,"D","","2025/10/21","True","1","50","166","0","","",""
"3037","2025/10/21","FPICO1T08:20","1999/09/16",44.7,1,149,1,"LITT1",0,"D","","2025/10/21","True","1","50","166","0","","",""
"3038","2025/10/21","FPICO1T08:20","1999/09/16",45,1,150,1,"LITT1",0,"D","","2025/10/21","True","1","50","166","0","","",""
"3039","2025/10/21","FPICO1T08:20","1999/09/16",45.3,1,151,1,"LITT1",0,"D","","2025/10/21","True","1","50","166","0","","",""
"3040","2025/10/21","FPICO1T08:20","1999/09/16",45.6,1,152,1,"LITT1",0,"D","","2025/10/21","True","1","50","166","0","","",""
"3041","2025/10/21","FPICO1T08:20","1999/09/16",45.9,1,153,1,"LITT1",0,"D","","2025/10/21","True","1","50","166","0","","",""
"3042","2025/10/21","FPICO1T08:20","1999/09/16",46.2,1,154,1,"LITT1",0,"D","","2025/10/21","True","1","50","166","0","","",""
"3043","2025/10/21","FPICO1T08:20","1999/09/16",46.5,1,155,1,"LITT1",0,"D","","2025/10/21","True","1","50","166","0","","",""
"3044","2025/10/21","FPICO1T08:20","1999/09/16",46.8,1,156,1,"LITT1",0,"D","","2025/10/21","True","1","50","166","0","","",""
"3045","2025/10/21","FPICO1T08:20","1999/09/16",47.1,1,157,1,"LITT1",0,"D","","2025/10/21","True","1","50","166","0","","",""
"3046","2025/10/21","FPICO1T08:20","1999/09/16",47.4,1,158,1,"VASC",0.1,"L","","2025/10/21","True","1","50","166","0","","",""
"3047","2025/10/21","FPICO1T08:20","1999/09/16",47.7,1,159,1,"VASC",0,"L","","2025/10/21","True","1","50","166","0","","",""
"3048","2025/10/21","FPICO1T08:20","1999/09/16",48,1,160,1,"LITT1",0,"D","","2025/10/21","True","1","50","166","0","","",""
"3049","2025/10/21","FPICO1T08:20","1999/09/16",48.3,1,161,1,"VASC",0.1,"L","","2025/10/21","True","1","50","166","0","","",""
"3050","2025/10/21","FPICO1T08:20","1999/09/16",48.6,1,162,1,"LITT1",0,"D","","2025/10/21","True","1","50","166","0","","",""
"3051","2025/10/21","FPICO1T08:20","1999/09/16",48.9,1,163,1,"LITT1",0,"D","","2025/10/21","True","1","50","166","0","","",""
"3052","2025/10/21","FPICO1T08:20","1999/09/16",49.2,1,164,1,"LITT1",0,"D","","2025/10/21","True","1","50","166","0","","",""
"3053","2025/10/21","FPICO1T08:20","1999/09/16",49.5,1,165,1,"LITT1",0,"D","","2025/10/21","True","1","50","166","0","","",""
"3054","2025/10/21","FPICO1T08:20","1999/09/16",49.8,1,166,1,"LITT1",0,"D","","2025/10/21","True","1","50","166","0","","",""
"3055","2025/10/21","FPICO1T08:21","2000/08/19",0.3,1,1,1,"LITT1",0,"D","","2025/10/21","True","1","50","166","0","","",""
"3056","2025/10/21","FPICO1T08:21","2000/08/19",0.6,1,2,1,"LITT1",0,"D","","2025/10/21","True","1","50","166","0","","",""
"3057","2025/10/21","FPICO1T08:21","2000/08/19",0.9,1,3,1,"LITT1",0,"D","","2025/10/21","True","1","50","166","0","","",""
"3058","2025/10/21","FPICO1T08:21","2000/08/19",1.2,1,4,1,"LITT1",0,"D","","2025/10/21","True","1","50","166","0","","",""
"3059","2025/10/21","FPICO1T08:21","2000/08/19",1.5,1,5,1,"LITT1",0,"D","","2025/10/21","True","1","50","166","0","","",""
"3060","2025/10/21","FPICO1T08:21","2000/08/19",1.8,1,6,1,"LITT1",0,"D","","2025/10/21","True","1","50","166","0","","",""
"3061","2025/10/21","FPICO1T08:21","2000/08/19",2.1,1,7,1,"LITT1",0,"D","","2025/10/21","True","1","50","166","0","","",""
"3062","2025/10/21","FPICO1T08:21","2000/08/19",2.4,1,8,1,"LITT1",0,"D","","2025/10/21","True","1","50","166","0","","",""
"3063","2025/10/21","FPICO1T08:21","2000/08/19",2.7,1,9,1,"LITT1",0,"D","","2025/10/21","True","1","50","166","0","","",""
"3064","2025/10/21","FPICO1T08:21","2000/08/19",3,1,10,1,"LITT1",0,"D","","2025/10/21","True","1","50","166","0","","",""
"3065","2025/10/21","FPICO1T08:21","2000/08/19",3.3,1,11,1,"LITT1",0,"D","","2025/10/21","True","1","50","166","0","","",""
"3066","2025/10/21","FPICO1T08:21","2000/08/19",3.6,1,12,1,"LITT1",0,"D","","2025/10/21","True","1","50","166","0","","",""
"3067","2025/10/21","FPICO1T08:21","2000/08/19",3.9,1,13,1,"LITT1",0,"D","","2025/10/21","True","1","50","166","0","","",""
"3068","2025/10/21","FPICO1T08:21","2000/08/19",4.2,1,14,1,"LITT1",0,"D","","2025/10/21","True","1","50","166","0","","",""
"3069","2025/10/21","FPICO1T08:21","2000/08/19",4.5,1,15,1,"JUCO6",0.2,"D","","2025/10/21","True","1","50","166","0","","",""
"3070","2025/10/21","FPICO1T08:21","2000/08/19",4.8,1,16,1,"LITT1",0,"D","","2025/10/21","True","1","50","166","0","","",""
"3071","2025/10/21","FPICO1T08:21","2000/08/19",5.1,1,17,1,"WOOD1",0,"D","","2025/10/21","True","1","50","166","0","","",""
"3072","2025/10/21","FPICO1T08:21","2000/08/19",5.4,1,18,1,"LITT1",0,"D","","2025/10/21","True","1","50","166","0","","",""
"3073","2025/10/21","FPICO1T08:21","2000/08/19",5.7,1,19,1,"LITT1",0,"D","","2025/10/21","True","1","50","166","0","","",""
"3074","2025/10/21","FPICO1T08:21","2000/08/19",6,1,20,1,"LITT1",0,"D","","2025/10/21","True","1","50","166","0","","",""
"3075","2025/10/21","FPICO1T08:21","2000/08/19",6.3,1,21,1,"LITT1",0,"D","","2025/10/21","True","1","50","166","0","","",""
"3076","2025/10/21","FPICO1T08:21","2000/08/19",6.6,1,22,1,"LITT1",0,"D","","2025/10/21","True","1","50","166","0","","",""
"3077","2025/10/21","FPICO1T08:21","2000/08/19",6.9,1,23,1,"LITT1",0,"D","","2025/10/21","True","1","50","166","0","","",""
"3078","2025/10/21","FPICO1T08:21","2000/08/19",7.2,1,24,1,"LITT1",0,"D","","2025/10/21","True","1","50","166","0","","",""
"3079","2025/10/21","FPICO1T08:21","2000/08/19",7.5,1,25,1,"LITT1",0,"D","","2025/10/21","True","1","50","166","0","","",""
"3080","2025/10/21","FPICO1T08:21","2000/08/19",7.8,1,26,1,"UNKM1",0,"L","","2025/10/21","True","1","50","166","0","","",""
"3081","2025/10/21","FPICO1T08:21","2000/08/19",8.1,1,27,1,"LITT1",0,"D","","2025/10/21","True","1","50","166","0","","",""
"3082","2025/10/21","FPICO1T08:21","2000/08/19",8.4,1,28,1,"LITT1",0,"D","","2025/10/21","True","1","50","166","0","","",""
"3083","2025/10/21","FPICO1T08:21","2000/08/19",8.7,1,29,1,"LITT1",0,"D","","2025/10/21","True","1","50","166","0","","",""
"3084","2025/10/21","FPICO1T08:21","2000/08/19",9,1,30,1,"LITT1",0,"D","","2025/10/21","True","1","50","166","0","","",""
"3085","2025/10/21","FPICO1T08:21","2000/08/19",9.3,1,31,1,"LITT1",0,"D","","2025/10/21","True","1","50","166","0","","",""
"3086","2025/10/21","FPICO1T08:21","2000/08/19",9.6,1,32,1,"LITT1",0,"D","","2025/10/21","True","1","50","166","0","","",""
"3087","2025/10/21","FPICO1T08:21","2000/08/19",9.9,1,33,1,"LITT1",0,"D","","2025/10/21","True","1","50","166","0","","",""
"3088","2025/10/21","FPICO1T08:21","2000/08/19",10.2,1,34,1,"LITT1",0,"D","","2025/10/21","True","1","50","166","0","","",""
"3089","2025/10/21","FPICO1T08:21","2000/08/19",10.5,1,35,1,"LITT1",0,"D","","2025/10/21","True","1","50","166","0","","",""
"3090","2025/10/21","FPICO1T08:21","2000/08/19",10.8,1,36,1,"LITT1",0,"D","","2025/10/21","True","1","50","166","0","","",""
"3091","2025/10/21","FPICO1T08:21","2000/08/19",11.1,1,37,1,"LITT1",0,"D","","2025/10/21","True","1","50","166","0","","",""
"3092","2025/10/21","FPICO1T08:21","2000/08/19",11.4,1,38,1,"LITT1",0,"D","","2025/10/21","True","1","50","166","0","","",""
"3093","2025/10/21","FPICO1T08:21","2000/08/19",11.7,1,39,1,"LITT1",0,"D","","2025/10/21","True","1","50","166","0","","",""
"3094","2025/10/21","FPICO1T08:21","2000/08/19",12,1,40,1,"LITT1",0,"D","","2025/10/21","True","1","50","166","0","","",""
"3095","2025/10/21","FPICO1T08:21","2000/08/19",12.3,1,41,1,"LITT1",0,"D","","2025/10/21","True","1","50","166","0","","",""
"3096","2025/10/21","FPICO1T08:21","2000/08/19",12.6,1,42,1,"LITT1",0,"D","","2025/10/21","True","1","50","166","0","","",""
"3097","2025/10/21","FPICO1T08:21","2000/08/19",12.9,1,43,1,"BOLE1",0,"L","","2025/10/21","True","1","50","166","0","","",""
"3098","2025/10/21","FPICO1T08:21","2000/08/19",13.2,1,44,1,"LITT1",0,"D","","2025/10/21","True","1","50","166","0","","",""
"3099","2025/10/21","FPICO1T08:21","2000/08/19",13.5,1,45,1,"UNKM1",0,"L","","2025/10/21","True","1","50","166","0","","",""
"3100","2025/10/21","FPICO1T08:21","2000/08/19",13.8,1,46,1,"LITT1",0,"D","","2025/10/21","True","1","50","166","0","","",""
"3101","2025/10/21","FPICO1T08:21","2000/08/19",14.1,1,47,1,"LITT1",0,"D","","2025/10/21","True","1","50","166","0","","",""
"3102","2025/10/21","FPICO1T08:21","2000/08/19",14.4,1,48,1,"LITT1",0,"D","","2025/10/21","True","1","50","166","0","","",""
"3103","2025/10/21","FPICO1T08:21","2000/08/19",14.7,1,49,1,"LITT1",0,"D","","2025/10/21","True","1","50","166","0","","",""
"3104","2025/10/21","FPICO1T08:21","2000/08/19",15,1,50,1,"LITT1",0,"D","","2025/10/21","True","1","50","166","0","","",""
"3105","2025/10/21","FPICO1T08:21","2000/08/19",15.3,1,51,1,"LITT1",0,"D","","2025/10/21","True","1","50","166","0","","",""
"3106","2025/10/21","FPICO1T08:21","2000/08/19",15.6,1,52,1,"VASC",0.1,"L","","2025/10/21","True","1","50","166","0","","",""
"3107","2025/10/21","FPICO1T08:21","2000/08/19",15.9,1,53,1,"VASC",0.1,"L","","2025/10/21","True","1","50","166","0","","",""
"3108","2025/10/21","FPICO1T08:21","2000/08/19",16.2,1,54,1,"VASC",0,"L","","2025/10/21","True","1","50","166","0","","",""
"3109","2025/10/21","FPICO1T08:21","2000/08/19",16.5,1,55,1,"LITT1",0,"D","","2025/10/21","True","1","50","166","0","","",""
"3110","2025/10/21","FPICO1T08:21","2000/08/19",16.8,1,56,1,"LITT1",0,"D","","2025/10/21","True","1","50","166","0","","",""
"3111","2025/10/21","FPICO1T08:21","2000/08/19",17.1,1,57,1,"LITT1",0,"D","","2025/10/21","True","1","50","166","0","","",""
"3112","2025/10/21","FPICO1T08:21","2000/08/19",17.4,1,58,1,"VASC",0,"L","","2025/10/21","True","1","50","166","0","","",""
"3113","2025/10/21","FPICO1T08:21","2000/08/19",17.7,1,59,1,"LITT1",0,"D","","2025/10/21","True","1","50","166","0","","",""
"3114","2025/10/21","FPICO1T08:21","2000/08/19",18,1,60,1,"LITT1",0,"D","","2025/10/21","True","1","50","166","0","","",""
"3115","2025/10/21","FPICO1T08:21","2000/08/19",18.3,1,61,1,"LITT1",0,"D","","2025/10/21","True","1","50","166","0","","",""
"3116","2025/10/21","FPICO1T08:21","2000/08/19",18.6,1,62,1,"LITT1",0,"D","","2025/10/21","True","1","50","166","0","","",""
"3117","2025/10/21","FPICO1T08:21","2000/08/19",18.9,1,63,1,"BOLE1",0,"L","","2025/10/21","True","1","50","166","0","","",""
"3118","2025/10/21","FPICO1T08:21","2000/08/19",19.2,1,64,1,"LITT1",0,"D","","2025/10/21","True","1","50","166","0","","",""
"3119","2025/10/21","FPICO1T08:21","2000/08/19",19.5,1,65,1,"LITT1",0,"D","","2025/10/21","True","1","50","166","0","","",""
"3120","2025/10/21","FPICO1T08:21","2000/08/19",19.8,1,66,1,"LITT1",0,"D","","2025/10/21","True","1","50","166","0","","",""
"3121","2025/10/21","FPICO1T08:21","2000/08/19",20.1,1,67,1,"LITT1",0,"D","","2025/10/21","True","1","50","166","0","","",""
"3122","2025/10/21","FPICO1T08:21","2000/08/19",20.4,1,68,1,"LITT1",0,"D","","2025/10/21","True","1","50","166","0","","",""
"3123","2025/10/21","FPICO1T08:21","2000/08/19",20.7,1,69,1,"LITT1",0,"D","","2025/10/21","True","1","50","166","0","","",""
"3124","2025/10/21","FPICO1T08:21","2000/08/19",21,1,70,1,"LITT1",0,"D","","2025/10/21","True","1","50","166","0","","",""
"3125","2025/10/21","FPICO1T08:21","2000/08/19",21.3,1,71,1,"LITT1",0,"D","","2025/10/21","True","1","50","166","0","","",""
"3126","2025/10/21","FPICO1T08:21","2000/08/19",21.6,1,72,1,"LITT1",0,"D","","2025/10/21","True","1","50","166","0","","",""
"3127","2025/10/21","FPICO1T08:21","2000/08/19",21.9,1,73,1,"LITT1",0,"D","","2025/10/21","True","1","50","166","0","","",""
"3128","2025/10/21","FPICO1T08:21","2000/08/19",22.2,1,74,1,"LITT1",0,"D","","2025/10/21","True","1","50","166","0","","",""
"3129","2025/10/21","FPICO1T08:21","2000/08/19",22.5,1,75,1,"LITT1",0,"D","","2025/10/21","True","1","50","166","0","","",""
"3130","2025/10/21","FPICO1T08:21","2000/08/19",22.8,1,76,1,"LITT1",0,"D","","2025/10/21","True","1","50","166","0","","",""
"3131","2025/10/21","FPICO1T08:21","2000/08/19",23.1,1,77,1,"LITT1",0,"D","","2025/10/21","True","1","50","166","0","","",""
"3132","2025/10/21","FPICO1T08:21","2000/08/19",23.4,1,78,1,"LITT1",0,"D","","2025/10/21","True","1","50","166","0","","",""
"3133","2025/10/21","FPICO1T08:21","2000/08/19",23.7,1,79,1,"LITT1",0,"D","","2025/10/21","True","1","50","166","0","","",""
"3134","2025/10/21","FPICO1T08:21","2000/08/19",24,1,80,1,"LITT1",0,"D","","2025/10/21","True","1","50","166","0","","",""
"3135","2025/10/21","FPICO1T08:21","2000/08/19",24.3,1,81,1,"LITT1",0,"D","","2025/10/21","True","1","50","166","0","","",""
"3136","2025/10/21","FPICO1T08:21","2000/08/19",24.6,1,82,1,"LITT1",0,"D","","2025/10/21","True","1","50","166","0","","",""
"3137","2025/10/21","FPICO1T08:21","2000/08/19",24.9,1,83,1,"LITT1",0,"D","","2025/10/21","True","1","50","166","0","","",""
"3138","2025/10/21","FPICO1T08:21","2000/08/19",25.2,1,84,1,"LITT1",0,"D","","2025/10/21","True","1","50","166","0","","",""
"3139","2025/10/21","FPICO1T08:21","2000/08/19",25.5,1,85,1,"VASC",0,"L","","2025/10/21","True","1","50","166","0","","",""
"3140","2025/10/21","FPICO1T08:21","2000/08/19",25.8,1,86,1,"LITT1",0,"D","","2025/10/21","True","1","50","166","0","","",""
"3141","2025/10/21","FPICO1T08:21","2000/08/19",26.1,1,87,1,"LITT1",0,"D","","2025/10/21","True","1","50","166","0","","",""
"3142","2025/10/21","FPICO1T08:21","2000/08/19",26.4,1,88,1,"LITT1",0,"D","","2025/10/21","True","1","50","166","0","","",""
"3143","2025/10/21","FPICO1T08:21","2000/08/19",26.7,1,89,1,"LITT1",0,"D","","2025/10/21","True","1","50","166","0","","",""
"3144","2025/10/21","FPICO1T08:21","2000/08/19",27,1,90,1,"VASC",0,"L","","2025/10/21","True","1","50","166","0","","",""
"3145","2025/10/21","FPICO1T08:21","2000/08/19",27.3,1,91,1,"LITT1",0,"D","","2025/10/21","True","1","50","166","0","","",""
"3146","2025/10/21","FPICO1T08:21","2000/08/19",27.6,1,92,1,"VASC",0,"L","","2025/10/21","True","1","50","166","0","","",""
"3147","2025/10/21","FPICO1T08:21","2000/08/19",27.9,1,93,1,"LITT1",0,"D","","2025/10/21","True","1","50","166","0","","",""
"3148","2025/10/21","FPICO1T08:21","2000/08/19",28.2,1,94,1,"LITT1",0,"D","","2025/10/21","True","1","50","166","0","","",""
"3149","2025/10/21","FPICO1T08:21","2000/08/19",28.5,1,95,1,"ROCK1",0,"D","","2025/10/21","True","1","50","166","0","","",""
"3150","2025/10/21","FPICO1T08:21","2000/08/19",28.8,1,96,1,"ROCK1",0,"D","","2025/10/21","True","1","50","166","0","","",""
"3151","2025/10/21","FPICO1T08:21","2000/08/19",29.1,1,97,1,"BOLE1",0,"L","","2025/10/21","True","1","50","166","0","","",""
"3152","2025/10/21","FPICO1T08:21","2000/08/19",29.4,1,98,1,"UNKF1",0,"L","","2025/10/21","True","1","50","166","0","","",""
"3153","2025/10/21","FPICO1T08:21","2000/08/19",29.7,1,99,1,"LITT1",0,"D","","2025/10/21","True","1","50","166","0","","",""
"3154","2025/10/21","FPICO1T08:21","2000/08/19",30,1,100,1,"LITT1",0,"D","","2025/10/21","True","1","50","166","0","","",""
"3155","2025/10/21","FPICO1T08:21","2000/08/19",30.3,1,101,1,"LITT1",0,"D","","2025/10/21","True","1","50","166","0","","",""
"3156","2025/10/21","FPICO1T08:21","2000/08/19",30.6,1,102,1,"LITT1",0,"D","","2025/10/21","True","1","50","166","0","","",""
"3157","2025/10/21","FPICO1T08:21","2000/08/19",30.9,1,103,1,"LITT1",0,"D","","2025/10/21","True","1","50","166","0","","",""
"3158","2025/10/21","FPICO1T08:21","2000/08/19",31.2,1,104,1,"LITT1",0,"D","","2025/10/21","True","1","50","166","0","","",""
"3159","2025/10/21","FPICO1T08:21","2000/08/19",31.5,1,105,1,"LITT1",0,"D","","2025/10/21","True","1","50","166","0","","",""
"3160","2025/10/21","FPICO1T08:21","2000/08/19",31.8,1,106,1,"ROCK1",0,"D","","2025/10/21","True","1","50","166","0","","",""
"3161","2025/10/21","FPICO1T08:21","2000/08/19",32.1,1,107,1,"LITT1",0,"D","","2025/10/21","True","1","50","166","0","","",""
"3162","2025/10/21","FPICO1T08:21","2000/08/19",32.4,1,108,1,"LITT1",0,"D","","2025/10/21","True","1","50","166","0","","",""
"3163","2025/10/21","FPICO1T08:21","2000/08/19",32.7,1,109,1,"LITT1",0,"D","","2025/10/21","True","1","50","166","0","","",""
"3164","2025/10/21","FPICO1T08:21","2000/08/19",33,1,110,1,"LITT1",0,"D","","2025/10/21","True","1","50","166","0","","",""
"3165","2025/10/21","FPICO1T08:21","2000/08/19",33.3,1,111,1,"MOSS1",0,"D","","2025/10/21","True","1","50","166","0","","",""
"3166","2025/10/21","FPICO1T08:21","2000/08/19",33.6,1,112,1,"LITT1",0,"D","","2025/10/21","True","1","50","166","0","","",""
"3167","2025/10/21","FPICO1T08:21","2000/08/19",33.9,1,113,1,"ROCK1",0,"D","","2025/10/21","True","1","50","166","0","","",""
"3168","2025/10/21","FPICO1T08:21","2000/08/19",34.2,1,114,1,"LITT1",0,"D","","2025/10/21","True","1","50","166","0","","",""
"3169","2025/10/21","FPICO1T08:21","2000/08/19",34.5,1,115,1,"ROCK1",0,"D","","2025/10/21","True","1","50","166","0","","",""
"3170","2025/10/21","FPICO1T08:21","2000/08/19",34.8,1,116,1,"BOLE1",0,"D","","2025/10/21","True","1","50","166","0","","",""
"3171","2025/10/21","FPICO1T08:21","2000/08/19",35.1,1,117,1,"BARE1",0,"D","","2025/10/21","True","1","50","166","0","","",""
"3172","2025/10/21","FPICO1T08:21","2000/08/19",35.4,1,118,1,"LITT1",0,"D","","2025/10/21","True","1","50","166","0","","",""
"3173","2025/10/21","FPICO1T08:21","2000/08/19",35.7,1,119,1,"LITT1",0,"D","","2025/10/21","True","1","50","166","0","","",""
"3174","2025/10/21","FPICO1T08:21","2000/08/19",36,1,120,1,"LITT1",0,"D","","2025/10/21","True","1","50","166","0","","",""
"3175","2025/10/21","FPICO1T08:21","2000/08/19",36.3,1,121,1,"LITT1",0,"D","","2025/10/21","True","1","50","166","0","","",""
"3176","2025/10/21","FPICO1T08:21","2000/08/19",36.6,1,122,1,"LITT1",0,"D","","2025/10/21","True","1","50","166","0","","",""
"3177","2025/10/21","FPICO1T08:21","2000/08/19",36.9,1,123,1,"LITT1",0,"D","","2025/10/21","True","1","50","166","0","","",""
"3178","2025/10/21","FPICO1T08:21","2000/08/19",37.2,1,124,1,"LITT1",0,"D","","2025/10/21","True","1","50","166","0","","",""
"3179","2025/10/21","FPICO1T08:21","2000/08/19",37.5,1,125,1,"LITT1",0,"D","","2025/10/21","True","1","50","166","0","","",""
"3180","2025/10/21","FPICO1T08:21","2000/08/19",37.8,1,126,1,"LITT1",0,"D","","2025/10/21","True","1","50","166","0","","",""
"3181","2025/10/21","FPICO1T08:21","2000/08/19",38.1,1,127,1,"LITT1",0,"D","","2025/10/21","True","1","50","166","0","","",""
"3182","2025/10/21","FPICO1T08:21","2000/08/19",38.4,1,128,1,"LITT1",0,"D","","2025/10/21","True","1","50","166","0","","",""
"3183","2025/10/21","FPICO1T08:21","2000/08/19",38.7,1,129,1,"ROCK1",0,"D","","2025/10/21","True","1","50","166","0","","",""
"3184","2025/10/21","FPICO1T08:21","2000/08/19",39,1,130,1,"LITT1",0,"D","","2025/10/21","True","1","50","166","0","","",""
"3185","2025/10/21","FPICO1T08:21","2000/08/19",39.3,1,131,1,"LITT1",0,"D","","2025/10/21","True","1","50","166","0","","",""
"3186","2025/10/21","FPICO1T08:21","2000/08/19",39.6,1,132,1,"LITT1",0,"D","","2025/10/21","True","1","50","166","0","","",""
"3187","2025/10/21","FPICO1T08:21","2000/08/19",39.9,1,133,1,"VASC",0,"L","","2025/10/21","True","1","50","166","0","","",""
"3188","2025/10/21","FPICO1T08:21","2000/08/19",40.2,1,134,1,"VASC",0,"L","","2025/10/21","True","1","50","166","0","","",""
"3189","2025/10/21","FPICO1T08:21","2000/08/19",40.5,1,135,1,"LITT1",0,"D","","2025/10/21","True","1","50","166","0","","",""
"3190","2025/10/21","FPICO1T08:21","2000/08/19",40.8,1,136,1,"LITT1",0,"D","","2025/10/21","True","1","50","166","0","","",""
"3191","2025/10/21","FPICO1T08:21","2000/08/19",41.1,1,137,1,"LITT1",0,"D","","2025/10/21","True","1","50","166","0","","",""
"3192","2025/10/21","FPICO1T08:21","2000/08/19",41.4,1,138,1,"LITT1",0,"D","","2025/10/21","True","1","50","166","0","","",""
"3193","2025/10/21","FPICO1T08:21","2000/08/19",41.7,1,139,1,"ROCK1",0,"D","","2025/10/21","True","1","50","166","0","","",""
"3194","2025/10/21","FPICO1T08:21","2000/08/19",42,1,140,1,"LITT1",0,"D","","2025/10/21","True","1","50","166","0","","",""
"3195","2025/10/21","FPICO1T08:21","2000/08/19",42.3,1,141,1,"ROCK1",0,"D","","2025/10/21","True","1","50","166","0","","",""
"3196","2025/10/21","FPICO1T08:21","2000/08/19",42.6,1,142,1,"VASC",0,"L","","2025/10/21","True","1","50","166","0","","",""
"3197","2025/10/21","FPICO1T08:21","2000/08/19",42.9,1,143,1,"LITT1",0,"D","","2025/10/21","True","1","50","166","0","","",""
"3198","2025/10/21","FPICO1T08:21","2000/08/19",43.2,1,144,1,"LITT1",0,"D","","2025/10/21","True","1","50","166","0","","",""
"3199","2025/10/21","FPICO1T08:21","2000/08/19",43.5,1,145,1,"VASC",0,"L","","2025/10/21","True","1","50","166","0","","",""
"3200","2025/10/21","FPICO1T08:21","2000/08/19",43.8,1,146,1,"ROCK1",0,"D","","2025/10/21","True","1","50","166","0","","",""
"3201","2025/10/21","FPICO1T08:21","2000/08/19",44.1,1,147,1,"LITT1",0,"D","","2025/10/21","True","1","50","166","0","","",""
"3202","2025/10/21","FPICO1T08:21","2000/08/19",44.4,1,148,1,"VASC",0,"L","","2025/10/21","True","1","50","166","0","","",""
"3203","2025/10/21","FPICO1T08:21","2000/08/19",44.7,1,149,1,"LITT1",0,"D","","2025/10/21","True","1","50","166","0","","",""
"3204","2025/10/21","FPICO1T08:21","2000/08/19",45,1,150,1,"LITT1",0,"D","","2025/10/21","True","1","50","166","0","","",""
"3205","2025/10/21","FPICO1T08:21","2000/08/19",45.3,1,151,1,"ROCK1",0,"D","","2025/10/21","True","1","50","166","0","","",""
"3206","2025/10/21","FPICO1T08:21","2000/08/19",45.6,1,152,1,"LITT1",0,"D","","2025/10/21","True","1","50","166","0","","",""
"3207","2025/10/21","FPICO1T08:21","2000/08/19",45.9,1,153,1,"LITT1",0,"D","","2025/10/21","True","1","50","166","0","","",""
"3208","2025/10/21","FPICO1T08:21","2000/08/19",46.2,1,154,1,"LITT1",0,"D","","2025/10/21","True","1","50","166","0","","",""
"3209","2025/10/21","FPICO1T08:21","2000/08/19",46.5,1,155,1,"LITT1",0,"D","","2025/10/21","True","1","50","166","0","","",""
"3210","2025/10/21","FPICO1T08:21","2000/08/19",46.8,1,156,1,"LITT1",0,"D","","2025/10/21","True","1","50","166","0","","",""
"3211","2025/10/21","FPICO1T08:21","2000/08/19",47.1,1,157,1,"LITT1",0,"D","","2025/10/21","True","1","50","166","0","","",""
"3212","2025/10/21","FPICO1T08:21","2000/08/19",47.4,1,158,1,"LITT1",0,"D","","2025/10/21","True","1","50","166","0","","",""
"3213","2025/10/21","FPICO1T08:21","2000/08/19",47.7,1,159,1,"LITT1",0,"D","","2025/10/21","True","1","50","166","0","","",""
"3214","2025/10/21","FPICO1T08:21","2000/08/19",48,1,160,1,"LITT1",0,"D","","2025/10/21","True","1","50","166","0","","",""
"3215","2025/10/21","FPICO1T08:21","2000/08/19",48.3,1,161,1,"LITT1",0,"D","","2025/10/21","True","1","50","166","0","","",""
"3216","2025/10/21","FPICO1T08:21","2000/08/19",48.6,1,162,1,"LITT1",0,"D","","2025/10/21","True","1","50","166","0","","",""
"3217","2025/10/21","FPICO1T08:21","2000/08/19",48.9,1,163,1,"LITT1",0,"D","","2025/10/21","True","1","50","166","0","","",""
"3218","2025/10/21","FPICO1T08:21","2000/08/19",49.2,1,164,1,"UNKM2",0,"L","","2025/10/21","True","1","50","166","0","","",""
"3219","2025/10/21","FPICO1T08:21","2000/08/19",49.5,1,165,1,"LITT1",0,"D","","2025/10/21","True","1","50","166","0","","",""
"3220","2025/10/21","FPICO1T08:21","2000/08/19",49.8,1,166,1,"LITT1",0,"D","","2025/10/21","True","1","50","166","0","","",""
"3221","2025/10/21","FPICO1T08:24","2000/09/22",0.3,1,1,1,"LITT1",0,"D","","2025/10/21","True","1","50","166","0","","",""
"3222","2025/10/21","FPICO1T08:24","2000/09/22",0.6,1,2,1,"BREN",0,"L","","2025/10/21","True","1","50","166","0","","",""
"3223","2025/10/21","FPICO1T08:24","2000/09/22",0.9,1,3,1,"WOOD1",0,"D","","2025/10/21","True","1","50","166","0","","",""
"3224","2025/10/21","FPICO1T08:24","2000/09/22",1.2,1,4,1,"ROCK1",0,"D","","2025/10/21","True","1","50","166","0","","",""
"3225","2025/10/21","FPICO1T08:24","2000/09/22",1.5,1,5,1,"LITT1",0,"D","","2025/10/21","True","1","50","166","0","","",""
"3226","2025/10/21","FPICO1T08:24","2000/09/22",1.8,1,6,1,"LITT1",0,"D","","2025/10/21","True","1","50","166","0","","",""
"3227","2025/10/21","FPICO1T08:24","2000/09/22",2.1,1,7,1,"LITT1",0,"D","","2025/10/21","True","1","50","166","0","","",""
"3228","2025/10/21","FPICO1T08:24","2000/09/22",2.4,1,8,1,"PYCH",0,"L","","2025/10/21","True","1","50","166","0","","",""
"3229","2025/10/21","FPICO1T08:24","2000/09/22",2.7,1,9,1,"BREN",0,"L","","2025/10/21","True","1","50","166","0","","",""
"3230","2025/10/21","FPICO1T08:24","2000/09/22",3,1,10,1,"VASC",0,"L","","2025/10/21","True","1","50","166","0","","",""
"3231","2025/10/21","FPICO1T08:24","2000/09/22",3.3,1,11,1,"WOOD1",0,"D","","2025/10/21","True","1","50","166","0","","",""
"3232","2025/10/21","FPICO1T08:24","2000/09/22",3.6,1,12,1,"WOOD1",0,"D","","2025/10/21","True","1","50","166","0","","",""
"3233","2025/10/21","FPICO1T08:24","2000/09/22",3.9,1,13,1,"WOOD1",0,"D","","2025/10/21","True","1","50","166","0","","",""
"3234","2025/10/21","FPICO1T08:24","2000/09/22",4.2,1,14,1,"LITT1",0,"D","","2025/10/21","True","1","50","166","0","","",""
"3235","2025/10/21","FPICO1T08:24","2000/09/22",4.5,1,15,1,"LITT1",0,"D","","2025/10/21","True","1","50","166","0","","",""
"3236","2025/10/21","FPICO1T08:24","2000/09/22",4.8,1,16,1,"LITT1",0,"D","","2025/10/21","True","1","50","166","0","","",""
"3237","2025/10/21","FPICO1T08:24","2000/09/22",5.1,1,17,1,"LITT1",0,"D","","2025/10/21","True","1","50","166","0","","",""
"3238","2025/10/21","FPICO1T08:24","2000/09/22",5.4,1,18,1,"CAREX",0,"L","","2025/10/21","True","1","50","166","0","","",""
"3239","2025/10/21","FPICO1T08:24","2000/09/22",5.7,1,19,1,"CAREX",0.1,"L","","2025/10/21","True","1","50","166","0","","",""
"3240","2025/10/21","FPICO1T08:24","2000/09/22",6,1,20,1,"LITT1",0,"D","","2025/10/21","True","1","50","166","0","","",""
"3241","2025/10/21","FPICO1T08:24","2000/09/22",6.3,1,21,1,"LITT1",0,"D","","2025/10/21","True","1","50","166","0","","",""
"3242","2025/10/21","FPICO1T08:24","2000/09/22",6.6,1,22,1,"LITT1",0,"D","","2025/10/21","True","1","50","166","0","","",""
"3243","2025/10/21","FPICO1T08:24","2000/09/22",6.9,1,23,1,"LITT1",0,"D","","2025/10/21","True","1","50","166","0","","",""
"3244","2025/10/21","FPICO1T08:24","2000/09/22",7.2,1,24,1,"WOOD1",0,"D","","2025/10/21","True","1","50","166","0","","",""
"3245","2025/10/21","FPICO1T08:24","2000/09/22",7.5,1,25,1,"LITT1",0,"D","","2025/10/21","True","1","50","166","0","","",""
"3246","2025/10/21","FPICO1T08:24","2000/09/22",7.8,1,26,1,"VASC",0,"L","","2025/10/21","True","1","50","166","0","","",""
"3247","2025/10/21","FPICO1T08:24","2000/09/22",8.1,1,27,1,"LITT1",0,"D","","2025/10/21","True","1","50","166","0","","",""
"3248","2025/10/21","FPICO1T08:24","2000/09/22",8.4,1,28,1,"LITT1",0,"D","","2025/10/21","True","1","50","166","0","","",""
"3249","2025/10/21","FPICO1T08:24","2000/09/22",8.7,1,29,1,"LITT1",0,"D","","2025/10/21","True","1","50","166","0","","",""
"3250","2025/10/21","FPICO1T08:24","2000/09/22",9,1,30,1,"LITT1",0,"D","","2025/10/21","True","1","50","166","0","","",""
"3251","2025/10/21","FPICO1T08:24","2000/09/22",9.3,1,31,1,"LITT1",0,"D","","2025/10/21","True","1","50","166","0","","",""
"3252","2025/10/21","FPICO1T08:24","2000/09/22",9.6,1,32,1,"LITT1",0,"D","","2025/10/21","True","1","50","166","0","","",""
"3253","2025/10/21","FPICO1T08:24","2000/09/22",9.9,1,33,1,"LITT1",0,"D","","2025/10/21","True","1","50","166","0","","",""
"3254","2025/10/21","FPICO1T08:24","2000/09/22",10.2,1,34,1,"LITT1",0,"D","","2025/10/21","True","1","50","166","0","","",""
"3255","2025/10/21","FPICO1T08:24","2000/09/22",10.5,1,35,1,"BREN",0,"L","","2025/10/21","True","1","50","166","0","","",""
"3256","2025/10/21","FPICO1T08:24","2000/09/22",10.8,1,36,1,"LITT1",0,"D","","2025/10/21","True","1","50","166","0","","",""
"3257","2025/10/21","FPICO1T08:24","2000/09/22",11.1,1,37,1,"LITT1",0,"D","","2025/10/21","True","1","50","166","0","","",""
"3258","2025/10/21","FPICO1T08:24","2000/09/22",11.4,1,38,1,"CAREX",0,"L","","2025/10/21","True","1","50","166","0","","",""
"3259","2025/10/21","FPICO1T08:24","2000/09/22",11.7,1,39,1,"LITT1",0,"D","","2025/10/21","True","1","50","166","0","","",""
"3260","2025/10/21","FPICO1T08:24","2000/09/22",12,1,40,1,"LITT1",0,"D","","2025/10/21","True","1","50","166","0","","",""
"3261","2025/10/21","FPICO1T08:24","2000/09/22",12.3,1,41,1,"LITT1",0,"D","","2025/10/21","True","1","50","166","0","","",""
"3262","2025/10/21","FPICO1T08:24","2000/09/22",12.6,1,42,1,"LITT1",0,"D","","2025/10/21","True","1","50","166","0","","",""
"3263","2025/10/21","FPICO1T08:24","2000/09/22",12.9,1,43,1,"LITT1",0,"D","","2025/10/21","True","1","50","166","0","","",""
"3264","2025/10/21","FPICO1T08:24","2000/09/22",13.2,1,44,1,"LITT1",0,"D","","2025/10/21","True","1","50","166","0","","",""
"3265","2025/10/21","FPICO1T08:24","2000/09/22",13.5,1,45,1,"LITT1",0,"D","","2025/10/21","True","1","50","166","0","","",""
"3266","2025/10/21","FPICO1T08:24","2000/09/22",13.8,1,46,1,"LITT1",0,"D","","2025/10/21","True","1","50","166","0","","",""
"3267","2025/10/21","FPICO1T08:24","2000/09/22",14.1,1,47,1,"LITT1",0,"D","","2025/10/21","True","1","50","166","0","","",""
"3268","2025/10/21","FPICO1T08:24","2000/09/22",14.4,1,48,1,"UNKM2",0,"L","","2025/10/21","True","1","50","166","0","","",""
"3269","2025/10/21","FPICO1T08:24","2000/09/22",14.7,1,49,1,"VASC",0.1,"L","","2025/10/21","True","1","50","166","0","","",""
"3270","2025/10/21","FPICO1T08:24","2000/09/22",15,1,50,1,"LITT1",0,"D","","2025/10/21","True","1","50","166","0","","",""
"3271","2025/10/21","FPICO1T08:24","2000/09/22",15.3,1,51,1,"BREN",0,"L","","2025/10/21","True","1","50","166","0","","",""
"3272","2025/10/21","FPICO1T08:24","2000/09/22",15.6,1,52,1,"LITT1",0,"D","","2025/10/21","True","1","50","166","0","","",""
"3273","2025/10/21","FPICO1T08:24","2000/09/22",15.9,1,53,1,"LITT1",0,"D","","2025/10/21","True","1","50","166","0","","",""
"3274","2025/10/21","FPICO1T08:24","2000/09/22",16.2,1,54,1,"LITT1",0,"D","","2025/10/21","True","1","50","166","0","","",""
"3275","2025/10/21","FPICO1T08:24","2000/09/22",16.5,1,55,1,"LITT1",0,"D","","2025/10/21","True","1","50","166","0","","",""
"3276","2025/10/21","FPICO1T08:24","2000/09/22",16.8,1,56,1,"LITT1",0,"D","","2025/10/21","True","1","50","166","0","","",""
"3277","2025/10/21","FPICO1T08:24","2000/09/22",17.1,1,57,1,"LITT1",0,"D","","2025/10/21","True","1","50","166","0","","",""
"3278","2025/10/21","FPICO1T08:24","2000/09/22",17.4,1,58,1,"LITT1",0,"D","","2025/10/21","True","1","50","166","0","","",""
"3279","2025/10/21","FPICO1T08:24","2000/09/22",17.7,1,59,1,"LITT1",0,"D","","2025/10/21","True","1","50","166","0","","",""
"3280","2025/10/21","FPICO1T08:24","2000/09/22",18,1,60,1,"LITT1",0,"D","","2025/10/21","True","1","50","166","0","","",""
"3281","2025/10/21","FPICO1T08:24","2000/09/22",18.3,1,61,1,"LITT1",0,"D","","2025/10/21","True","1","50","166","0","","",""
"3282","2025/10/21","FPICO1T08:24","2000/09/22",18.6,1,62,1,"LITT1",0,"D","","2025/10/21","True","1","50","166","0","","",""
"3283","2025/10/21","FPICO1T08:24","2000/09/22",18.9,1,63,1,"LITT1",0,"D","","2025/10/21","True","1","50","166","0","","",""
"3284","2025/10/21","FPICO1T08:24","2000/09/22",19.2,1,64,1,"LITT1",0,"D","","2025/10/21","True","1","50","166","0","","",""
"3285","2025/10/21","FPICO1T08:24","2000/09/22",19.5,1,65,1,"LITT1",0,"D","","2025/10/21","True","1","50","166","0","","",""
"3286","2025/10/21","FPICO1T08:24","2000/09/22",19.8,1,66,1,"LITT1",0,"D","","2025/10/21","True","1","50","166","0","","",""
"3287","2025/10/21","FPICO1T08:24","2000/09/22",20.1,1,67,1,"WOOD1",0,"D","","2025/10/21","True","1","50","166","0","","",""
"3288","2025/10/21","FPICO1T08:24","2000/09/22",20.4,1,68,1,"WOOD1",0,"D","","2025/10/21","True","1","50","166","0","","",""
"3289","2025/10/21","FPICO1T08:24","2000/09/22",20.7,1,69,1,"WOOD1",0,"D","","2025/10/21","True","1","50","166","0","","",""
"3290","2025/10/21","FPICO1T08:24","2000/09/22",21,1,70,1,"LITT1",0,"D","","2025/10/21","True","1","50","166","0","","",""
"3291","2025/10/21","FPICO1T08:24","2000/09/22",21.3,1,71,1,"LITT1",0,"D","","2025/10/21","True","1","50","166","0","","",""
"3292","2025/10/21","FPICO1T08:24","2000/09/22",21.6,1,72,1,"LITT1",0,"D","","2025/10/21","True","1","50","166","0","","",""
"3293","2025/10/21","FPICO1T08:24","2000/09/22",21.9,1,73,1,"LITT1",0,"D","","2025/10/21","True","1","50","166","0","","",""
"3294","2025/10/21","FPICO1T08:24","2000/09/22",22.2,1,74,1,"LITT1",0,"D","","2025/10/21","True","1","50","166","0","","",""
"3295","2025/10/21","FPICO1T08:24","2000/09/22",22.5,1,75,1,"LITT1",0,"D","","2025/10/21","True","1","50","166","0","","",""
"3296","2025/10/21","FPICO1T08:24","2000/09/22",22.8,1,76,1,"WOOD1",0,"D","","2025/10/21","True","1","50","166","0","","",""
"3297","2025/10/21","FPICO1T08:24","2000/09/22",23.1,1,77,1,"VASC",0,"L","","2025/10/21","True","1","50","166","0","","",""
"3298","2025/10/21","FPICO1T08:24","2000/09/22",23.4,1,78,1,"WOOD1",0,"D","","2025/10/21","True","1","50","166","0","","",""
"3299","2025/10/21","FPICO1T08:24","2000/09/22",23.7,1,79,1,"LITT1",0,"D","","2025/10/21","True","1","50","166","0","","",""
"3300","2025/10/21","FPICO1T08:24","2000/09/22",24,1,80,1,"LITT1",0,"D","","2025/10/21","True","1","50","166","0","","",""
"3301","2025/10/21","FPICO1T08:24","2000/09/22",24.3,1,81,1,"LITT1",0,"D","","2025/10/21","True","1","50","166","0","","",""
"3302","2025/10/21","FPICO1T08:24","2000/09/22",24.6,1,82,1,"LITT1",0,"D","","2025/10/21","True","1","50","166","0","","",""
"3303","2025/10/21","FPICO1T08:24","2000/09/22",24.9,1,83,1,"LITT1",0,"D","","2025/10/21","True","1","50","166","0","","",""
"3304","2025/10/21","FPICO1T08:24","2000/09/22",25.2,1,84,1,"LITT1",0,"D","","2025/10/21","True","1","50","166","0","","",""
"3305","2025/10/21","FPICO1T08:24","2000/09/22",25.5,1,85,1,"LITT1",0,"D","","2025/10/21","True","1","50","166","0","","",""
"3306","2025/10/21","FPICO1T08:24","2000/09/22",25.8,1,86,1,"LITT1",0,"D","","2025/10/21","True","1","50","166","0","","",""
"3307","2025/10/21","FPICO1T08:24","2000/09/22",26.1,1,87,1,"LITT1",0,"D","","2025/10/21","True","1","50","166","0","","",""
"3308","2025/10/21","FPICO1T08:24","2000/09/22",26.4,1,88,1,"LITT1",0,"D","","2025/10/21","True","1","50","166","0","","",""
"3309","2025/10/21","FPICO1T08:24","2000/09/22",26.7,1,89,1,"LITT1",0,"D","","2025/10/21","True","1","50","166","0","","",""
"3310","2025/10/21","FPICO1T08:24","2000/09/22",27,1,90,1,"LITT1",0,"D","","2025/10/21","True","1","50","166","0","","",""
"3311","2025/10/21","FPICO1T08:24","2000/09/22",27.3,1,91,1,"LITT1",0,"D","","2025/10/21","True","1","50","166","0","","",""
"3312","2025/10/21","FPICO1T08:24","2000/09/22",27.6,1,92,1,"LITT1",0,"D","","2025/10/21","True","1","50","166","0","","",""
"3313","2025/10/21","FPICO1T08:24","2000/09/22",27.9,1,93,1,"LITT1",0,"D","","2025/10/21","True","1","50","166","0","","",""
"3314","2025/10/21","FPICO1T08:24","2000/09/22",28.2,1,94,1,"BREN",0,"L","","2025/10/21","True","1","50","166","0","","",""
"3315","2025/10/21","FPICO1T08:24","2000/09/22",28.5,1,95,1,"LITT1",0,"D","","2025/10/21","True","1","50","166","0","","",""
"3316","2025/10/21","FPICO1T08:24","2000/09/22",28.8,1,96,1,"LITT1",0,"D","","2025/10/21","True","1","50","166","0","","",""
"3317","2025/10/21","FPICO1T08:24","2000/09/22",29.1,1,97,1,"LITT1",0,"D","","2025/10/21","True","1","50","166","0","","",""
"3318","2025/10/21","FPICO1T08:24","2000/09/22",29.4,1,98,1,"ROCK1",0,"D","","2025/10/21","True","1","50","166","0","","",""
"3319","2025/10/21","FPICO1T08:24","2000/09/22",29.7,1,99,1,"ROCK1",0,"D","","2025/10/21","True","1","50","166","0","","",""
"3320","2025/10/21","FPICO1T08:24","2000/09/22",30,1,100,1,"LITT1",0,"D","","2025/10/21","True","1","50","166","0","","",""
"3321","2025/10/21","FPICO1T08:24","2000/09/22",30.3,1,101,1,"LITT1",0,"D","","2025/10/21","True","1","50","166","0","","",""
"3322","2025/10/21","FPICO1T08:24","2000/09/22",30.6,1,102,1,"LITT1",0,"D","","2025/10/21","True","1","50","166","0","","",""
"3323","2025/10/21","FPICO1T08:24","2000/09/22",30.9,1,103,1,"LITT1",0,"D","","2025/10/21","True","1","50","166","0","","",""
"3324","2025/10/21","FPICO1T08:24","2000/09/22",31.2,1,104,1,"WOOD1",0,"D","","2025/10/21","True","1","50","166","0","","",""
"3325","2025/10/21","FPICO1T08:24","2000/09/22",31.5,1,105,1,"ROCK1",0,"D","","2025/10/21","True","1","50","166","0","","",""
"3326","2025/10/21","FPICO1T08:24","2000/09/22",31.8,1,106,1,"LITT1",0,"D","","2025/10/21","True","1","50","166","0","","",""
"3327","2025/10/21","FPICO1T08:24","2000/09/22",32.1,1,107,1,"LITT1",0,"D","","2025/10/21","True","1","50","166","0","","",""
"3328","2025/10/21","FPICO1T08:24","2000/09/22",32.4,1,108,1,"LITT1",0,"D","","2025/10/21","True","1","50","166","0","","",""
"3329","2025/10/21","FPICO1T08:24","2000/09/22",32.7,1,109,1,"LITT1",0,"D","","2025/10/21","True","1","50","166","0","","",""
"3330","2025/10/21","FPICO1T08:24","2000/09/22",33,1,110,1,"BREN",0,"L","","2025/10/21","True","1","50","166","0","","",""
"3331","2025/10/21","FPICO1T08:24","2000/09/22",33.3,1,111,1,"BREN",0,"L","","2025/10/21","True","1","50","166","0","","",""
"3332","2025/10/21","FPICO1T08:24","2000/09/22",33.6,1,112,1,"LITT1",0,"D","","2025/10/21","True","1","50","166","0","","",""
"3333","2025/10/21","FPICO1T08:24","2000/09/22",33.9,1,113,1,"LITT1",0,"D","","2025/10/21","True","1","50","166","0","","",""
"3334","2025/10/21","FPICO1T08:24","2000/09/22",34.2,1,114,1,"ROCK1",0,"D","","2025/10/21","True","1","50","166","0","","",""
"3335","2025/10/21","FPICO1T08:24","2000/09/22",34.5,1,115,1,"LITT1",0,"D","","2025/10/21","True","1","50","166","0","","",""
"3336","2025/10/21","FPICO1T08:24","2000/09/22",34.8,1,116,1,"LITT1",0,"D","","2025/10/21","True","1","50","166","0","","",""
"3337","2025/10/21","FPICO1T08:24","2000/09/22",35.1,1,117,1,"LITT1",0,"D","","2025/10/21","True","1","50","166","0","","",""
"3338","2025/10/21","FPICO1T08:24","2000/09/22",35.4,1,118,1,"VASC",0.1,"L","","2025/10/21","True","1","50","166","0","","",""
"3339","2025/10/21","FPICO1T08:24","2000/09/22",35.7,1,119,1,"VASC",0.1,"L","","2025/10/21","True","1","50","166","0","","",""
"3340","2025/10/21","FPICO1T08:24","2000/09/22",36,1,120,1,"LITT1",0,"D","","2025/10/21","True","1","50","166","0","","",""
"3341","2025/10/21","FPICO1T08:24","2000/09/22",36.3,1,121,1,"LITT1",0,"D","","2025/10/21","True","1","50","166","0","","",""
"3342","2025/10/21","FPICO1T08:24","2000/09/22",36.6,1,122,1,"LITT1",0,"D","","2025/10/21","True","1","50","166","0","","",""
"3343","2025/10/21","FPICO1T08:24","2000/09/22",36.9,1,123,1,"LITT1",0,"D","","2025/10/21","True","1","50","166","0","","",""
"3344","2025/10/21","FPICO1T08:24","2000/09/22",37.2,1,124,1,"LITT1",0,"D","","2025/10/21","True","1","50","166","0","","",""
"3345","2025/10/21","FPICO1T08:24","2000/09/22",37.5,1,125,1,"LITT1",0,"D","","2025/10/21","True","1","50","166","0","","",""
"3346","2025/10/21","FPICO1T08:24","2000/09/22",37.8,1,126,1,"LITT1",0,"D","","2025/10/21","True","1","50","166","0","","",""
"3347","2025/10/21","FPICO1T08:24","2000/09/22",38.1,1,127,1,"LITT1",0,"D","","2025/10/21","True","1","50","166","0","","",""
"3348","2025/10/21","FPICO1T08:24","2000/09/22",38.4,1,128,1,"LITT1",0,"D","","2025/10/21","True","1","50","166","0","","",""
"3349","2025/10/21","FPICO1T08:24","2000/09/22",38.7,1,129,1,"LITT1",0,"D","","2025/10/21","True","1","50","166","0","","",""
"3350","2025/10/21","FPICO1T08:24","2000/09/22",39,1,130,1,"UNKM1",0,"L","","2025/10/21","True","1","50","166","0","","",""
"3351","2025/10/21","FPICO1T08:24","2000/09/22",39.3,1,131,1,"VASC",0,"L","","2025/10/21","True","1","50","166","0","","",""
"3352","2025/10/21","FPICO1T08:24","2000/09/22",39.6,1,132,1,"LITT1",0,"D","","2025/10/21","True","1","50","166","0","","",""
"3353","2025/10/21","FPICO1T08:24","2000/09/22",39.9,1,133,1,"UNKM1",0,"L","","2025/10/21","True","1","50","166","0","","",""
"3354","2025/10/21","FPICO1T08:24","2000/09/22",40.2,1,134,1,"BOLE1",0,"L","","2025/10/21","True","1","50","166","0","","",""
"3355","2025/10/21","FPICO1T08:24","2000/09/22",40.5,1,135,1,"UNKM1",0,"L","","2025/10/21","True","1","50","166","0","","",""
"3356","2025/10/21","FPICO1T08:24","2000/09/22",40.8,1,136,1,"LITT1",0,"D","","2025/10/21","True","1","50","166","0","","",""
"3357","2025/10/21","FPICO1T08:24","2000/09/22",41.1,1,137,1,"LITT1",0,"D","","2025/10/21","True","1","50","166","0","","",""
"3358","2025/10/21","FPICO1T08:24","2000/09/22",41.4,1,138,1,"LITT1",0,"D","","2025/10/21","True","1","50","166","0","","",""
"3359","2025/10/21","FPICO1T08:24","2000/09/22",41.7,1,139,1,"LITT1",0,"D","","2025/10/21","True","1","50","166","0","","",""
"3360","2025/10/21","FPICO1T08:24","2000/09/22",42,1,140,1,"UNKM1",0,"L","","2025/10/21","True","1","50","166","0","","",""
"3361","2025/10/21","FPICO1T08:24","2000/09/22",42.3,1,141,1,"LITT1",0,"D","","2025/10/21","True","1","50","166","0","","",""
"3362","2025/10/21","FPICO1T08:24","2000/09/22",42.6,1,142,1,"LITT1",0,"D","","2025/10/21","True","1","50","166","0","","",""
"3363","2025/10/21","FPICO1T08:24","2000/09/22",42.9,1,143,1,"LITT1",0,"D","","2025/10/21","True","1","50","166","0","","",""
"3364","2025/10/21","FPICO1T08:24","2000/09/22",43.2,1,144,1,"LITT1",0,"D","","2025/10/21","True","1","50","166","0","","",""
"3365","2025/10/21","FPICO1T08:24","2000/09/22",43.5,1,145,1,"LITT1",0,"D","","2025/10/21","True","1","50","166","0","","",""
"3366","2025/10/21","FPICO1T08:24","2000/09/22",43.8,1,146,1,"LITT1",0,"D","","2025/10/21","True","1","50","166","0","","",""
"3367","2025/10/21","FPICO1T08:24","2000/09/22",44.1,1,147,1,"LITT1",0,"D","","2025/10/21","True","1","50","166","0","","",""
"3368","2025/10/21","FPICO1T08:24","2000/09/22",44.4,1,148,1,"LITT1",0,"D","","2025/10/21","True","1","50","166","0","","",""
"3369","2025/10/21","FPICO1T08:24","2000/09/22",44.7,1,149,1,"UNKM2",0,"L","","2025/10/21","True","1","50","166","0","","",""
"3370","2025/10/21","FPICO1T08:24","2000/09/22",45,1,150,1,"LITT1",0,"D","","2025/10/21","True","1","50","166","0","","",""
"3371","2025/10/21","FPICO1T08:24","2000/09/22",45.3,1,151,1,"LITT1",0,"D","","2025/10/21","True","1","50","166","0","","",""
"3372","2025/10/21","FPICO1T08:24","2000/09/22",45.6,1,152,1,"VASC",0,"L","","2025/10/21","True","1","50","166","0","","",""
"3373","2025/10/21","FPICO1T08:24","2000/09/22",45.9,1,153,1,"LITT1",0,"D","","2025/10/21","True","1","50","166","0","","",""
"3374","2025/10/21","FPICO1T08:24","2000/09/22",46.2,1,154,1,"LITT1",0,"D","","2025/10/21","True","1","50","166","0","","",""
"3375","2025/10/21","FPICO1T08:24","2000/09/22",46.5,1,155,1,"LITT1",0,"D","","2025/10/21","True","1","50","166","0","","",""
"3376","2025/10/21","FPICO1T08:24","2000/09/22",46.8,1,156,1,"LITT1",0,"D","","2025/10/21","True","1","50","166","0","","",""
"3377","2025/10/21","FPICO1T08:24","2000/09/22",47.1,1,157,1,"BREN",0,"L","","2025/10/21","True","1","50","166","0","","",""
"3378","2025/10/21","FPICO1T08:24","2000/09/22",47.4,1,158,1,"LITT1",0,"D","","2025/10/21","True","1","50","166","0","","",""
"3379","2025/10/21","FPICO1T08:24","2000/09/22",47.7,1,159,1,"LITT1",0,"D","","2025/10/21","True","1","50","166","0","","",""
"3380","2025/10/21","FPICO1T08:24","2000/09/22",48,1,160,1,"LITT1",0,"D","","2025/10/21","True","1","50","166","0","","",""
"3381","2025/10/21","FPICO1T08:24","2000/09/22",48.3,1,161,1,"LITT1",0,"D","","2025/10/21","True","1","50","166","0","","",""
"3382","2025/10/21","FPICO1T08:24","2000/09/22",48.6,1,162,1,"LITT1",0,"D","","2025/10/21","True","1","50","166","0","","",""
"3383","2025/10/21","FPICO1T08:24","2000/09/22",48.9,1,163,1,"WOOD1",0,"D","","2025/10/21","True","1","50","166","0","","",""
"3384","2025/10/21","FPICO1T08:24","2000/09/22",49.2,1,164,1,"PICO",0.2,"L","","2025/10/21","True","1","50","166","0","","",""
"3385","2025/10/21","FPICO1T08:24","2000/09/22",49.2,1,164,2,"VASC",0,"L","","2025/10/21","True","1","50","166","0","","",""
"3386","2025/10/21","FPICO1T08:24","2000/09/22",49.5,1,165,1,"VASC",0.1,"L","","2025/10/21","True","1","50","166","0","","",""
"3387","2025/10/21","FPICO1T08:24","2000/09/22",49.8,1,166,1,"LITT1",0,"D","","2025/10/21","True","1","50","166","0","","",""
"3388","2025/10/21","FPICO1T08:25","2000/09/22",0.3,1,1,1,"ROCK1",0,"D","","2025/10/21","True","1","50","166","0","","",""
"3389","2025/10/21","FPICO1T08:25","2000/09/22",0.6,1,2,1,"VASC",0.1,"L","","2025/10/21","True","1","50","166","0","","",""
"3390","2025/10/21","FPICO1T08:25","2000/09/22",0.9,1,3,1,"VASC",0.1,"L","","2025/10/21","True","1","50","166","0","","",""
"3391","2025/10/21","FPICO1T08:25","2000/09/22",1.2,1,4,1,"VASC",0.1,"L","","2025/10/21","True","1","50","166","0","","",""
"3392","2025/10/21","FPICO1T08:25","2000/09/22",1.5,1,5,1,"VASC",0,"L","","2025/10/21","True","1","50","166","0","","",""
"3393","2025/10/21","FPICO1T08:25","2000/09/22",1.5,1,5,2,"UNKM2",0,"L","","2025/10/21","True","1","50","166","0","","",""
"3394","2025/10/21","FPICO1T08:25","2000/09/22",1.8,1,6,1,"LITT1",0,"D","","2025/10/21","True","1","50","166","0","","",""
"3395","2025/10/21","FPICO1T08:25","2000/09/22",2.1,1,7,1,"VASC",0.1,"L","","2025/10/21","True","1","50","166","0","","",""
"3396","2025/10/21","FPICO1T08:25","2000/09/22",2.4,1,8,1,"VASC",0.1,"L","","2025/10/21","True","1","50","166","0","","",""
"3397","2025/10/21","FPICO1T08:25","2000/09/22",2.7,1,9,1,"VASC",0.1,"L","","2025/10/21","True","1","50","166","0","","",""
"3398","2025/10/21","FPICO1T08:25","2000/09/22",3,1,10,1,"LITT1",0,"D","","2025/10/21","True","1","50","166","0","","",""
"3399","2025/10/21","FPICO1T08:25","2000/09/22",3.3,1,11,1,"LITT1",0,"D","","2025/10/21","True","1","50","166","0","","",""
"3400","2025/10/21","FPICO1T08:25","2000/09/22",3.6,1,12,1,"LITT1",0,"D","","2025/10/21","True","1","50","166","0","","",""
"3401","2025/10/21","FPICO1T08:25","2000/09/22",3.9,1,13,1,"VASC",0.1,"L","","2025/10/21","True","1","50","166","0","","",""
"3402","2025/10/21","FPICO1T08:25","2000/09/22",4.2,1,14,1,"VASC",0.1,"L","","2025/10/21","True","1","50","166","0","","",""
"3403","2025/10/21","FPICO1T08:25","2000/09/22",4.5,1,15,1,"VASC",0.1,"L","","2025/10/21","True","1","50","166","0","","",""
"3404","2025/10/21","FPICO1T08:25","2000/09/22",4.8,1,16,1,"VASC",0.1,"L","","2025/10/21","True","1","50","166","0","","",""
"3405","2025/10/21","FPICO1T08:25","2000/09/22",5.1,1,17,1,"VASC",0.1,"L","","2025/10/21","True","1","50","166","0","","",""
"3406","2025/10/21","FPICO1T08:25","2000/09/22",5.4,1,18,1,"VASC",0.2,"L","","2025/10/21","True","1","50","166","0","","",""
"3407","2025/10/21","FPICO1T08:25","2000/09/22",5.7,1,19,1,"VASC",0,"L","","2025/10/21","True","1","50","166","0","","",""
"3408","2025/10/21","FPICO1T08:25","2000/09/22",6,1,20,1,"LITT1",0,"D","","2025/10/21","True","1","50","166","0","","",""
"3409","2025/10/21","FPICO1T08:25","2000/09/22",6.3,1,21,1,"VASC",0.1,"L","","2025/10/21","True","1","50","166","0","","",""
"3410","2025/10/21","FPICO1T08:25","2000/09/22",6.6,1,22,1,"LITT1",0,"D","","2025/10/21","True","1","50","166","0","","",""
"3411","2025/10/21","FPICO1T08:25","2000/09/22",6.9,1,23,1,"LITT1",0,"D","","2025/10/21","True","1","50","166","0","","",""
"3412","2025/10/21","FPICO1T08:25","2000/09/22",7.2,1,24,1,"VASC",0.1,"L","","2025/10/21","True","1","50","166","0","","",""
"3413","2025/10/21","FPICO1T08:25","2000/09/22",7.5,1,25,1,"LITT1",0,"D","","2025/10/21","True","1","50","166","0","","",""
"3414","2025/10/21","FPICO1T08:25","2000/09/22",7.8,1,26,1,"VASC",0.1,"L","","2025/10/21","True","1","50","166","0","","",""
"3415","2025/10/21","FPICO1T08:25","2000/09/22",8.1,1,27,1,"VASC",0.1,"L","","2025/10/21","True","1","50","166","0","","",""
"3416","2025/10/21","FPICO1T08:25","2000/09/22",8.4,1,28,1,"VASC",0,"L","","2025/10/21","True","1","50","166","0","","",""
"3417","2025/10/21","FPICO1T08:25","2000/09/22",8.7,1,29,1,"VASC",0.1,"L","","2025/10/21","True","1","50","166","0","","",""
"3418","2025/10/21","FPICO1T08:25","2000/09/22",9,1,30,1,"VASC",0.1,"L","","2025/10/21","True","1","50","166","0","","",""
"3419","2025/10/21","FPICO1T08:25","2000/09/22",9.3,1,31,1,"VASC",0.1,"D","","2025/10/21","True","1","50","166","0","","",""
"3420","2025/10/21","FPICO1T08:25","2000/09/22",9.6,1,32,1,"LITT1",0,"D","","2025/10/21","True","1","50","166","0","","",""
"3421","2025/10/21","FPICO1T08:25","2000/09/22",9.9,1,33,1,"LITT1",0,"D","","2025/10/21","True","1","50","166","0","","",""
"3422","2025/10/21","FPICO1T08:25","2000/09/22",10.2,1,34,1,"LITT1",0,"D","","2025/10/21","True","1","50","166","0","","",""
"3423","2025/10/21","FPICO1T08:25","2000/09/22",10.5,1,35,1,"VASC",0.1,"L","","2025/10/21","True","1","50","166","0","","",""
"3424","2025/10/21","FPICO1T08:25","2000/09/22",10.8,1,36,1,"VASC",0.2,"L","","2025/10/21","True","1","50","166","0","","",""
"3425","2025/10/21","FPICO1T08:25","2000/09/22",11.1,1,37,1,"VASC",0.1,"L","","2025/10/21","True","1","50","166","0","","",""
"3426","2025/10/21","FPICO1T08:25","2000/09/22",11.4,1,38,1,"LITT1",0,"D","","2025/10/21","True","1","50","166","0","","",""
"3427","2025/10/21","FPICO1T08:25","2000/09/22",11.7,1,39,1,"BOLE1",0,"L","","2025/10/21","True","1","50","166","0","","",""
"3428","2025/10/21","FPICO1T08:25","2000/09/22",12,1,40,1,"VASC",0.1,"L","","2025/10/21","True","1","50","166","0","","",""
"3429","2025/10/21","FPICO1T08:25","2000/09/22",12.3,1,41,1,"VASC",0.1,"L","","2025/10/21","True","1","50","166","0","","",""
"3430","2025/10/21","FPICO1T08:25","2000/09/22",12.6,1,42,1,"LITT1",0,"D","","2025/10/21","True","1","50","166","0","","",""
"3431","2025/10/21","FPICO1T08:25","2000/09/22",12.9,1,43,1,"VASC",0.1,"L","","2025/10/21","True","1","50","166","0","","",""
"3432","2025/10/21","FPICO1T08:25","2000/09/22",13.2,1,44,1,"VASC",0.1,"L","","2025/10/21","True","1","50","166","0","","",""
"3433","2025/10/21","FPICO1T08:25","2000/09/22",13.5,1,45,1,"VASC",0.1,"L","","2025/10/21","True","1","50","166","0","","",""
"3434","2025/10/21","FPICO1T08:25","2000/09/22",13.8,1,46,1,"VASC",0.1,"L","","2025/10/21","True","1","50","166","0","","",""
"3435","2025/10/21","FPICO1T08:25","2000/09/22",14.1,1,47,1,"VASC",0.2,"L","","2025/10/21","True","1","50","166","0","","",""
"3436","2025/10/21","FPICO1T08:25","2000/09/22",14.4,1,48,1,"LITT1",0,"D","","2025/10/21","True","1","50","166","0","","",""
"3437","2025/10/21","FPICO1T08:25","2000/09/22",14.7,1,49,1,"LITT1",0,"D","","2025/10/21","True","1","50","166","0","","",""
"3438","2025/10/21","FPICO1T08:25","2000/09/22",15,1,50,1,"WOOD1",0,"D","","2025/10/21","True","1","50","166","0","","",""
"3439","2025/10/21","FPICO1T08:25","2000/09/22",15.3,1,51,1,"LITT1",0,"D","","2025/10/21","True","1","50","166","0","","",""
"3440","2025/10/21","FPICO1T08:25","2000/09/22",15.6,1,52,1,"LITT1",0,"D","","2025/10/21","True","1","50","166","0","","",""
"3441","2025/10/21","FPICO1T08:25","2000/09/22",15.9,1,53,1,"VASC",0.1,"L","","2025/10/21","True","1","50","166","0","","",""
"3442","2025/10/21","FPICO1T08:25","2000/09/22",16.2,1,54,1,"VASC",0.1,"L","","2025/10/21","True","1","50","166","0","","",""
"3443","2025/10/21","FPICO1T08:25","2000/09/22",16.5,1,55,1,"PICO",0.4,"L","","2025/10/21","True","1","50","166","0","","",""
"3444","2025/10/21","FPICO1T08:25","2000/09/22",16.5,1,55,2,"VASC",0,"L","","2025/10/21","True","1","50","166","0","","",""
"3445","2025/10/21","FPICO1T08:25","2000/09/22",16.8,1,56,1,"ABLAL",0.4,"L","","2025/10/21","True","1","50","166","0","","",""
"3446","2025/10/21","FPICO1T08:25","2000/09/22",16.8,1,56,2,"VASC",0,"L","","2025/10/21","True","1","50","166","0","","",""
"3447","2025/10/21","FPICO1T08:25","2000/09/22",16.8,1,56,3,"UNKM1",0,"L","","2025/10/21","True","1","50","166","0","","",""
"3448","2025/10/21","FPICO1T08:25","2000/09/22",17.1,1,57,1,"VASC",0.1,"L","","2025/10/21","True","1","50","166","0","","",""
"3449","2025/10/21","FPICO1T08:25","2000/09/22",17.4,1,58,1,"VASC",0.1,"L","","2025/10/21","True","1","50","166","0","","",""
"3450","2025/10/21","FPICO1T08:25","2000/09/22",17.7,1,59,1,"LITT1",0,"D","","2025/10/21","True","1","50","166","0","","",""
"3451","2025/10/21","FPICO1T08:25","2000/09/22",18,1,60,1,"VASC",0.1,"L","","2025/10/21","True","1","50","166","0","","",""
"3452","2025/10/21","FPICO1T08:25","2000/09/22",18.3,1,61,1,"LITT1",0,"D","","2025/10/21","True","1","50","166","0","","",""
"3453","2025/10/21","FPICO1T08:25","2000/09/22",18.6,1,62,1,"WOOD1",0,"D","","2025/10/21","True","1","50","166","0","","",""
"3454","2025/10/21","FPICO1T08:25","2000/09/22",18.9,1,63,1,"VASC",0.2,"L","","2025/10/21","True","1","50","166","0","","",""
"3455","2025/10/21","FPICO1T08:25","2000/09/22",19.2,1,64,1,"VASC",0.1,"L","","2025/10/21","True","1","50","166","0","","",""
"3456","2025/10/21","FPICO1T08:25","2000/09/22",19.5,1,65,1,"VASC",0.2,"L","","2025/10/21","True","1","50","166","0","","",""
"3457","2025/10/21","FPICO1T08:25","2000/09/22",19.8,1,66,1,"VASC",0.1,"L","","2025/10/21","True","1","50","166","0","","",""
"3458","2025/10/21","FPICO1T08:25","2000/09/22",20.1,1,67,1,"VASC",0.2,"L","","2025/10/21","True","1","50","166","0","","",""
"3459","2025/10/21","FPICO1T08:25","2000/09/22",20.4,1,68,1,"VASC",0.1,"L","","2025/10/21","True","1","50","166","0","","",""
"3460","2025/10/21","FPICO1T08:25","2000/09/22",20.7,1,69,1,"LITT1",0,"D","","2025/10/21","True","1","50","166","0","","",""
"3461","2025/10/21","FPICO1T08:25","2000/09/22",21,1,70,1,"VASC",0.1,"L","","2025/10/21","True","1","50","166","0","","",""
"3462","2025/10/21","FPICO1T08:25","2000/09/22",21.3,1,71,1,"UNKM1",0,"L","","2025/10/21","True","1","50","166","0","","",""
"3463","2025/10/21","FPICO1T08:25","2000/09/22",21.6,1,72,1,"VASC",0.1,"L","","2025/10/21","True","1","50","166","0","","",""
"3464","2025/10/21","FPICO1T08:25","2000/09/22",21.9,1,73,1,"LITT1",0,"D","","2025/10/21","True","1","50","166","0","","",""
"3465","2025/10/21","FPICO1T08:25","2000/09/22",22.2,1,74,1,"VASC",0.1,"L","","2025/10/21","True","1","50","166","0","","",""
"3466","2025/10/21","FPICO1T08:25","2000/09/22",22.5,1,75,1,"VASC",0.1,"L","","2025/10/21","True","1","50","166","0","","",""
"3467","2025/10/21","FPICO1T08:25","2000/09/22",22.8,1,76,1,"LITT1",0,"D","","2025/10/21","True","1","50","166","0","","",""
"3468","2025/10/21","FPICO1T08:25","2000/09/22",23.1,1,77,1,"VASC",0.1,"L","","2025/10/21","True","1","50","166","0","","",""
"3469","2025/10/21","FPICO1T08:25","2000/09/22",23.1,1,77,2,"UNKM1",0,"L","","2025/10/21","True","1","50","166","0","","",""
"3470","2025/10/21","FPICO1T08:25","2000/09/22",23.4,1,78,1,"LITT1",0,"D","","2025/10/21","True","1","50","166","0","","",""
"3471","2025/10/21","FPICO1T08:25","2000/09/22",23.7,1,79,1,"LITT1",0,"D","","2025/10/21","True","1","50","166","0","","",""
"3472","2025/10/21","FPICO1T08:25","2000/09/22",24,1,80,1,"VASC",0.1,"L","","2025/10/21","True","1","50","166","0","","",""
"3473","2025/10/21","FPICO1T08:25","2000/09/22",24.3,1,81,1,"LITT1",0,"D","","2025/10/21","True","1","50","166","0","","",""
"3474","2025/10/21","FPICO1T08:25","2000/09/22",24.6,1,82,1,"LITT1",0,"D","","2025/10/21","True","1","50","166","0","","",""
"3475","2025/10/21","FPICO1T08:25","2000/09/22",24.9,1,83,1,"LITT1",0,"D","","2025/10/21","True","1","50","166","0","","",""
"3476","2025/10/21","FPICO1T08:25","2000/09/22",25.2,1,84,1,"LITT1",0,"D","","2025/10/21","True","1","50","166","0","","",""
"3477","2025/10/21","FPICO1T08:25","2000/09/22",25.5,1,85,1,"LITT1",0,"D","","2025/10/21","True","1","50","166","0","","",""
"3478","2025/10/21","FPICO1T08:25","2000/09/22",25.8,1,86,1,"LITT1",0,"D","","2025/10/21","True","1","50","166","0","","",""
"3479","2025/10/21","FPICO1T08:25","2000/09/22",26.1,1,87,1,"LITT1",0,"D","","2025/10/21","True","1","50","166","0","","",""
"3480","2025/10/21","FPICO1T08:25","2000/09/22",26.4,1,88,1,"LITT1",0,"D","","2025/10/21","True","1","50","166","0","","",""
"3481","2025/10/21","FPICO1T08:25","2000/09/22",26.7,1,89,1,"LITT1",0,"D","","2025/10/21","True","1","50","166","0","","",""
"3482","2025/10/21","FPICO1T08:25","2000/09/22",27,1,90,1,"LITT1",0,"D","","2025/10/21","True","1","50","166","0","","",""
"3483","2025/10/21","FPICO1T08:25","2000/09/22",27.3,1,91,1,"LITT1",0,"D","","2025/10/21","True","1","50","166","0","","",""
"3484","2025/10/21","FPICO1T08:25","2000/09/22",27.6,1,92,1,"LITT1",0,"D","","2025/10/21","True","1","50","166","0","","",""
"3485","2025/10/21","FPICO1T08:25","2000/09/22",27.9,1,93,1,"WOOD1",0,"D","","2025/10/21","True","1","50","166","0","","",""
"3486","2025/10/21","FPICO1T08:25","2000/09/22",28.2,1,94,1,"UNKM1",0,"L","","2025/10/21","True","1","50","166","0","","",""
"3487","2025/10/21","FPICO1T08:25","2000/09/22",28.5,1,95,1,"LITT1",0,"D","","2025/10/21","True","1","50","166","0","","",""
"3488","2025/10/21","FPICO1T08:25","2000/09/22",28.8,1,96,1,"LITT1",0,"D","","2025/10/21","True","1","50","166","0","","",""
"3489","2025/10/21","FPICO1T08:25","2000/09/22",29.1,1,97,1,"UNKM1",0,"L","","2025/10/21","True","1","50","166","0","","",""
"3490","2025/10/21","FPICO1T08:25","2000/09/22",29.4,1,98,1,"UNKM1",0,"L","","2025/10/21","True","1","50","166","0","","",""
"3491","2025/10/21","FPICO1T08:25","2000/09/22",29.7,1,99,1,"UNKM1",0,"L","","2025/10/21","True","1","50","166","0","","",""
"3492","2025/10/21","FPICO1T08:25","2000/09/22",30,1,100,1,"LITT1",0,"D","","2025/10/21","True","1","50","166","0","","",""
"3493","2025/10/21","FPICO1T08:25","2000/09/22",30.3,1,101,1,"LITT1",0,"D","","2025/10/21","True","1","50","166","0","","",""
"3494","2025/10/21","FPICO1T08:25","2000/09/22",30.6,1,102,1,"LITT1",0,"D","","2025/10/21","True","1","50","166","0","","",""
"3495","2025/10/21","FPICO1T08:25","2000/09/22",30.9,1,103,1,"LITT1",0,"D","","2025/10/21","True","1","50","166","0","","",""
"3496","2025/10/21","FPICO1T08:25","2000/09/22",31.2,1,104,1,"LITT1",0,"D","","2025/10/21","True","1","50","166","0","","",""
"3497","2025/10/21","FPICO1T08:25","2000/09/22",31.5,1,105,1,"LITT1",0,"D","","2025/10/21","True","1","50","166","0","","",""
"3498","2025/10/21","FPICO1T08:25","2000/09/22",31.8,1,106,1,"WOOD1",0,"D","","2025/10/21","True","1","50","166","0","","",""
"3499","2025/10/21","FPICO1T08:25","2000/09/22",32.1,1,107,1,"WOOD1",0,"D","","2025/10/21","True","1","50","166","0","","",""
"3500","2025/10/21","FPICO1T08:25","2000/09/22",32.4,1,108,1,"WOOD1",0,"D","","2025/10/21","True","1","50","166","0","","",""
"3501","2025/10/21","FPICO1T08:25","2000/09/22",32.7,1,109,1,"PICO",0.2,"L","","2025/10/21","True","1","50","166","0","","",""
"3502","2025/10/21","FPICO1T08:25","2000/09/22",33,1,110,1,"UNKM1",0,"L","","2025/10/21","True","1","50","166","0","","",""
"3503","2025/10/21","FPICO1T08:25","2000/09/22",33.3,1,111,1,"CAREX",0,"L","","2025/10/21","True","1","50","166","0","","",""
"3504","2025/10/21","FPICO1T08:25","2000/09/22",33.6,1,112,1,"LITT1",0,"D","","2025/10/21","True","1","50","166","0","","",""
"3505","2025/10/21","FPICO1T08:25","2000/09/22",33.9,1,113,1,"LITT1",0,"D","","2025/10/21","True","1","50","166","0","","",""
"3506","2025/10/21","FPICO1T08:25","2000/09/22",34.2,1,114,1,"LITT1",0,"D","","2025/10/21","True","1","50","166","0","","",""
"3507","2025/10/21","FPICO1T08:25","2000/09/22",34.5,1,115,1,"LITT1",0,"D","","2025/10/21","True","1","50","166","0","","",""
"3508","2025/10/21","FPICO1T08:25","2000/09/22",34.8,1,116,1,"LITT1",0,"D","","2025/10/21","True","1","50","166","0","","",""
"3509","2025/10/21","FPICO1T08:25","2000/09/22",35.1,1,117,1,"LITT1",0,"D","","2025/10/21","True","1","50","166","0","","",""
"3510","2025/10/21","FPICO1T08:25","2000/09/22",35.4,1,118,1,"LITT1",0,"D","","2025/10/21","True","1","50","166","0","","",""
"3511","2025/10/21","FPICO1T08:25","2000/09/22",35.7,1,119,1,"LITT1",0,"D","","2025/10/21","True","1","50","166","0","","",""
"3512","2025/10/21","FPICO1T08:25","2000/09/22",36,1,120,1,"LITT1",0,"D","","2025/10/21","True","1","50","166","0","","",""
"3513","2025/10/21","FPICO1T08:25","2000/09/22",36.3,1,121,1,"LITT1",0,"D","","2025/10/21","True","1","50","166","0","","",""
"3514","2025/10/21","FPICO1T08:25","2000/09/22",36.6,1,122,1,"LITT1",0,"D","","2025/10/21","True","1","50","166","0","","",""
"3515","2025/10/21","FPICO1T08:25","2000/09/22",36.9,1,123,1,"LITT1",0,"D","","2025/10/21","True","1","50","166","0","","",""
"3516","2025/10/21","FPICO1T08:25","2000/09/22",37.2,1,124,1,"VASC",0.1,"L","","2025/10/21","True","1","50","166","0","","",""
"3517","2025/10/21","FPICO1T08:25","2000/09/22",37.5,1,125,1,"VASC",0.1,"L","","2025/10/21","True","1","50","166","0","","",""
"3518","2025/10/21","FPICO1T08:25","2000/09/22",37.8,1,126,1,"WOOD1",0,"D","","2025/10/21","True","1","50","166","0","","",""
"3519","2025/10/21","FPICO1T08:25","2000/09/22",38.1,1,127,1,"WOOD1",0,"D","","2025/10/21","True","1","50","166","0","","",""
"3520","2025/10/21","FPICO1T08:25","2000/09/22",38.4,1,128,1,"VASC",0.1,"L","","2025/10/21","True","1","50","166","0","","",""
"3521","2025/10/21","FPICO1T08:25","2000/09/22",38.7,1,129,1,"VASC",0,"L","","2025/10/21","True","1","50","166","0","","",""
"3522","2025/10/21","FPICO1T08:25","2000/09/22",39,1,130,1,"VASC",0.1,"L","","2025/10/21","True","1","50","166","0","","",""
"3523","2025/10/21","FPICO1T08:25","2000/09/22",39.3,1,131,1,"VASC",0.1,"L","","2025/10/21","True","1","50","166","0","","",""
"3524","2025/10/21","FPICO1T08:25","2000/09/22",39.6,1,132,1,"VASC",0.1,"L","","2025/10/21","True","1","50","166","0","","",""
"3525","2025/10/21","FPICO1T08:25","2000/09/22",39.6,1,132,2,"UNKM1",0,"L","","2025/10/21","True","1","50","166","0","","",""
"3526","2025/10/21","FPICO1T08:25","2000/09/22",39.9,1,133,1,"ABLAL",0.1,"L","","2025/10/21","True","1","50","166","0","","",""
"3527","2025/10/21","FPICO1T08:25","2000/09/22",39.9,1,133,2,"UNKM1",0,"L","","2025/10/21","True","1","50","166","0","","",""
"3528","2025/10/21","FPICO1T08:25","2000/09/22",40.2,1,134,1,"VASC",0.1,"L","","2025/10/21","True","1","50","166","0","","",""
"3529","2025/10/21","FPICO1T08:25","2000/09/22",40.5,1,135,1,"VASC",0.1,"L","","2025/10/21","True","1","50","166","0","","",""
"3530","2025/10/21","FPICO1T08:25","2000/09/22",40.5,1,135,2,"UNKM2",0,"L","","2025/10/21","True","1","50","166","0","","",""
"3531","2025/10/21","FPICO1T08:25","2000/09/22",40.8,1,136,1,"VASC",0.1,"L","","2025/10/21","True","1","50","166","0","","",""
"3532","2025/10/21","FPICO1T08:25","2000/09/22",41.1,1,137,1,"VASC",0.1,"L","","2025/10/21","True","1","50","166","0","","",""
"3533","2025/10/21","FPICO1T08:25","2000/09/22",41.4,1,138,1,"VASC",0.1,"L","","2025/10/21","True","1","50","166","0","","",""
"3534","2025/10/21","FPICO1T08:25","2000/09/22",41.7,1,139,1,"UNKM1",0,"L","","2025/10/21","True","1","50","166","0","","",""
"3535","2025/10/21","FPICO1T08:25","2000/09/22",42,1,140,1,"LITT1",0,"D","","2025/10/21","True","1","50","166","0","","",""
"3536","2025/10/21","FPICO1T08:25","2000/09/22",42.3,1,141,1,"LITT1",0,"D","","2025/10/21","True","1","50","166","0","","",""
"3537","2025/10/21","FPICO1T08:25","2000/09/22",42.6,1,142,1,"VASC",0.1,"L","","2025/10/21","True","1","50","166","0","","",""
"3538","2025/10/21","FPICO1T08:25","2000/09/22",42.9,1,143,1,"WOOD1",0,"D","","2025/10/21","True","1","50","166","0","","",""
"3539","2025/10/21","FPICO1T08:25","2000/09/22",43.2,1,144,1,"VASC",0.1,"L","","2025/10/21","True","1","50","166","0","","",""
"3540","2025/10/21","FPICO1T08:25","2000/09/22",43.5,1,145,1,"UNKM2",0,"L","","2025/10/21","True","1","50","166","0","","",""
"3541","2025/10/21","FPICO1T08:25","2000/09/22",43.8,1,146,1,"LITT1",0,"D","","2025/10/21","True","1","50","166","0","","",""
"3542","2025/10/21","FPICO1T08:25","2000/09/22",44.1,1,147,1,"WOOD1",0,"D","","2025/10/21","True","1","50","166","0","","",""
"3543","2025/10/21","FPICO1T08:25","2000/09/22",44.4,1,148,1,"LITT1",0,"D","","2025/10/21","True","1","50","166","0","","",""
"3544","2025/10/21","FPICO1T08:25","2000/09/22",44.7,1,149,1,"LITT1",0,"D","","2025/10/21","True","1","50","166","0","","",""
"3545","2025/10/21","FPICO1T08:25","2000/09/22",45,1,150,1,"UNKM1",0,"L","","2025/10/21","True","1","50","166","0","","",""
"3546","2025/10/21","FPICO1T08:25","2000/09/22",45.3,1,151,1,"UNKM1",0,"L","","2025/10/21","True","1","50","166","0","","",""
"3547","2025/10/21","FPICO1T08:25","2000/09/22",45.6,1,152,1,"LITT1",0,"D","","2025/10/21","True","1","50","166","0","","",""
"3548","2025/10/21","FPICO1T08:25","2000/09/22",45.9,1,153,1,"LITT1",0,"D","","2025/10/21","True","1","50","166","0","","",""
"3549","2025/10/21","FPICO1T08:25","2000/09/22",46.2,1,154,1,"WOOD1",0,"D","","2025/10/21","True","1","50","166","0","","",""
"3550","2025/10/21","FPICO1T08:25","2000/09/22",46.5,1,155,1,"VASC",0.1,"L","","2025/10/21","True","1","50","166","0","","",""
"3551","2025/10/21","FPICO1T08:25","2000/09/22",46.8,1,156,1,"LITT1",0,"D","","2025/10/21","True","1","50","166","0","","",""
"3552","2025/10/21","FPICO1T08:25","2000/09/22",47.1,1,157,1,"LITT1",0,"D","","2025/10/21","True","1","50","166","0","","",""
"3553","2025/10/21","FPICO1T08:25","2000/09/22",47.4,1,158,1,"LITT1",0,"D","","2025/10/21","True","1","50","166","0","","",""
"3554","2025/10/21","FPICO1T08:25","2000/09/22",47.7,1,159,1,"VASC",0.1,"L","","2025/10/21","True","1","50","166","0","","",""
"3555","2025/10/21","FPICO1T08:25","2000/09/22",48,1,160,1,"LITT1",0,"D","","2025/10/21","True","1","50","166","0","","",""
"3556","2025/10/21","FPICO1T08:25","2000/09/22",48.3,1,161,1,"LITT1",0,"D","","2025/10/21","True","1","50","166","0","","",""
"3557","2025/10/21","FPICO1T08:25","2000/09/22",48.6,1,162,1,"LITT1",0,"D","","2025/10/21","True","1","50","166","0","","",""
"3558","2025/10/21","FPICO1T08:25","2000/09/22",48.9,1,163,1,"LITT1",0,"D","","2025/10/21","True","1","50","166","0","","",""
"3559","2025/10/21","FPICO1T08:25","2000/09/22",49.2,1,164,1,"VASC",0,"L","","2025/10/21","True","1","50","166","0","","",""
"3560","2025/10/21","FPICO1T08:25","2000/09/22",49.5,1,165,1,"VASC",0,"L","","2025/10/21","True","1","50","166","0","","",""
"3561","2025/10/21","FPICO1T08:25","2000/09/22",49.8,1,166,1,"LITT1",0,"D","","2025/10/21","True","1","50","166","0","","",""
