"","Report.Date.x","MacroPlot.Name","Sample.Event.Date","Subplot.Frac.","Quarter","Tag.Num.","UV1","Species","Status","Crown.Class","DBH","Height","UV2","Live.Crown.Base.Ht.","UV3","Comment.x","Is.Verified","Damage.1","Damage.2","Damage.3","Damage.4","Damage.5","Char.Ht.","Scorch.Ht.","Crown.Scorch..","Report.Date.y","Visited","Plot.Area","Snag.Plot.Area","Break.Pnt..Dia.","Collected.By","Entered.Verif..By","UV1.Description","UV2.Description","UV3.Description","Comment.y","SampleData_CreatedBy","SampleData_CreatedDate","SampleData_ModifiedBy","SampleData_ModifiedDate"
"1","2025/10/22","FPICO1T08:08","2025/09/10",1,1,100,NA,"PICO","L","SC",13.7,NA,NA,NA,NA,"","No","","",NA,NA,NA,NA,NA,NA,"2025/10/22","True",0.032,0.032,15,"ARL, CAF, AGJ","ARL",NA,NA,NA,NA,"NPS\cfossum","9/8/2025 3:32:10 PM","NPS\alightcap","9/18/2025 10:11:55 PM"
"2","2025/10/22","FPICO1T08:08","2025/09/10",1,1,3,NA,"PICO","L","C",30.8,19.1,NA,1.4,NA,"","No","","",NA,NA,NA,NA,NA,NA,"2025/10/22","True",0.032,0.032,15,"ARL, CAF, AGJ","ARL",NA,NA,NA,NA,"NPS\cfossum","9/8/2025 3:32:10 PM","NPS\alightcap","9/18/2025 10:11:55 PM"
"3","2025/10/22","FPICO1T08:08","2025/09/10",1,1,101,NA,"ABLA","L","SC",4.4,NA,NA,NA,NA,"","No","","",NA,NA,NA,NA,NA,NA,"2025/10/22","True",0.032,0.032,15,"ARL, CAF, AGJ","ARL",NA,NA,NA,NA,"NPS\cfossum","9/8/2025 3:32:10 PM","NPS\alightcap","9/18/2025 10:11:55 PM"
"4","2025/10/22","FPICO1T08:08","2025/09/10",1,1,102,NA,"PICO","L","SC",5.6,NA,NA,NA,NA,"","No","","",NA,NA,NA,NA,NA,NA,"2025/10/22","True",0.032,0.032,15,"ARL, CAF, AGJ","ARL",NA,NA,NA,NA,"NPS\cfossum","9/8/2025 3:32:10 PM","NPS\alightcap","9/18/2025 10:11:55 PM"
"5","2025/10/22","FPICO1T08:08","2025/09/10",1,1,103,NA,"ABLA","L","SC",7.5,NA,NA,NA,NA,"","No","","",NA,NA,NA,NA,NA,NA,"2025/10/22","True",0.032,0.032,15,"ARL, CAF, AGJ","ARL",NA,NA,NA,NA,"NPS\cfossum","9/8/2025 3:32:10 PM","NPS\alightcap","9/18/2025 10:11:55 PM"
"6","2025/10/22","FPICO1T08:08","2025/09/10",1,1,104,NA,"ABLA","L","SC",4.8,NA,NA,NA,NA,"","No","","",NA,NA,NA,NA,NA,NA,"2025/10/22","True",0.032,0.032,15,"ARL, CAF, AGJ","ARL",NA,NA,NA,NA,"NPS\cfossum","9/8/2025 3:32:10 PM","NPS\alightcap","9/18/2025 10:11:55 PM"
"7","2025/10/22","FPICO1T08:08","2025/09/10",1,1,105,NA,"ABLA","L","SC",6.8,NA,NA,NA,NA,"","No","","",NA,NA,NA,NA,NA,NA,"2025/10/22","True",0.032,0.032,15,"ARL, CAF, AGJ","ARL",NA,NA,NA,NA,"NPS\cfossum","9/8/2025 3:32:10 PM","NPS\alightcap","9/18/2025 10:11:55 PM"
"8","2025/10/22","FPICO1T08:08","2025/09/10",1,1,106,NA,"PICO","L","I",10.7,NA,NA,NA,NA,"","No","","",NA,NA,NA,NA,NA,NA,"2025/10/22","True",0.032,0.032,15,"ARL, CAF, AGJ","ARL",NA,NA,NA,NA,"NPS\cfossum","9/8/2025 3:32:10 PM","NPS\alightcap","9/18/2025 10:11:55 PM"
"9","2025/10/22","FPICO1T08:08","2025/09/10",1,1,107,NA,"ABLA","L","SC",4.1,NA,NA,NA,NA,"","No","","",NA,NA,NA,NA,NA,NA,"2025/10/22","True",0.032,0.032,15,"ARL, CAF, AGJ","ARL",NA,NA,NA,NA,"NPS\cfossum","9/8/2025 3:32:10 PM","NPS\alightcap","9/18/2025 10:11:55 PM"
"10","2025/10/22","FPICO1T08:08","2025/09/10",1,1,108,NA,"ABLA","L","SC",4.1,NA,NA,NA,NA,"","No","","",NA,NA,NA,NA,NA,NA,"2025/10/22","True",0.032,0.032,15,"ARL, CAF, AGJ","ARL",NA,NA,NA,NA,"NPS\cfossum","9/8/2025 3:32:10 PM","NPS\alightcap","9/18/2025 10:11:55 PM"
"11","2025/10/22","FPICO1T08:08","2025/09/10",1,2,79,NA,"ABLA","L","SC",21.7,9,NA,0.1,NA,"","No","LICH","FORK",NA,NA,NA,NA,NA,NA,"2025/10/22","True",0.032,0.032,15,"ARL, CAF, AGJ","ARL",NA,NA,NA,NA,"NPS\cfossum","9/8/2025 3:32:10 PM","NPS\alightcap","9/18/2025 10:11:55 PM"
"12","2025/10/22","FPICO1T08:08","2025/09/10",1,2,45,NA,"ABLA","L","I",22.2,11,NA,0,NA,"","No","LICH","",NA,NA,NA,NA,NA,NA,"2025/10/22","True",0.032,0.032,15,"ARL, CAF, AGJ","ARL",NA,NA,NA,NA,"NPS\cfossum","9/8/2025 3:32:10 PM","NPS\alightcap","9/18/2025 10:11:55 PM"
"13","2025/10/22","FPICO1T08:08","2025/09/10",1,2,17,NA,"PICO","D","LBS",38.8,15.7,NA,NA,NA,"","No","","",NA,NA,NA,NA,NA,NA,"2025/10/22","True",0.032,0.032,15,"ARL, CAF, AGJ","ARL",NA,NA,NA,NA,"NPS\cfossum","9/8/2025 3:32:10 PM","NPS\alightcap","9/18/2025 10:11:55 PM"
"14","2025/10/22","FPICO1T08:08","2025/09/10",1,2,18,NA,"PICO","L","I",31.5,16,NA,6,NA,"","No","MAMM","",NA,NA,NA,NA,NA,NA,"2025/10/22","True",0.032,0.032,15,"ARL, CAF, AGJ","ARL",NA,NA,NA,NA,"NPS\cfossum","9/8/2025 3:32:10 PM","NPS\alightcap","9/18/2025 10:11:55 PM"
"15","2025/10/22","FPICO1T08:08","2025/09/10",1,2,19,NA,"PICO","L","I",29,11.8,NA,1.7,NA,"","No","DTOP","WOND",NA,NA,NA,NA,NA,NA,"2025/10/22","True",0.032,0.032,15,"ARL, CAF, AGJ","ARL",NA,NA,NA,NA,"NPS\cfossum","9/8/2025 3:32:10 PM","NPS\alightcap","9/18/2025 10:11:55 PM"
"16","2025/10/22","FPICO1T08:08","2025/09/10",1,2,68,NA,"PICO","L","SC",17.3,10.2,NA,0.5,NA,"","No","","",NA,NA,NA,NA,NA,NA,"2025/10/22","True",0.032,0.032,15,"ARL, CAF, AGJ","ARL",NA,NA,NA,NA,"NPS\cfossum","9/8/2025 3:32:10 PM","NPS\alightcap","9/18/2025 10:11:55 PM"
"17","2025/10/22","FPICO1T08:08","2025/09/10",1,2,24,NA,"PICO","L","I",22.3,17.3,NA,4.6,NA,"","No","LIGT","",NA,NA,NA,NA,NA,NA,"2025/10/22","True",0.032,0.032,15,"ARL, CAF, AGJ","ARL",NA,NA,NA,NA,"NPS\cfossum","9/8/2025 3:32:10 PM","NPS\alightcap","9/18/2025 10:11:55 PM"
"18","2025/10/22","FPICO1T08:08","2025/09/10",1,3,16,NA,"PICO","L","I",26,18.3,NA,3.5,NA,"","No","","",NA,NA,NA,NA,NA,NA,"2025/10/22","True",0.032,0.032,15,"ARL, CAF, AGJ","ARL",NA,NA,NA,NA,"NPS\cfossum","9/8/2025 3:32:10 PM","NPS\alightcap","9/18/2025 10:11:55 PM"
"19","2025/10/22","FPICO1T08:08","2025/09/10",1,3,27,NA,"PIEN","L","I",24.5,15.9,NA,0.2,NA,"","No","LICH","",NA,NA,NA,NA,NA,NA,"2025/10/22","True",0.032,0.032,15,"ARL, CAF, AGJ","ARL",NA,NA,NA,NA,"NPS\cfossum","9/8/2025 3:32:10 PM","NPS\alightcap","9/18/2025 10:11:55 PM"
"20","2025/10/22","FPICO1T08:08","2025/09/10",1,3,26,NA,"PICO","D","LBS",40.5,19.5,NA,NA,NA,"","No","","",NA,NA,NA,NA,NA,NA,"2025/10/22","True",0.032,0.032,15,"ARL, CAF, AGJ","ARL",NA,NA,NA,NA,"NPS\cfossum","9/8/2025 3:32:10 PM","NPS\alightcap","9/18/2025 10:11:55 PM"
"21","2025/10/22","FPICO1T08:08","2025/09/10",1,3,109,NA,"PIEN","L","SC",7,NA,NA,NA,NA,"","No","","",NA,NA,NA,NA,NA,NA,"2025/10/22","True",0.032,0.032,15,"ARL, CAF, AGJ","ARL",NA,NA,NA,NA,"NPS\cfossum","9/8/2025 3:32:10 PM","NPS\alightcap","9/18/2025 10:11:55 PM"
"22","2025/10/22","FPICO1T08:08","2025/09/10",1,4,110,NA,"PICO","D","LBS",41,24.6,NA,NA,NA,"","No","","",NA,NA,NA,NA,NA,NA,"2025/10/22","True",0.032,0.032,15,"ARL, CAF, AGJ","ARL",NA,NA,NA,NA,"NPS\cfossum","9/8/2025 3:32:10 PM","NPS\alightcap","9/18/2025 10:11:55 PM"
"23","2025/10/22","FPICO1T08:08","2025/09/10",1,4,41,NA,"PICO","D","LBS",42.4,20.7,NA,NA,NA,"","No","","",NA,NA,NA,NA,NA,NA,"2025/10/22","True",0.032,0.032,15,"ARL, CAF, AGJ","ARL",NA,NA,NA,NA,"NPS\cfossum","9/8/2025 3:32:10 PM","NPS\alightcap","9/18/2025 10:11:55 PM"
"24","2025/10/22","FPICO1T08:08","2025/09/10",1,4,66,NA,"PIEN","L","SC",15.3,8,NA,NA,NA,"","No","","",NA,NA,NA,NA,NA,NA,"2025/10/22","True",0.032,0.032,15,"ARL, CAF, AGJ","ARL",NA,NA,NA,NA,"NPS\cfossum","9/8/2025 3:32:10 PM","NPS\alightcap","9/18/2025 10:11:55 PM"
"25","2025/10/22","FPICO1T08:08","2025/09/10",1,4,1,NA,"PICO","D","BAD",24.5,5.8,NA,NA,NA,"","No","","",NA,NA,NA,NA,NA,NA,"2025/10/22","True",0.032,0.032,15,"ARL, CAF, AGJ","ARL",NA,NA,NA,NA,"NPS\cfossum","9/8/2025 3:32:10 PM","NPS\alightcap","9/18/2025 10:11:55 PM"
"26","2025/10/22","FPICO1T08:08","2025/09/10",1,4,111,NA,"PICO","D","BAD",11.9,NA,NA,NA,NA,"","No","","",NA,NA,NA,NA,NA,NA,"2025/10/22","True",0.032,0.032,15,"ARL, CAF, AGJ","ARL",NA,NA,NA,NA,"NPS\cfossum","9/8/2025 3:32:10 PM","NPS\alightcap","9/18/2025 10:11:55 PM"
"27","2025/10/22","FPICO1T08:08","2025/09/10",1,4,2,NA,"PICO","D","LBS",20.8,17.2,NA,NA,NA,"","No","","",NA,NA,NA,NA,NA,NA,"2025/10/22","True",0.032,0.032,15,"ARL, CAF, AGJ","ARL",NA,NA,NA,NA,"NPS\cfossum","9/8/2025 3:32:10 PM","NPS\alightcap","9/18/2025 10:11:55 PM"
"28","2025/10/22","FPICO1T08:09","2025/09/10",1,1,1,NA,"PICO","D","RS",14.9,NA,NA,NA,NA,"","No","","",NA,NA,NA,NA,NA,NA,"2025/10/22","True",0.032,0.032,15,"ARL, CAF, AGJ","ARL",NA,NA,NA,NA,"NPS\cfossum","9/8/2025 3:34:10 PM","NPS\alightcap","9/22/2025 9:08:26 PM"
"29","2025/10/22","FPICO1T08:09","2025/09/10",1,1,77,NA,"PICO","L","I",19,15.5,NA,4.4,NA,"","No","","",NA,NA,NA,NA,NA,NA,"2025/10/22","True",0.032,0.032,15,"ARL, CAF, AGJ","ARL",NA,NA,NA,NA,"NPS\cfossum","9/8/2025 3:34:10 PM","NPS\alightcap","9/22/2025 9:08:26 PM"
"30","2025/10/22","FPICO1T08:09","2025/09/10",1,1,78,NA,"PICO","L","I",22.7,15.7,NA,6.2,NA,"","No","","",NA,NA,NA,NA,NA,NA,"2025/10/22","True",0.032,0.032,15,"ARL, CAF, AGJ","ARL",NA,NA,NA,NA,"NPS\cfossum","9/8/2025 3:34:10 PM","NPS\alightcap","9/22/2025 9:08:26 PM"
"31","2025/10/22","FPICO1T08:09","2025/09/10",1,2,79,NA,"PICO","L","I",17.8,13.8,NA,6.7,NA,"","No","","",NA,NA,NA,NA,NA,NA,"2025/10/22","True",0.032,0.032,15,"ARL, CAF, AGJ","ARL",NA,NA,NA,NA,"NPS\cfossum","9/8/2025 3:34:10 PM","NPS\alightcap","9/22/2025 9:08:26 PM"
"32","2025/10/22","FPICO1T08:09","2025/09/10",1,2,81,NA,"PICO","L","I",15.7,14.6,NA,9,NA,"","No","SPAR","",NA,NA,NA,NA,NA,NA,"2025/10/22","True",0.032,0.032,15,"ARL, CAF, AGJ","ARL",NA,NA,NA,NA,"NPS\cfossum","9/8/2025 3:34:10 PM","NPS\alightcap","9/22/2025 9:08:26 PM"
"33","2025/10/22","FPICO1T08:09","2025/09/10",1,2,80,NA,"PICO","L","I",17.6,15,NA,10.5,NA,"","No","SPAR","",NA,NA,NA,NA,NA,NA,"2025/10/22","True",0.032,0.032,15,"ARL, CAF, AGJ","ARL",NA,NA,NA,NA,"NPS\cfossum","9/8/2025 3:34:10 PM","NPS\alightcap","9/22/2025 9:08:26 PM"
"34","2025/10/22","FPICO1T08:09","2025/09/10",1,2,86,NA,"PICO","L","I",24.8,18.1,NA,10.5,NA,"","No","","",NA,NA,NA,NA,NA,NA,"2025/10/22","True",0.032,0.032,15,"ARL, CAF, AGJ","ARL",NA,NA,NA,NA,"NPS\cfossum","9/8/2025 3:34:10 PM","NPS\alightcap","9/22/2025 9:08:26 PM"
"35","2025/10/22","FPICO1T08:09","2025/09/10",1,2,87,NA,"PICO","L","I",21.6,17.8,NA,2,NA,"","No","CROK","",NA,NA,NA,NA,NA,NA,"2025/10/22","True",0.032,0.032,15,"ARL, CAF, AGJ","ARL",NA,NA,NA,NA,"NPS\cfossum","9/8/2025 3:34:10 PM","NPS\alightcap","9/22/2025 9:08:26 PM"
"36","2025/10/22","FPICO1T08:09","2025/09/10",1,2,39,NA,"PICO","L","I",15.7,13.2,NA,5.1,NA,"","No","","",NA,NA,NA,NA,NA,NA,"2025/10/22","True",0.032,0.032,15,"ARL, CAF, AGJ","ARL",NA,NA,NA,NA,"NPS\cfossum","9/8/2025 3:34:10 PM","NPS\alightcap","9/22/2025 9:08:26 PM"
"37","2025/10/22","FPICO1T08:09","2025/09/10",1,2,88,NA,"PICO","L","I",24.1,18.4,NA,8.7,NA,"","No","","",NA,NA,NA,NA,NA,NA,"2025/10/22","True",0.032,0.032,15,"ARL, CAF, AGJ","ARL",NA,NA,NA,NA,"NPS\cfossum","9/8/2025 3:34:10 PM","NPS\alightcap","9/22/2025 9:08:26 PM"
"38","2025/10/22","FPICO1T08:09","2025/09/10",1,2,2,NA,"PICO","D","LBS",12.1,NA,NA,NA,NA,"","No","","",NA,NA,NA,NA,NA,NA,"2025/10/22","True",0.032,0.032,15,"ARL, CAF, AGJ","ARL",NA,NA,NA,NA,"NPS\cfossum","9/8/2025 3:34:10 PM","NPS\alightcap","9/22/2025 9:08:26 PM"
"39","2025/10/22","FPICO1T08:09","2025/09/10",1,2,40,NA,"PICO","L","I",24.2,15.3,NA,9.1,NA,"","No","","",NA,NA,NA,NA,NA,NA,"2025/10/22","True",0.032,0.032,15,"ARL, CAF, AGJ","ARL",NA,NA,NA,NA,"NPS\cfossum","9/8/2025 3:34:10 PM","NPS\alightcap","9/22/2025 9:08:26 PM"
"40","2025/10/22","FPICO1T08:09","2025/09/10",1,2,3,NA,"PICO","D","LBS",16.6,14.1,NA,NA,NA,"","No","","",NA,NA,NA,NA,NA,NA,"2025/10/22","True",0.032,0.032,15,"ARL, CAF, AGJ","ARL",NA,NA,NA,NA,"NPS\cfossum","9/8/2025 3:34:10 PM","NPS\alightcap","9/22/2025 9:08:26 PM"
"41","2025/10/22","FPICO1T08:09","2025/09/10",1,2,4,NA,"PICO","D","LBS",13.2,NA,NA,NA,NA,"","No","","",NA,NA,NA,NA,NA,NA,"2025/10/22","True",0.032,0.032,15,"ARL, CAF, AGJ","ARL",NA,NA,NA,NA,"NPS\cfossum","9/8/2025 3:34:10 PM","NPS\alightcap","9/22/2025 9:08:26 PM"
"42","2025/10/22","FPICO1T08:09","2025/09/10",1,3,41,NA,"PICO","L","I",22.6,17.5,NA,10.5,NA,"","No","WOND","CROK",NA,NA,NA,NA,NA,NA,"2025/10/22","True",0.032,0.032,15,"ARL, CAF, AGJ","ARL",NA,NA,NA,NA,"NPS\cfossum","9/8/2025 3:34:10 PM","NPS\alightcap","9/22/2025 9:08:26 PM"
"43","2025/10/22","FPICO1T08:09","2025/09/10",1,3,5,NA,"PICO","L","SC",5,NA,NA,NA,NA,"","No","","",NA,NA,NA,NA,NA,NA,"2025/10/22","True",0.032,0.032,15,"ARL, CAF, AGJ","ARL",NA,NA,NA,NA,"NPS\cfossum","9/8/2025 3:34:10 PM","NPS\alightcap","9/22/2025 9:08:26 PM"
"44","2025/10/22","FPICO1T08:09","2025/09/10",1,3,42,NA,"PICO","L","I",23.3,18.2,NA,7.5,NA,"","No","CROK","",NA,NA,NA,NA,NA,NA,"2025/10/22","True",0.032,0.032,15,"ARL, CAF, AGJ","ARL",NA,NA,NA,NA,"NPS\cfossum","9/8/2025 3:34:10 PM","NPS\alightcap","9/22/2025 9:08:26 PM"
"45","2025/10/22","FPICO1T08:09","2025/09/10",1,3,43,NA,"PICO","L","I",22.3,9.8,NA,0.7,NA,"","No","FORK","",NA,NA,NA,NA,NA,NA,"2025/10/22","True",0.032,0.032,15,"ARL, CAF, AGJ","ARL",NA,NA,NA,NA,"NPS\cfossum","9/8/2025 3:34:10 PM","NPS\alightcap","9/22/2025 9:08:26 PM"
"46","2025/10/22","FPICO1T08:09","2025/09/10",1,3,44,NA,"PICO","L","I",25.3,15.4,NA,6.9,NA,"","No","WOND","",NA,NA,NA,NA,NA,NA,"2025/10/22","True",0.032,0.032,15,"ARL, CAF, AGJ","ARL",NA,NA,NA,NA,"NPS\cfossum","9/8/2025 3:34:10 PM","NPS\alightcap","9/22/2025 9:08:26 PM"
"47","2025/10/22","FPICO1T08:09","2025/09/10",1,3,6,NA,"PICO","D","RS",17.2,13.2,NA,NA,NA,"","No","","",NA,NA,NA,NA,NA,NA,"2025/10/22","True",0.032,0.032,15,"ARL, CAF, AGJ","ARL",NA,NA,NA,NA,"NPS\cfossum","9/8/2025 3:34:10 PM","NPS\alightcap","9/22/2025 9:08:26 PM"
"48","2025/10/22","FPICO1T08:09","2025/09/10",1,3,49,NA,"PICO","L","I",15.6,11.1,NA,2.6,NA,"","No","","",NA,NA,NA,NA,NA,NA,"2025/10/22","True",0.032,0.032,15,"ARL, CAF, AGJ","ARL",NA,NA,NA,NA,"NPS\cfossum","9/8/2025 3:34:10 PM","NPS\alightcap","9/22/2025 9:08:26 PM"
"49","2025/10/22","FPICO1T08:09","2025/09/10",1,3,7,NA,"ABLA","L","SC",6.8,NA,NA,NA,NA,"","No","","",NA,NA,NA,NA,NA,NA,"2025/10/22","True",0.032,0.032,15,"ARL, CAF, AGJ","ARL",NA,NA,NA,NA,"NPS\cfossum","9/8/2025 3:34:10 PM","NPS\alightcap","9/22/2025 9:08:26 PM"
"50","2025/10/22","FPICO1T08:09","2025/09/10",1,3,50,NA,"PICO","L","I",20.8,17,NA,6.5,NA,"","No","CROK","",NA,NA,NA,NA,NA,NA,"2025/10/22","True",0.032,0.032,15,"ARL, CAF, AGJ","ARL",NA,NA,NA,NA,"NPS\cfossum","9/8/2025 3:34:10 PM","NPS\alightcap","9/22/2025 9:08:26 PM"
"51","2025/10/22","FPICO1T08:09","2025/09/10",1,3,8,NA,"PICO","D","LBS",28.4,19.6,NA,NA,NA,"","No","","",NA,NA,NA,NA,NA,NA,"2025/10/22","True",0.032,0.032,15,"ARL, CAF, AGJ","ARL",NA,NA,NA,NA,"NPS\cfossum","9/8/2025 3:34:10 PM","NPS\alightcap","9/22/2025 9:08:26 PM"
"52","2025/10/22","FPICO1T08:09","2025/09/10",1,4,48,NA,"PICO","L","I",25.7,18.7,NA,3.6,NA,"","No","LICH","",NA,NA,NA,NA,NA,NA,"2025/10/22","True",0.032,0.032,15,"ARL, CAF, AGJ","ARL",NA,NA,NA,NA,"NPS\cfossum","9/8/2025 3:34:10 PM","NPS\alightcap","9/22/2025 9:08:26 PM"
"53","2025/10/22","FPICO1T08:09","2025/09/10",1,4,49,NA,"PICO","D","LBS",14.2,NA,NA,NA,NA,"","No","","",NA,NA,NA,NA,NA,NA,"2025/10/22","True",0.032,0.032,15,"ARL, CAF, AGJ","ARL",NA,NA,NA,NA,"NPS\cfossum","9/8/2025 3:34:10 PM","NPS\alightcap","9/22/2025 9:08:26 PM"
"54","2025/10/22","FPICO1T08:09","2025/09/10",1,4,9,NA,"PICO","D","LBS",23.4,20.4,NA,NA,NA,"","No","LICH","",NA,NA,NA,NA,NA,NA,"2025/10/22","True",0.032,0.032,15,"ARL, CAF, AGJ","ARL",NA,NA,NA,NA,"NPS\cfossum","9/8/2025 3:34:10 PM","NPS\alightcap","9/22/2025 9:08:26 PM"
"55","2025/10/22","FPICO1T08:09","2025/09/10",1,4,10,NA,"PICO","D","LBS",21.3,14,NA,NA,NA,"","No","","",NA,NA,NA,NA,NA,NA,"2025/10/22","True",0.032,0.032,15,"ARL, CAF, AGJ","ARL",NA,NA,NA,NA,"NPS\cfossum","9/8/2025 3:34:10 PM","NPS\alightcap","9/22/2025 9:08:26 PM"
"56","2025/10/22","FPICO1T08:09","2025/09/10",1,4,11,NA,"PICO","D","BAD",14.7,6.1,NA,NA,NA,"","No","","",NA,NA,NA,NA,NA,NA,"2025/10/22","True",0.032,0.032,15,"ARL, CAF, AGJ","ARL",NA,NA,NA,NA,"NPS\cfossum","9/8/2025 3:34:10 PM","NPS\alightcap","9/22/2025 9:08:26 PM"
"57","2025/10/22","FPICO1T08:09","2025/09/10",1,4,12,NA,"PICO","D","LBS",23,15.3,NA,NA,NA,"","No","","",NA,NA,NA,NA,NA,NA,"2025/10/22","True",0.032,0.032,15,"ARL, CAF, AGJ","ARL",NA,NA,NA,NA,"NPS\cfossum","9/8/2025 3:34:10 PM","NPS\alightcap","9/22/2025 9:08:26 PM"
"58","2025/10/22","FPICO1T08:09","2025/09/10",1,4,13,NA,"PICO","L","I",14.6,NA,NA,NA,NA,"","No","","",NA,NA,NA,NA,NA,NA,"2025/10/22","True",0.032,0.032,15,"ARL, CAF, AGJ","ARL",NA,NA,NA,NA,"NPS\cfossum","9/8/2025 3:34:10 PM","NPS\alightcap","9/22/2025 9:08:26 PM"
"59","2025/10/22","FPICO1T08:09","2025/09/10",1,4,14,NA,"PICO","D","BBD",NA,NA,NA,NA,NA,"","No","","",NA,NA,NA,NA,NA,NA,"2025/10/22","True",0.032,0.032,15,"ARL, CAF, AGJ","ARL",NA,NA,NA,NA,"NPS\cfossum","9/8/2025 3:34:10 PM","NPS\alightcap","9/22/2025 9:08:26 PM"
"60","2025/10/22","FPICO1T08:10","2025/09/10",1,1,1,NA,"PICO","D","LBS",13,NA,NA,NA,NA,"","No","WOND","",NA,NA,NA,NA,NA,NA,"2025/10/22","True",0.032,0.032,15,"ARL, CAF, AGJ","ARL",NA,NA,NA,NA,"NPS\cfossum","9/8/2025 3:35:33 PM","NPS\alightcap","9/22/2025 9:56:47 PM"
"61","2025/10/22","FPICO1T08:10","2025/09/10",1,1,2,NA,"PICO","D","LBS",6.2,NA,NA,NA,NA,"","No","","",NA,NA,NA,NA,NA,NA,"2025/10/22","True",0.032,0.032,15,"ARL, CAF, AGJ","ARL",NA,NA,NA,NA,"NPS\cfossum","9/8/2025 3:35:33 PM","NPS\alightcap","9/22/2025 9:56:47 PM"
"62","2025/10/22","FPICO1T08:10","2025/09/10",1,1,3,NA,"PICO","D","BAD",22.3,2,NA,NA,NA,"","No","FIRE","",NA,NA,NA,NA,NA,NA,"2025/10/22","True",0.032,0.032,15,"ARL, CAF, AGJ","ARL",NA,NA,NA,NA,"NPS\cfossum","9/8/2025 3:35:33 PM","NPS\alightcap","9/22/2025 9:56:47 PM"
"63","2025/10/22","FPICO1T08:10","2025/09/10",1,1,4,NA,"PICO","D","LBS",10,NA,NA,NA,NA,"","No","ABGR","",NA,NA,NA,NA,NA,NA,"2025/10/22","True",0.032,0.032,15,"ARL, CAF, AGJ","ARL",NA,NA,NA,NA,"NPS\cfossum","9/8/2025 3:35:33 PM","NPS\alightcap","9/22/2025 9:56:47 PM"
"64","2025/10/22","FPICO1T08:10","2025/09/10",1,2,5,NA,"PICO","D","LBS",14,NA,NA,NA,NA,"","No","FIRE","",NA,NA,NA,NA,NA,NA,"2025/10/22","True",0.032,0.032,15,"ARL, CAF, AGJ","ARL",NA,NA,NA,NA,"NPS\cfossum","9/8/2025 3:35:33 PM","NPS\alightcap","9/22/2025 9:56:47 PM"
"65","2025/10/22","FPICO1T08:10","2025/09/10",1,3,6,NA,"PICO","D","BBD",NA,NA,NA,NA,NA,"","No","","",NA,NA,NA,NA,NA,NA,"2025/10/22","True",0.032,0.032,15,"ARL, CAF, AGJ","ARL",NA,NA,NA,NA,"NPS\cfossum","9/8/2025 3:35:33 PM","NPS\alightcap","9/22/2025 9:56:47 PM"
"66","2025/10/22","FPICO1T08:10","2025/09/10",1,3,7,NA,"PICO","D","BBD",NA,NA,NA,NA,NA,"","No","","",NA,NA,NA,NA,NA,NA,"2025/10/22","True",0.032,0.032,15,"ARL, CAF, AGJ","ARL",NA,NA,NA,NA,"NPS\cfossum","9/8/2025 3:35:33 PM","NPS\alightcap","9/22/2025 9:56:47 PM"
"67","2025/10/22","FPICO1T08:10","2025/09/10",1,4,8,NA,"PICO","D","LBS",30.9,12.6,NA,NA,NA,"","No","FIRE","INSE",NA,NA,NA,NA,NA,NA,"2025/10/22","True",0.032,0.032,15,"ARL, CAF, AGJ","ARL",NA,NA,NA,NA,"NPS\cfossum","9/8/2025 3:35:33 PM","NPS\alightcap","9/22/2025 9:56:47 PM"
"68","2025/10/22","FPICO1T08:10","2025/09/10",1,4,9,NA,"PICO","D","LBS",18.8,9.7,NA,NA,NA,"","No","FIRE","",NA,NA,NA,NA,NA,NA,"2025/10/22","True",0.032,0.032,15,"ARL, CAF, AGJ","ARL",NA,NA,NA,NA,"NPS\cfossum","9/8/2025 3:35:33 PM","NPS\alightcap","9/22/2025 9:56:47 PM"
"69","2025/10/22","FPICO1T08:10","2025/09/10",1,4,10,NA,"PICO","D","BBD",NA,NA,NA,NA,NA,"","No","","",NA,NA,NA,NA,NA,NA,"2025/10/22","True",0.032,0.032,15,"ARL, CAF, AGJ","ARL",NA,NA,NA,NA,"NPS\cfossum","9/8/2025 3:35:33 PM","NPS\alightcap","9/22/2025 9:56:47 PM"
"70","2025/10/22","FPICO1T08:10","2025/09/10",1,4,11,NA,"PICO","D","LBS",6.2,NA,NA,NA,NA,"","No","","",NA,NA,NA,NA,NA,NA,"2025/10/22","True",0.032,0.032,15,"ARL, CAF, AGJ","ARL",NA,NA,NA,NA,"NPS\cfossum","9/8/2025 3:35:33 PM","NPS\alightcap","9/22/2025 9:56:47 PM"
"71","2025/10/22","FPICO1T08:10","2025/09/10",1,4,12,NA,"PICO","D","LBS",10.8,NA,NA,NA,NA,"","No","","",NA,NA,NA,NA,NA,NA,"2025/10/22","True",0.032,0.032,15,"ARL, CAF, AGJ","ARL",NA,NA,NA,NA,"NPS\cfossum","9/8/2025 3:35:33 PM","NPS\alightcap","9/22/2025 9:56:47 PM"
"72","2025/10/22","FPICO1T08:10","2025/09/10",1,4,13,NA,"PICO","D","LBS",17.6,10,NA,NA,NA,"","No","FIRE","",NA,NA,NA,NA,NA,NA,"2025/10/22","True",0.032,0.032,15,"ARL, CAF, AGJ","ARL",NA,NA,NA,NA,"NPS\cfossum","9/8/2025 3:35:33 PM","NPS\alightcap","9/22/2025 9:56:47 PM"
"73","2025/10/22","FPICO1T08:10","2025/09/10",1,4,14,NA,"PICO","D","LBS",22.1,14.5,NA,NA,NA,"","No","FIRE","",NA,NA,NA,NA,NA,NA,"2025/10/22","True",0.032,0.032,15,"ARL, CAF, AGJ","ARL",NA,NA,NA,NA,"NPS\cfossum","9/8/2025 3:35:33 PM","NPS\alightcap","9/22/2025 9:56:47 PM"
"74","2025/10/22","FPICO1T08:11","2025/08/06",1,1,1,NA,"PICO","D","CS",10.6,NA,NA,NA,NA,"","No","FIRE",NA,NA,NA,NA,NA,NA,NA,"2025/10/22","True",0.032,0.032,15,"ARL, CAF, AGJ","ARL",NA,NA,NA,"PICO identification all questionable, old tags were able to be indentified by matching previous plot reads from 2001.","NPS\cfossum","8/19/2025 8:59:35 PM","NPS\alightcap","9/23/2025 9:19:45 PM"
"75","2025/10/22","FPICO1T08:11","2025/08/06",1,1,22,NA,"ABLA","D","CS",23.7,11.8,NA,NA,NA,"","No","FIRE",NA,NA,NA,NA,NA,NA,NA,"2025/10/22","True",0.032,0.032,15,"ARL, CAF, AGJ","ARL",NA,NA,NA,"PICO identification all questionable, old tags were able to be indentified by matching previous plot reads from 2001.","NPS\cfossum","8/19/2025 8:59:35 PM","NPS\alightcap","9/23/2025 9:19:45 PM"
"76","2025/10/22","FPICO1T08:11","2025/08/06",1,1,3,NA,"PICO","D","CS",20.1,14.1,NA,NA,NA,"","No","FIRE",NA,NA,NA,NA,NA,NA,NA,"2025/10/22","True",0.032,0.032,15,"ARL, CAF, AGJ","ARL",NA,NA,NA,"PICO identification all questionable, old tags were able to be indentified by matching previous plot reads from 2001.","NPS\cfossum","8/19/2025 8:59:35 PM","NPS\alightcap","9/23/2025 9:19:45 PM"
"77","2025/10/22","FPICO1T08:11","2025/08/06",1,2,4,NA,"PICO","D","CS",17.9,15.5,NA,NA,NA,"","No","FIRE",NA,NA,NA,NA,NA,NA,NA,"2025/10/22","True",0.032,0.032,15,"ARL, CAF, AGJ","ARL",NA,NA,NA,"PICO identification all questionable, old tags were able to be indentified by matching previous plot reads from 2001.","NPS\cfossum","8/19/2025 8:59:35 PM","NPS\alightcap","9/23/2025 9:19:45 PM"
"78","2025/10/22","FPICO1T08:11","2025/08/06",1,2,18,NA,"ABLA","D","CS",17.3,11.8,NA,NA,NA,"","No","FIRE",NA,NA,NA,NA,NA,NA,NA,"2025/10/22","True",0.032,0.032,15,"ARL, CAF, AGJ","ARL",NA,NA,NA,"PICO identification all questionable, old tags were able to be indentified by matching previous plot reads from 2001.","NPS\cfossum","8/19/2025 8:59:35 PM","NPS\alightcap","9/23/2025 9:19:45 PM"
"79","2025/10/22","FPICO1T08:11","2025/08/06",1,2,6,NA,"PICO","D","CS",22.6,16.8,NA,NA,NA,"","No","FIRE",NA,NA,NA,NA,NA,NA,NA,"2025/10/22","True",0.032,0.032,15,"ARL, CAF, AGJ","ARL",NA,NA,NA,"PICO identification all questionable, old tags were able to be indentified by matching previous plot reads from 2001.","NPS\cfossum","8/19/2025 8:59:35 PM","NPS\alightcap","9/23/2025 9:19:45 PM"
"80","2025/10/22","FPICO1T08:11","2025/08/06",1,2,7,NA,"PICO","D","CS",10.9,NA,NA,NA,NA,"","No","FIRE",NA,NA,NA,NA,NA,NA,NA,"2025/10/22","True",0.032,0.032,15,"ARL, CAF, AGJ","ARL",NA,NA,NA,"PICO identification all questionable, old tags were able to be indentified by matching previous plot reads from 2001.","NPS\cfossum","8/19/2025 8:59:35 PM","NPS\alightcap","9/23/2025 9:19:45 PM"
"81","2025/10/22","FPICO1T08:11","2025/08/06",1,2,8,NA,"PICO","D","CS",10.1,NA,NA,NA,NA,"","No","FIRE",NA,NA,NA,NA,NA,NA,NA,"2025/10/22","True",0.032,0.032,15,"ARL, CAF, AGJ","ARL",NA,NA,NA,"PICO identification all questionable, old tags were able to be indentified by matching previous plot reads from 2001.","NPS\cfossum","8/19/2025 8:59:35 PM","NPS\alightcap","9/23/2025 9:19:45 PM"
"82","2025/10/22","FPICO1T08:11","2025/08/06",1,2,9,NA,"PICO","D","CS",12.6,NA,NA,NA,NA,"","No","FIRE",NA,NA,NA,NA,NA,NA,NA,"2025/10/22","True",0.032,0.032,15,"ARL, CAF, AGJ","ARL",NA,NA,NA,"PICO identification all questionable, old tags were able to be indentified by matching previous plot reads from 2001.","NPS\cfossum","8/19/2025 8:59:35 PM","NPS\alightcap","9/23/2025 9:19:45 PM"
"83","2025/10/22","FPICO1T08:11","2025/08/06",1,2,10,NA,"PICO","D","CS",10,NA,NA,NA,NA,"","No","FIRE",NA,NA,NA,NA,NA,NA,NA,"2025/10/22","True",0.032,0.032,15,"ARL, CAF, AGJ","ARL",NA,NA,NA,"PICO identification all questionable, old tags were able to be indentified by matching previous plot reads from 2001.","NPS\cfossum","8/19/2025 8:59:35 PM","NPS\alightcap","9/23/2025 9:19:45 PM"
"84","2025/10/22","FPICO1T08:11","2025/08/06",1,2,29,NA,"ABLA","D","CS",21.3,17.2,NA,NA,NA,"","No","FIRE",NA,NA,NA,NA,NA,NA,NA,"2025/10/22","True",0.032,0.032,15,"ARL, CAF, AGJ","ARL",NA,NA,NA,"PICO identification all questionable, old tags were able to be indentified by matching previous plot reads from 2001.","NPS\cfossum","8/19/2025 8:59:35 PM","NPS\alightcap","9/23/2025 9:19:45 PM"
"85","2025/10/22","FPICO1T08:11","2025/08/06",1,3,12,NA,"PICO","D","CS",7.1,NA,NA,NA,NA,"","No","FIRE",NA,NA,NA,NA,NA,NA,NA,"2025/10/22","True",0.032,0.032,15,"ARL, CAF, AGJ","ARL",NA,NA,NA,"PICO identification all questionable, old tags were able to be indentified by matching previous plot reads from 2001.","NPS\cfossum","8/19/2025 8:59:35 PM","NPS\alightcap","9/23/2025 9:19:45 PM"
"86","2025/10/22","FPICO1T08:11","2025/08/06",1,3,13,NA,"PICO","D","CS",15.4,10.2,NA,NA,NA,"","No","FIRE",NA,NA,NA,NA,NA,NA,NA,"2025/10/22","True",0.032,0.032,15,"ARL, CAF, AGJ","ARL",NA,NA,NA,"PICO identification all questionable, old tags were able to be indentified by matching previous plot reads from 2001.","NPS\cfossum","8/19/2025 8:59:35 PM","NPS\alightcap","9/23/2025 9:19:45 PM"
"87","2025/10/22","FPICO1T08:11","2025/08/06",1,3,14,NA,"PICO","D","BBD",NA,NA,NA,NA,NA,"","No","FIRE",NA,NA,NA,NA,NA,NA,NA,"2025/10/22","True",0.032,0.032,15,"ARL, CAF, AGJ","ARL",NA,NA,NA,"PICO identification all questionable, old tags were able to be indentified by matching previous plot reads from 2001.","NPS\cfossum","8/19/2025 8:59:35 PM","NPS\alightcap","9/23/2025 9:19:45 PM"
"88","2025/10/22","FPICO1T08:11","2025/08/06",1,3,15,NA,"PICO","D","CS",17.7,11.6,NA,NA,NA,"","No","FIRE",NA,NA,NA,NA,NA,NA,NA,"2025/10/22","True",0.032,0.032,15,"ARL, CAF, AGJ","ARL",NA,NA,NA,"PICO identification all questionable, old tags were able to be indentified by matching previous plot reads from 2001.","NPS\cfossum","8/19/2025 8:59:35 PM","NPS\alightcap","9/23/2025 9:19:45 PM"
"89","2025/10/22","FPICO1T08:11","2025/08/06",1,3,16,NA,"PICO","D","CS",4.5,NA,NA,NA,NA,"","No","FIRE",NA,NA,NA,NA,NA,NA,NA,"2025/10/22","True",0.032,0.032,15,"ARL, CAF, AGJ","ARL",NA,NA,NA,"PICO identification all questionable, old tags were able to be indentified by matching previous plot reads from 2001.","NPS\cfossum","8/19/2025 8:59:35 PM","NPS\alightcap","9/23/2025 9:19:45 PM"
"90","2025/10/22","FPICO1T08:11","2025/08/06",1,3,17,NA,"PICO","D","BAD",16.6,2.2,NA,NA,NA,"","No","FIRE",NA,NA,NA,NA,NA,NA,NA,"2025/10/22","True",0.032,0.032,15,"ARL, CAF, AGJ","ARL",NA,NA,NA,"PICO identification all questionable, old tags were able to be indentified by matching previous plot reads from 2001.","NPS\cfossum","8/19/2025 8:59:35 PM","NPS\alightcap","9/23/2025 9:19:45 PM"
"91","2025/10/22","FPICO1T08:11","2025/08/06",1,3,18,NA,"PICO","D","CS",9.8,NA,NA,NA,NA,"","No","FIRE",NA,NA,NA,NA,NA,NA,NA,"2025/10/22","True",0.032,0.032,15,"ARL, CAF, AGJ","ARL",NA,NA,NA,"PICO identification all questionable, old tags were able to be indentified by matching previous plot reads from 2001.","NPS\cfossum","8/19/2025 8:59:35 PM","NPS\alightcap","9/23/2025 9:19:45 PM"
"92","2025/10/22","FPICO1T08:11","2025/08/06",1,4,42,NA,"PIEN","D","CS",21.5,16,NA,NA,NA,"","No","FIRE",NA,NA,NA,NA,NA,NA,NA,"2025/10/22","True",0.032,0.032,15,"ARL, CAF, AGJ","ARL",NA,NA,NA,"PICO identification all questionable, old tags were able to be indentified by matching previous plot reads from 2001.","NPS\cfossum","8/19/2025 8:59:35 PM","NPS\alightcap","9/23/2025 9:19:45 PM"
"93","2025/10/22","FPICO1T08:11","2025/08/06",1,4,20,NA,"PICO","D","CS",16.8,16.4,NA,NA,NA,"","No","FIRE",NA,NA,NA,NA,NA,NA,NA,"2025/10/22","True",0.032,0.032,15,"ARL, CAF, AGJ","ARL",NA,NA,NA,"PICO identification all questionable, old tags were able to be indentified by matching previous plot reads from 2001.","NPS\cfossum","8/19/2025 8:59:35 PM","NPS\alightcap","9/23/2025 9:19:45 PM"
"94","2025/10/22","FPICO1T08:11","2025/08/06",1,4,27,NA,"PICO","D","CS",6.7,NA,NA,NA,NA,"","No","FIRE",NA,NA,NA,NA,NA,NA,NA,"2025/10/22","True",0.032,0.032,15,"ARL, CAF, AGJ","ARL",NA,NA,NA,"PICO identification all questionable, old tags were able to be indentified by matching previous plot reads from 2001.","NPS\cfossum","8/19/2025 8:59:35 PM","NPS\alightcap","9/23/2025 9:19:45 PM"
"95","2025/10/22","FPICO1T08:11","2025/08/06",1,4,21,NA,"PICO","D","CS",10.4,NA,NA,NA,NA,"","No","FIRE",NA,NA,NA,NA,NA,NA,NA,"2025/10/22","True",0.032,0.032,15,"ARL, CAF, AGJ","ARL",NA,NA,NA,"PICO identification all questionable, old tags were able to be indentified by matching previous plot reads from 2001.","NPS\cfossum","8/19/2025 8:59:35 PM","NPS\alightcap","9/23/2025 9:19:45 PM"
"96","2025/10/22","FPICO1T08:11","2025/08/06",1,4,22,NA,"PICO","D","CS",8.7,NA,NA,NA,NA,"","No","FIRE",NA,NA,NA,NA,NA,NA,NA,"2025/10/22","True",0.032,0.032,15,"ARL, CAF, AGJ","ARL",NA,NA,NA,"PICO identification all questionable, old tags were able to be indentified by matching previous plot reads from 2001.","NPS\cfossum","8/19/2025 8:59:35 PM","NPS\alightcap","9/23/2025 9:19:45 PM"
"97","2025/10/22","FPICO1T08:11","2025/08/06",1,4,23,NA,"PICO","D","BAD",12.1,NA,NA,NA,NA,"","No","FIRE",NA,NA,NA,NA,NA,NA,NA,"2025/10/22","True",0.032,0.032,15,"ARL, CAF, AGJ","ARL",NA,NA,NA,"PICO identification all questionable, old tags were able to be indentified by matching previous plot reads from 2001.","NPS\cfossum","8/19/2025 8:59:35 PM","NPS\alightcap","9/23/2025 9:19:45 PM"
"98","2025/10/22","FPICO1T08:11","2025/08/06",1,4,24,NA,"PICO","D","CS",12.8,NA,NA,NA,NA,"","No","FIRE",NA,NA,NA,NA,NA,NA,NA,"2025/10/22","True",0.032,0.032,15,"ARL, CAF, AGJ","ARL",NA,NA,NA,"PICO identification all questionable, old tags were able to be indentified by matching previous plot reads from 2001.","NPS\cfossum","8/19/2025 8:59:35 PM","NPS\alightcap","9/23/2025 9:19:45 PM"
"99","2025/10/22","FPICO1T08:11","2025/08/06",1,4,25,NA,"PICO","D","BAD",22.1,4,NA,NA,NA,"","No","FIRE",NA,NA,NA,NA,NA,NA,NA,"2025/10/22","True",0.032,0.032,15,"ARL, CAF, AGJ","ARL",NA,NA,NA,"PICO identification all questionable, old tags were able to be indentified by matching previous plot reads from 2001.","NPS\cfossum","8/19/2025 8:59:35 PM","NPS\alightcap","9/23/2025 9:19:45 PM"
"100","2025/10/22","FPICO1T08:11","2025/08/06",1,4,26,NA,"PICO","D","CS",15,12,NA,NA,NA,"","No","FIRE",NA,NA,NA,NA,NA,NA,NA,"2025/10/22","True",0.032,0.032,15,"ARL, CAF, AGJ","ARL",NA,NA,NA,"PICO identification all questionable, old tags were able to be indentified by matching previous plot reads from 2001.","NPS\cfossum","8/19/2025 8:59:35 PM","NPS\alightcap","9/23/2025 9:19:45 PM"
"101","2025/10/22","FPICO1T08:12","2025/08/07",1,1,1,NA,"PICO","D","CS",9,NA,NA,NA,NA,"","No","FIRE",NA,NA,NA,NA,NA,NA,NA,"2025/10/22","True",0.032,0.032,15,"ARL, AGJ, CAF","ARL",NA,NA,NA,NA,"NPS\cfossum","9/8/2025 3:39:33 PM","NPS\alightcap","9/23/2025 9:56:46 PM"
"102","2025/10/22","FPICO1T08:12","2025/08/07",1,3,2,NA,"PICO","D","BAD",9.9,NA,NA,NA,NA,"","No","FIRE",NA,NA,NA,NA,NA,NA,NA,"2025/10/22","True",0.032,0.032,15,"ARL, AGJ, CAF","ARL",NA,NA,NA,NA,"NPS\cfossum","9/8/2025 3:39:33 PM","NPS\alightcap","9/23/2025 9:56:46 PM"
"103","2025/10/22","FPICO1T08:12","2025/08/07",1,3,3,NA,"PICO","D","CS",5.3,NA,NA,NA,NA,"","No","FIRE",NA,NA,NA,NA,NA,NA,NA,"2025/10/22","True",0.032,0.032,15,"ARL, AGJ, CAF","ARL",NA,NA,NA,NA,"NPS\cfossum","9/8/2025 3:39:33 PM","NPS\alightcap","9/23/2025 9:56:46 PM"
"104","2025/10/22","FPICO1T08:12","2025/08/07",1,3,4,NA,"PICO","D","BBD",NA,NA,NA,NA,NA,"","No","FIRE",NA,NA,NA,NA,NA,NA,NA,"2025/10/22","True",0.032,0.032,15,"ARL, AGJ, CAF","ARL",NA,NA,NA,NA,"NPS\cfossum","9/8/2025 3:39:33 PM","NPS\alightcap","9/23/2025 9:56:46 PM"
"105","2025/10/22","FPICO1T08:13","2025/08/06",1,2,1,NA,"PICO","D","BAD",14.3,NA,NA,NA,NA,"","No","FIRE",NA,NA,NA,NA,NA,NA,NA,"2025/10/22","True",0.032,0.032,15,"ARL, CAF, AGJ","ARL",NA,NA,NA,NA,"NPS\cfossum","9/8/2025 3:41:53 PM","NPS\alightcap","9/24/2025 11:02:18 PM"
"106","2025/10/22","FPICO1T08:13","2025/08/06",1,2,2,NA,"PICO","D","CS",13.3,NA,NA,NA,NA,"","No","FIRE",NA,NA,NA,NA,NA,NA,NA,"2025/10/22","True",0.032,0.032,15,"ARL, CAF, AGJ","ARL",NA,NA,NA,NA,"NPS\cfossum","9/8/2025 3:41:53 PM","NPS\alightcap","9/24/2025 11:02:18 PM"
"107","2025/10/22","FPICO1T08:13","2025/08/06",1,2,3,NA,"PICO","D","BBD",NA,NA,NA,NA,NA,"","No","FIRE",NA,NA,NA,NA,NA,NA,NA,"2025/10/22","True",0.032,0.032,15,"ARL, CAF, AGJ","ARL",NA,NA,NA,NA,"NPS\cfossum","9/8/2025 3:41:53 PM","NPS\alightcap","9/24/2025 11:02:18 PM"
"108","2025/10/22","FPICO1T08:13","2025/08/06",1,2,10,NA,"PICO","D","BBD",NA,NA,NA,NA,NA,"","No","FIRE",NA,NA,NA,NA,NA,NA,NA,"2025/10/22","True",0.032,0.032,15,"ARL, CAF, AGJ","ARL",NA,NA,NA,NA,"NPS\cfossum","9/8/2025 3:41:53 PM","NPS\alightcap","9/24/2025 11:02:18 PM"
"109","2025/10/22","FPICO1T08:13","2025/08/06",1,3,4,NA,"PICO","D","CS",20.4,16.3,NA,NA,NA,"","No","FIRE",NA,NA,NA,NA,NA,NA,NA,"2025/10/22","True",0.032,0.032,15,"ARL, CAF, AGJ","ARL",NA,NA,NA,NA,"NPS\cfossum","9/8/2025 3:41:53 PM","NPS\alightcap","9/24/2025 11:02:18 PM"
"110","2025/10/22","FPICO1T08:13","2025/08/06",1,3,5,NA,"PICO","D","CS",18.2,17.5,NA,NA,NA,"","No","FIRE",NA,NA,NA,NA,NA,NA,NA,"2025/10/22","True",0.032,0.032,15,"ARL, CAF, AGJ","ARL",NA,NA,NA,NA,"NPS\cfossum","9/8/2025 3:41:53 PM","NPS\alightcap","9/24/2025 11:02:18 PM"
"111","2025/10/22","FPICO1T08:13","2025/08/06",1,3,6,NA,"PICO","D","CS",14.3,NA,NA,NA,NA,"","No","FIRE",NA,NA,NA,NA,NA,NA,NA,"2025/10/22","True",0.032,0.032,15,"ARL, CAF, AGJ","ARL",NA,NA,NA,NA,"NPS\cfossum","9/8/2025 3:41:53 PM","NPS\alightcap","9/24/2025 11:02:18 PM"
"112","2025/10/22","FPICO1T08:13","2025/08/06",1,4,7,NA,"PICO","D","CS",20,19.3,NA,NA,NA,"","No","FIRE",NA,NA,NA,NA,NA,NA,NA,"2025/10/22","True",0.032,0.032,15,"ARL, CAF, AGJ","ARL",NA,NA,NA,NA,"NPS\cfossum","9/8/2025 3:41:53 PM","NPS\alightcap","9/24/2025 11:02:18 PM"
"113","2025/10/22","FPICO1T08:13","2025/08/06",1,4,8,NA,"PICO","D","CS",18.4,17.9,NA,NA,NA,"","No","FIRE",NA,NA,NA,NA,NA,NA,NA,"2025/10/22","True",0.032,0.032,15,"ARL, CAF, AGJ","ARL",NA,NA,NA,NA,"NPS\cfossum","9/8/2025 3:41:53 PM","NPS\alightcap","9/24/2025 11:02:18 PM"
"114","2025/10/22","FPICO1T08:13","2025/08/06",1,4,9,NA,"PICO","D","BBD",NA,NA,NA,NA,NA,"","No","FIRE",NA,NA,NA,NA,NA,NA,NA,"2025/10/22","True",0.032,0.032,15,"ARL, CAF, AGJ","ARL",NA,NA,NA,NA,"NPS\cfossum","9/8/2025 3:41:53 PM","NPS\alightcap","9/24/2025 11:02:18 PM"
"115","2025/10/22","FPICO1T08:14","2025/08/07",1,1,1,NA,"PICO","D","LBS",13.9,NA,NA,NA,NA,"","No","FIRE",NA,NA,NA,NA,NA,NA,NA,"2025/10/22","True",0.032,0.032,15,"ARL, CAF, AGJ","ARL",NA,NA,NA,NA,"NPS\cfossum","9/8/2025 3:43:05 PM","NPS\alightcap","9/24/2025 11:44:35 PM"
"116","2025/10/22","FPICO1T08:14","2025/08/07",1,1,2,NA,"PICO","D","LBS",5.5,NA,NA,NA,NA,"","No","TWIN",NA,NA,NA,NA,NA,NA,NA,"2025/10/22","True",0.032,0.032,15,"ARL, CAF, AGJ","ARL",NA,NA,NA,NA,"NPS\cfossum","9/8/2025 3:43:05 PM","NPS\alightcap","9/24/2025 11:44:35 PM"
"117","2025/10/22","FPICO1T08:14","2025/08/07",1,2,3,NA,"PICO","D","LBS",15.4,20.9,NA,NA,NA,"","No","FIRE",NA,NA,NA,NA,NA,NA,NA,"2025/10/22","True",0.032,0.032,15,"ARL, CAF, AGJ","ARL",NA,NA,NA,NA,"NPS\cfossum","9/8/2025 3:43:05 PM","NPS\alightcap","9/24/2025 11:44:35 PM"
"118","2025/10/22","FPICO1T08:14","2025/08/07",1,2,4,NA,"PICO","D","LBS",11.7,NA,NA,NA,NA,"","No","FIRE",NA,NA,NA,NA,NA,NA,NA,"2025/10/22","True",0.032,0.032,15,"ARL, CAF, AGJ","ARL",NA,NA,NA,NA,"NPS\cfossum","9/8/2025 3:43:05 PM","NPS\alightcap","9/24/2025 11:44:35 PM"
"119","2025/10/22","FPICO1T08:14","2025/08/07",1,2,7,NA,"PICO","D","LBS",21.3,19.7,NA,NA,NA,"","No","FIRE",NA,NA,NA,NA,NA,NA,NA,"2025/10/22","True",0.032,0.032,15,"ARL, CAF, AGJ","ARL",NA,NA,NA,NA,"NPS\cfossum","9/8/2025 3:43:05 PM","NPS\alightcap","9/24/2025 11:44:35 PM"
"120","2025/10/22","FPICO1T08:14","2025/08/07",1,3,5,NA,"PICO","D","LBS",26.6,18,NA,NA,NA,"","No","FIRE",NA,NA,NA,NA,NA,NA,NA,"2025/10/22","True",0.032,0.032,15,"ARL, CAF, AGJ","ARL",NA,NA,NA,NA,"NPS\cfossum","9/8/2025 3:43:05 PM","NPS\alightcap","9/24/2025 11:44:35 PM"
"121","2025/10/22","FPICO1T08:14","2025/08/07",1,4,6,NA,"PICO","D","LBS",17.9,13,NA,NA,NA,"","No","FIRE",NA,NA,NA,NA,NA,NA,NA,"2025/10/22","True",0.032,0.032,15,"ARL, CAF, AGJ","ARL",NA,NA,NA,NA,"NPS\cfossum","9/8/2025 3:43:05 PM","NPS\alightcap","9/24/2025 11:44:35 PM"
"122","2025/10/22","FPICO1T08:14","2025/08/07",1,4,8,NA,"PICO","D","LBS",15.4,14,NA,NA,NA,"","No","FIRE",NA,NA,NA,NA,NA,NA,NA,"2025/10/22","True",0.032,0.032,15,"ARL, CAF, AGJ","ARL",NA,NA,NA,NA,"NPS\cfossum","9/8/2025 3:43:05 PM","NPS\alightcap","9/24/2025 11:44:35 PM"
"123","2025/10/22","FPICO1T08:14","2025/08/07",1,4,9,NA,"PICO","D","CS",13.2,NA,NA,NA,NA,"","No","FIRE",NA,NA,NA,NA,NA,NA,NA,"2025/10/22","True",0.032,0.032,15,"ARL, CAF, AGJ","ARL",NA,NA,NA,NA,"NPS\cfossum","9/8/2025 3:43:05 PM","NPS\alightcap","9/24/2025 11:44:35 PM"
"124","2025/10/22","FPICO1T08:14","2025/08/07",1,4,10,NA,"PICO","D","LBS",4.3,NA,NA,NA,NA,"","No","FIRE",NA,NA,NA,NA,NA,NA,NA,"2025/10/22","True",0.032,0.032,15,"ARL, CAF, AGJ","ARL",NA,NA,NA,NA,"NPS\cfossum","9/8/2025 3:43:05 PM","NPS\alightcap","9/24/2025 11:44:35 PM"
"125","2025/10/22","FPICO1T08:14","2025/08/07",1,4,11,NA,"PICO","D","BAD",20,9.2,NA,NA,NA,"","No","FIRE",NA,NA,NA,NA,NA,NA,NA,"2025/10/22","True",0.032,0.032,15,"ARL, CAF, AGJ","ARL",NA,NA,NA,NA,"NPS\cfossum","9/8/2025 3:43:05 PM","NPS\alightcap","9/24/2025 11:44:35 PM"
"126","2025/10/22","FPICO1T08:15","2025/08/11",1,1,1,NA,"PICO","D","LBS",18.8,13.3,NA,NA,NA,"","No","","",NA,NA,NA,NA,NA,NA,"2025/10/22","True",0.032,0.032,15,"AGJ, CAF","ARL",NA,NA,NA,NA,"NPS\cfossum","9/8/2025 3:50:37 PM","NPS\alightcap","9/25/2025 10:57:21 PM"
"127","2025/10/22","FPICO1T08:15","2025/08/11",1,1,2,NA,"PICO","D","LBS",25.6,18.2,NA,NA,NA,"","No","","",NA,NA,NA,NA,NA,NA,"2025/10/22","True",0.032,0.032,15,"AGJ, CAF","ARL",NA,NA,NA,NA,"NPS\cfossum","9/8/2025 3:50:37 PM","NPS\alightcap","9/25/2025 10:57:21 PM"
"128","2025/10/22","FPICO1T08:15","2025/08/11",1,1,3,NA,"PICO","D","LBS",9.1,NA,NA,NA,NA,"","No","","",NA,NA,NA,NA,NA,NA,"2025/10/22","True",0.032,0.032,15,"AGJ, CAF","ARL",NA,NA,NA,NA,"NPS\cfossum","9/8/2025 3:50:37 PM","NPS\alightcap","9/25/2025 10:57:21 PM"
"129","2025/10/22","FPICO1T08:15","2025/08/11",1,1,22,NA,"PICO","L","SC",16.2,9.9,NA,5.6,NA,"","No","FORK","",NA,NA,NA,NA,NA,NA,"2025/10/22","True",0.032,0.032,15,"AGJ, CAF","ARL",NA,NA,NA,NA,"NPS\cfossum","9/8/2025 3:50:37 PM","NPS\alightcap","9/25/2025 10:57:21 PM"
"130","2025/10/22","FPICO1T08:15","2025/08/11",1,1,4,NA,"PICO","D","RS",32,19.6,NA,NA,NA,"","No","","",NA,NA,NA,NA,NA,NA,"2025/10/22","True",0.032,0.032,15,"AGJ, CAF","ARL",NA,NA,NA,NA,"NPS\cfossum","9/8/2025 3:50:37 PM","NPS\alightcap","9/25/2025 10:57:21 PM"
"131","2025/10/22","FPICO1T08:15","2025/08/11",1,1,5,NA,"PICO","D","LBS",21.4,11.1,NA,NA,NA,"","No","LEAN","",NA,NA,NA,NA,NA,NA,"2025/10/22","True",0.032,0.032,15,"AGJ, CAF","ARL",NA,NA,NA,NA,"NPS\cfossum","9/8/2025 3:50:37 PM","NPS\alightcap","9/25/2025 10:57:21 PM"
"132","2025/10/22","FPICO1T08:15","2025/08/11",1,1,6,NA,"PICO","D","LBS",19.6,17.3,NA,NA,NA,"","No","","",NA,NA,NA,NA,NA,NA,"2025/10/22","True",0.032,0.032,15,"AGJ, CAF","ARL",NA,NA,NA,NA,"NPS\cfossum","9/8/2025 3:50:37 PM","NPS\alightcap","9/25/2025 10:57:21 PM"
"133","2025/10/22","FPICO1T08:15","2025/08/11",1,1,7,NA,"PICO","D","LBS",31.5,16.2,NA,NA,NA,"","No","","",NA,NA,NA,NA,NA,NA,"2025/10/22","True",0.032,0.032,15,"AGJ, CAF","ARL",NA,NA,NA,NA,"NPS\cfossum","9/8/2025 3:50:37 PM","NPS\alightcap","9/25/2025 10:57:21 PM"
"134","2025/10/22","FPICO1T08:15","2025/08/11",1,1,8,NA,"PICO","D","LBS",27.3,15.2,NA,NA,NA,"","No","","",NA,NA,NA,NA,NA,NA,"2025/10/22","True",0.032,0.032,15,"AGJ, CAF","ARL",NA,NA,NA,NA,"NPS\cfossum","9/8/2025 3:50:37 PM","NPS\alightcap","9/25/2025 10:57:21 PM"
"135","2025/10/22","FPICO1T08:15","2025/08/11",1,2,9,NA,"PICO","D","RS",30.1,17.3,NA,NA,NA,"","No","","",NA,NA,NA,NA,NA,NA,"2025/10/22","True",0.032,0.032,15,"AGJ, CAF","ARL",NA,NA,NA,NA,"NPS\cfossum","9/8/2025 3:50:37 PM","NPS\alightcap","9/25/2025 10:57:21 PM"
"136","2025/10/22","FPICO1T08:15","2025/08/11",1,2,23,NA,"PICO","L","SC",12,NA,NA,NA,NA,"","No","INSE","",NA,NA,NA,NA,NA,NA,"2025/10/22","True",0.032,0.032,15,"AGJ, CAF","ARL",NA,NA,NA,NA,"NPS\cfossum","9/8/2025 3:50:37 PM","NPS\alightcap","9/25/2025 10:57:21 PM"
"137","2025/10/22","FPICO1T08:15","2025/08/11",1,2,10,NA,"PICO","D","RS",14.8,NA,NA,NA,NA,"","No","","",NA,NA,NA,NA,NA,NA,"2025/10/22","True",0.032,0.032,15,"AGJ, CAF","ARL",NA,NA,NA,NA,"NPS\cfossum","9/8/2025 3:50:37 PM","NPS\alightcap","9/25/2025 10:57:21 PM"
"138","2025/10/22","FPICO1T08:15","2025/08/11",1,2,11,NA,"PICO","D","LBS",21.5,7.6,NA,NA,NA,"","No","","",NA,NA,NA,NA,NA,NA,"2025/10/22","True",0.032,0.032,15,"AGJ, CAF","ARL",NA,NA,NA,NA,"NPS\cfossum","9/8/2025 3:50:37 PM","NPS\alightcap","9/25/2025 10:57:21 PM"
"139","2025/10/22","FPICO1T08:15","2025/08/11",1,2,12,NA,"PICO","D","LBS",19.8,14.4,NA,NA,NA,"","No","","",NA,NA,NA,NA,NA,NA,"2025/10/22","True",0.032,0.032,15,"AGJ, CAF","ARL",NA,NA,NA,NA,"NPS\cfossum","9/8/2025 3:50:37 PM","NPS\alightcap","9/25/2025 10:57:21 PM"
"140","2025/10/22","FPICO1T08:15","2025/08/11",1,2,13,NA,"PICO","D","LBS",15.7,10.7,NA,NA,NA,"","No","","",NA,NA,NA,NA,NA,NA,"2025/10/22","True",0.032,0.032,15,"AGJ, CAF","ARL",NA,NA,NA,NA,"NPS\cfossum","9/8/2025 3:50:37 PM","NPS\alightcap","9/25/2025 10:57:21 PM"
"141","2025/10/22","FPICO1T08:15","2025/08/11",1,2,24,NA,"PICO","L","SC",11.6,NA,NA,NA,NA,"","No","MAMM","",NA,NA,NA,NA,NA,NA,"2025/10/22","True",0.032,0.032,15,"AGJ, CAF","ARL",NA,NA,NA,NA,"NPS\cfossum","9/8/2025 3:50:37 PM","NPS\alightcap","9/25/2025 10:57:21 PM"
"142","2025/10/22","FPICO1T08:15","2025/08/11",1,2,14,NA,"PICO","D","LBS",21,15.8,NA,NA,NA,"","No","","",NA,NA,NA,NA,NA,NA,"2025/10/22","True",0.032,0.032,15,"AGJ, CAF","ARL",NA,NA,NA,NA,"NPS\cfossum","9/8/2025 3:50:37 PM","NPS\alightcap","9/25/2025 10:57:21 PM"
"143","2025/10/22","FPICO1T08:15","2025/08/11",1,2,15,NA,"PICO","D","RS",8.6,NA,NA,NA,NA,"","No","","",NA,NA,NA,NA,NA,NA,"2025/10/22","True",0.032,0.032,15,"AGJ, CAF","ARL",NA,NA,NA,NA,"NPS\cfossum","9/8/2025 3:50:37 PM","NPS\alightcap","9/25/2025 10:57:21 PM"
"144","2025/10/22","FPICO1T08:15","2025/08/11",1,2,25,NA,"PICO","L","SC",15.1,9.6,NA,1.5,NA,"","No","","",NA,NA,NA,NA,NA,NA,"2025/10/22","True",0.032,0.032,15,"AGJ, CAF","ARL",NA,NA,NA,NA,"NPS\cfossum","9/8/2025 3:50:37 PM","NPS\alightcap","9/25/2025 10:57:21 PM"
"145","2025/10/22","FPICO1T08:15","2025/08/11",1,3,16,NA,"PICO","D","LBS",43.1,17.1,NA,NA,NA,"","No","","",NA,NA,NA,NA,NA,NA,"2025/10/22","True",0.032,0.032,15,"AGJ, CAF","ARL",NA,NA,NA,NA,"NPS\cfossum","9/8/2025 3:50:37 PM","NPS\alightcap","9/25/2025 10:57:21 PM"
"146","2025/10/22","FPICO1T08:15","2025/08/11",1,3,99,NA,"PICO","D","LBS",24.1,14.1,NA,NA,NA,"","No","","",NA,NA,NA,NA,NA,NA,"2025/10/22","True",0.032,0.032,15,"AGJ, CAF","ARL",NA,NA,NA,NA,"NPS\cfossum","9/8/2025 3:50:37 PM","NPS\alightcap","9/25/2025 10:57:21 PM"
"147","2025/10/22","FPICO1T08:15","2025/08/11",1,3,18,NA,"PICO","D","LBS",14.2,NA,NA,NA,NA,"","No","","",NA,NA,NA,NA,NA,NA,"2025/10/22","True",0.032,0.032,15,"AGJ, CAF","ARL",NA,NA,NA,NA,"NPS\cfossum","9/8/2025 3:50:37 PM","NPS\alightcap","9/25/2025 10:57:21 PM"
"148","2025/10/22","FPICO1T08:15","2025/08/11",1,3,97,NA,"PICO","D","LBS",18.6,12.7,NA,NA,NA,"","No","","",NA,NA,NA,NA,NA,NA,"2025/10/22","True",0.032,0.032,15,"AGJ, CAF","ARL",NA,NA,NA,NA,"NPS\cfossum","9/8/2025 3:50:37 PM","NPS\alightcap","9/25/2025 10:57:21 PM"
"149","2025/10/22","FPICO1T08:15","2025/08/11",1,3,98,NA,"PICO","D","LBS",21,19.2,NA,NA,NA,"","No","","",NA,NA,NA,NA,NA,NA,"2025/10/22","True",0.032,0.032,15,"AGJ, CAF","ARL",NA,NA,NA,NA,"NPS\cfossum","9/8/2025 3:50:37 PM","NPS\alightcap","9/25/2025 10:57:21 PM"
"150","2025/10/22","FPICO1T08:15","2025/08/11",1,3,21,NA,"PICO","D","LBS",14.4,NA,NA,NA,NA,"","No","","",NA,NA,NA,NA,NA,NA,"2025/10/22","True",0.032,0.032,15,"AGJ, CAF","ARL",NA,NA,NA,NA,"NPS\cfossum","9/8/2025 3:50:37 PM","NPS\alightcap","9/25/2025 10:57:21 PM"
"151","2025/10/22","FPICO1T08:15","2025/08/11",1,4,26,NA,"PICO","L","I",22.8,18.8,NA,6,NA,"","No","","",NA,NA,NA,NA,NA,NA,"2025/10/22","True",0.032,0.032,15,"AGJ, CAF","ARL",NA,NA,NA,NA,"NPS\cfossum","9/8/2025 3:50:37 PM","NPS\alightcap","9/25/2025 10:57:21 PM"
"152","2025/10/22","FPICO1T08:15","2025/08/11",1,4,22,NA,"PICO","L","I",16.5,6,NA,NA,NA,"","No","LEAN","ROOT",NA,NA,NA,NA,NA,NA,"2025/10/22","True",0.032,0.032,15,"AGJ, CAF","ARL",NA,NA,NA,NA,"NPS\cfossum","9/8/2025 3:50:37 PM","NPS\alightcap","9/25/2025 10:57:21 PM"
"153","2025/10/22","FPICO1T08:15","2025/08/11",1,4,23,NA,"PICO","D","LBS",25.3,17.8,NA,NA,NA,"","No","","",NA,NA,NA,NA,NA,NA,"2025/10/22","True",0.032,0.032,15,"AGJ, CAF","ARL",NA,NA,NA,NA,"NPS\cfossum","9/8/2025 3:50:37 PM","NPS\alightcap","9/25/2025 10:57:21 PM"
"154","2025/10/22","FPICO1T08:15","2025/08/11",1,4,24,NA,"PICO","D","LBS",5.8,NA,NA,NA,NA,"","No","","",NA,NA,NA,NA,NA,NA,"2025/10/22","True",0.032,0.032,15,"AGJ, CAF","ARL",NA,NA,NA,NA,"NPS\cfossum","9/8/2025 3:50:37 PM","NPS\alightcap","9/25/2025 10:57:21 PM"
"155","2025/10/22","FPICO1T08:15","2025/08/11",1,4,25,NA,"PICO","D","LBS",22.2,12.2,NA,NA,NA,"","No","","",NA,NA,NA,NA,NA,NA,"2025/10/22","True",0.032,0.032,15,"AGJ, CAF","ARL",NA,NA,NA,NA,"NPS\cfossum","9/8/2025 3:50:37 PM","NPS\alightcap","9/25/2025 10:57:21 PM"
"156","2025/10/22","FPICO1T08:15","2025/08/11",1,4,29,NA,"PICO","L","SC",15.2,7,NA,3.5,NA,"","No","","",NA,NA,NA,NA,NA,NA,"2025/10/22","True",0.032,0.032,15,"AGJ, CAF","ARL",NA,NA,NA,NA,"NPS\cfossum","9/8/2025 3:50:37 PM","NPS\alightcap","9/25/2025 10:57:21 PM"
"157","2025/10/22","FPICO1T08:15","2025/08/11",1,4,30,NA,"PICO","L","SC",11.3,NA,NA,NA,NA,"","No","","",NA,NA,NA,NA,NA,NA,"2025/10/22","True",0.032,0.032,15,"AGJ, CAF","ARL",NA,NA,NA,NA,"NPS\cfossum","9/8/2025 3:50:37 PM","NPS\alightcap","9/25/2025 10:57:21 PM"
"158","2025/10/22","FPICO1T08:15","2025/08/11",1,4,31,NA,"PICO","L","SC",10.3,NA,NA,NA,NA,"","No","","",NA,NA,NA,NA,NA,NA,"2025/10/22","True",0.032,0.032,15,"AGJ, CAF","ARL",NA,NA,NA,NA,"NPS\cfossum","9/8/2025 3:50:37 PM","NPS\alightcap","9/25/2025 10:57:21 PM"
"159","2025/10/22","FPICO1T08:15","2025/08/11",1,4,100,NA,"PICO","D","LBS",30.4,15.7,NA,NA,NA,"","No","","",NA,NA,NA,NA,NA,NA,"2025/10/22","True",0.032,0.032,15,"AGJ, CAF","ARL",NA,NA,NA,NA,"NPS\cfossum","9/8/2025 3:50:37 PM","NPS\alightcap","9/25/2025 10:57:21 PM"
"160","2025/10/22","FPICO1T08:15","2025/08/11",1,4,101,NA,"PICO","D","LBS",14.9,NA,NA,NA,NA,"","No","","",NA,NA,NA,NA,NA,NA,"2025/10/22","True",0.032,0.032,15,"AGJ, CAF","ARL",NA,NA,NA,NA,"NPS\cfossum","9/8/2025 3:50:37 PM","NPS\alightcap","9/25/2025 10:57:21 PM"
"161","2025/10/22","FPICO1T08:15","2025/08/11",1,4,102,NA,"PICO","D","LBS",12.3,NA,NA,NA,NA,"","No","","",NA,NA,NA,NA,NA,NA,"2025/10/22","True",0.032,0.032,15,"AGJ, CAF","ARL",NA,NA,NA,NA,"NPS\cfossum","9/8/2025 3:50:37 PM","NPS\alightcap","9/25/2025 10:57:21 PM"
"162","2025/10/22","FPICO1T08:16","2025/08/07",1,1,100,NA,"ABLA","D","LBS",37.9,20.4,NA,NA,NA,"","No","FIRE",NA,NA,NA,NA,NA,NA,NA,"2025/10/22","True",0.032,0.032,15,"ARL, CAF, AGJ","ARL",NA,NA,NA,NA,"NPS\cfossum","9/8/2025 3:51:46 PM","NPS\alightcap","9/25/2025 11:22:47 PM"
"163","2025/10/22","FPICO1T08:16","2025/08/07",1,1,2,NA,"PICO","D","CS",5,NA,NA,NA,NA,"","No","FIRE",NA,NA,NA,NA,NA,NA,NA,"2025/10/22","True",0.032,0.032,15,"ARL, CAF, AGJ","ARL",NA,NA,NA,NA,"NPS\cfossum","9/8/2025 3:51:46 PM","NPS\alightcap","9/25/2025 11:22:47 PM"
"164","2025/10/22","FPICO1T08:16","2025/08/07",1,2,3,NA,"PICO","D","BAD",12.8,NA,NA,NA,NA,"","No","FIRE",NA,NA,NA,NA,NA,NA,NA,"2025/10/22","True",0.032,0.032,15,"ARL, CAF, AGJ","ARL",NA,NA,NA,NA,"NPS\cfossum","9/8/2025 3:51:46 PM","NPS\alightcap","9/25/2025 11:22:47 PM"
"165","2025/10/22","FPICO1T08:16","2025/08/07",1,2,4,NA,"PICO","D","CS",4,NA,NA,NA,NA,"","No","FIRE",NA,NA,NA,NA,NA,NA,NA,"2025/10/22","True",0.032,0.032,15,"ARL, CAF, AGJ","ARL",NA,NA,NA,NA,"NPS\cfossum","9/8/2025 3:51:46 PM","NPS\alightcap","9/25/2025 11:22:47 PM"
"166","2025/10/22","FPICO1T08:16","2025/08/07",1,2,5,NA,"PICO","D","BAD",5.7,NA,NA,NA,NA,"","No","FIRE",NA,NA,NA,NA,NA,NA,NA,"2025/10/22","True",0.032,0.032,15,"ARL, CAF, AGJ","ARL",NA,NA,NA,NA,"NPS\cfossum","9/8/2025 3:51:46 PM","NPS\alightcap","9/25/2025 11:22:47 PM"
"167","2025/10/22","FPICO1T08:16","2025/08/07",1,2,6,NA,"PICO","D","CS",8.2,NA,NA,NA,NA,"","No","FIRE",NA,NA,NA,NA,NA,NA,NA,"2025/10/22","True",0.032,0.032,15,"ARL, CAF, AGJ","ARL",NA,NA,NA,NA,"NPS\cfossum","9/8/2025 3:51:46 PM","NPS\alightcap","9/25/2025 11:22:47 PM"
"168","2025/10/22","FPICO1T08:16","2025/08/07",1,2,7,NA,"PICO","D","CS",8.7,NA,NA,NA,NA,"","No","FIRE",NA,NA,NA,NA,NA,NA,NA,"2025/10/22","True",0.032,0.032,15,"ARL, CAF, AGJ","ARL",NA,NA,NA,NA,"NPS\cfossum","9/8/2025 3:51:46 PM","NPS\alightcap","9/25/2025 11:22:47 PM"
"169","2025/10/22","FPICO1T08:19","2025/08/11",1,1,26,NA,"PIEN","D","LBS",43.5,15.3,NA,NA,NA,"","No","","",NA,NA,NA,NA,NA,NA,"2025/10/22","True",0.032,0.032,15,"CAF, AGJ","ARL",NA,NA,NA,NA,"NPS\cfossum","9/8/2025 3:53:10 PM","NPS\alightcap","9/29/2025 7:57:24 PM"
"170","2025/10/22","FPICO1T08:19","2025/08/11",1,1,24,NA,"PICO","D","LBS",30.8,18.5,NA,NA,NA,"","No","","",NA,NA,NA,NA,NA,NA,"2025/10/22","True",0.032,0.032,15,"CAF, AGJ","ARL",NA,NA,NA,NA,"NPS\cfossum","9/8/2025 3:53:10 PM","NPS\alightcap","9/29/2025 7:57:24 PM"
"171","2025/10/22","FPICO1T08:19","2025/08/11",1,1,3,NA,"PICO","D","LBS",26,9.5,NA,NA,NA,"","No","LEAN","ROOT",NA,NA,NA,NA,NA,NA,"2025/10/22","True",0.032,0.032,15,"CAF, AGJ","ARL",NA,NA,NA,NA,"NPS\cfossum","9/8/2025 3:53:10 PM","NPS\alightcap","9/29/2025 7:57:24 PM"
"172","2025/10/22","FPICO1T08:19","2025/08/11",1,1,4,NA,"PICO","D","LBS",22.4,16.3,NA,NA,NA,"","No","","",NA,NA,NA,NA,NA,NA,"2025/10/22","True",0.032,0.032,15,"CAF, AGJ","ARL",NA,NA,NA,NA,"NPS\cfossum","9/8/2025 3:53:10 PM","NPS\alightcap","9/29/2025 7:57:24 PM"
"173","2025/10/22","FPICO1T08:19","2025/08/11",1,1,23,NA,"PICO","D","LBS",27.2,15.3,NA,NA,NA,"","No","","",NA,NA,NA,NA,NA,NA,"2025/10/22","True",0.032,0.032,15,"CAF, AGJ","ARL",NA,NA,NA,NA,"NPS\cfossum","9/8/2025 3:53:10 PM","NPS\alightcap","9/29/2025 7:57:24 PM"
"174","2025/10/22","FPICO1T08:19","2025/08/11",1,1,57,NA,"ABLA","L","SC",6.9,NA,NA,NA,NA,"","No","ABGR","TWIN",NA,NA,NA,NA,NA,NA,"2025/10/22","True",0.032,0.032,15,"CAF, AGJ","ARL",NA,NA,NA,NA,"NPS\cfossum","9/8/2025 3:53:10 PM","NPS\alightcap","9/29/2025 7:57:24 PM"
"175","2025/10/22","FPICO1T08:19","2025/08/11",1,1,58,NA,"ABLA","L","SC",5.5,NA,NA,NA,NA,"","No","ABGR","TWIN",NA,NA,NA,NA,NA,NA,"2025/10/22","True",0.032,0.032,15,"CAF, AGJ","ARL",NA,NA,NA,NA,"NPS\cfossum","9/8/2025 3:53:10 PM","NPS\alightcap","9/29/2025 7:57:24 PM"
"176","2025/10/22","FPICO1T08:19","2025/08/11",1,2,6,NA,"PICO","D","LBS",27.6,6.5,NA,NA,NA,"","No","LEAN","",NA,NA,NA,NA,NA,NA,"2025/10/22","True",0.032,0.032,15,"CAF, AGJ","ARL",NA,NA,NA,NA,"NPS\cfossum","9/8/2025 3:53:10 PM","NPS\alightcap","9/29/2025 7:57:24 PM"
"177","2025/10/22","FPICO1T08:19","2025/08/11",1,2,59,NA,"PICO","L","I",16,9.8,NA,4.2,NA,"","No","","",NA,NA,NA,NA,NA,NA,"2025/10/22","True",0.032,0.032,15,"CAF, AGJ","ARL",NA,NA,NA,NA,"NPS\cfossum","9/8/2025 3:53:10 PM","NPS\alightcap","9/29/2025 7:57:24 PM"
"178","2025/10/22","FPICO1T08:19","2025/08/11",1,2,60,NA,"PICO","L","I",16.7,10.4,NA,1.4,NA,"","No","","",NA,NA,NA,NA,NA,NA,"2025/10/22","True",0.032,0.032,15,"CAF, AGJ","ARL",NA,NA,NA,NA,"NPS\cfossum","9/8/2025 3:53:10 PM","NPS\alightcap","9/29/2025 7:57:24 PM"
"179","2025/10/22","FPICO1T08:19","2025/08/11",1,2,61,NA,"PICO","L","SC",7.3,NA,NA,NA,NA,"","No","","",NA,NA,NA,NA,NA,NA,"2025/10/22","True",0.032,0.032,15,"CAF, AGJ","ARL",NA,NA,NA,NA,"NPS\cfossum","9/8/2025 3:53:10 PM","NPS\alightcap","9/29/2025 7:57:24 PM"
"180","2025/10/22","FPICO1T08:19","2025/08/11",1,2,62,NA,"PICO","L","SC",11.2,NA,NA,NA,NA,"","No","","",NA,NA,NA,NA,NA,NA,"2025/10/22","True",0.032,0.032,15,"CAF, AGJ","ARL",NA,NA,NA,NA,"NPS\cfossum","9/8/2025 3:53:10 PM","NPS\alightcap","9/29/2025 7:57:24 PM"
"181","2025/10/22","FPICO1T08:19","2025/08/11",1,2,63,NA,"ABLA","L","I",24.6,12.4,NA,0,NA,"","No","","",NA,NA,NA,NA,NA,NA,"2025/10/22","True",0.032,0.032,15,"CAF, AGJ","ARL",NA,NA,NA,NA,"NPS\cfossum","9/8/2025 3:53:10 PM","NPS\alightcap","9/29/2025 7:57:24 PM"
"182","2025/10/22","FPICO1T08:19","2025/08/11",1,2,7,NA,"PICO","D","LBS",37.9,15.2,NA,NA,NA,"","No","","",NA,NA,NA,NA,NA,NA,"2025/10/22","True",0.032,0.032,15,"CAF, AGJ","ARL",NA,NA,NA,NA,"NPS\cfossum","9/8/2025 3:53:10 PM","NPS\alightcap","9/29/2025 7:57:24 PM"
"183","2025/10/22","FPICO1T08:19","2025/08/11",1,3,8,NA,"PICO","D","RS",46.4,16.5,NA,NA,NA,"","No","","",NA,NA,NA,NA,NA,NA,"2025/10/22","True",0.032,0.032,15,"CAF, AGJ","ARL",NA,NA,NA,NA,"NPS\cfossum","9/8/2025 3:53:10 PM","NPS\alightcap","9/29/2025 7:57:24 PM"
"184","2025/10/22","FPICO1T08:19","2025/08/11",1,3,9,NA,"PICO","D","LBS",31.5,16.8,NA,NA,NA,"","No","","",NA,NA,NA,NA,NA,NA,"2025/10/22","True",0.032,0.032,15,"CAF, AGJ","ARL",NA,NA,NA,NA,"NPS\cfossum","9/8/2025 3:53:10 PM","NPS\alightcap","9/29/2025 7:57:24 PM"
"185","2025/10/22","FPICO1T08:19","2025/08/11",1,3,10,NA,"PICO","D","CS",18.7,11,NA,NA,NA,"","No","","",NA,NA,NA,NA,NA,NA,"2025/10/22","True",0.032,0.032,15,"CAF, AGJ","ARL",NA,NA,NA,NA,"NPS\cfossum","9/8/2025 3:53:10 PM","NPS\alightcap","9/29/2025 7:57:24 PM"
"186","2025/10/22","FPICO1T08:19","2025/08/11",1,3,22,NA,"ABLA","L","I",30.6,16.6,NA,0,NA,"","No","","",NA,NA,NA,NA,NA,NA,"2025/10/22","True",0.032,0.032,15,"CAF, AGJ","ARL",NA,NA,NA,NA,"NPS\cfossum","9/8/2025 3:53:10 PM","NPS\alightcap","9/29/2025 7:57:24 PM"
"187","2025/10/22","FPICO1T08:19","2025/08/11",1,3,11,NA,"PICO","D","LBS",13.1,NA,NA,NA,NA,"","No","","",NA,NA,NA,NA,NA,NA,"2025/10/22","True",0.032,0.032,15,"CAF, AGJ","ARL",NA,NA,NA,NA,"NPS\cfossum","9/8/2025 3:53:10 PM","NPS\alightcap","9/29/2025 7:57:24 PM"
"188","2025/10/22","FPICO1T08:19","2025/08/11",1,3,12,NA,"PICO","D","LBS",8.1,NA,NA,NA,NA,"","No","","",NA,NA,NA,NA,NA,NA,"2025/10/22","True",0.032,0.032,15,"CAF, AGJ","ARL",NA,NA,NA,NA,"NPS\cfossum","9/8/2025 3:53:10 PM","NPS\alightcap","9/29/2025 7:57:24 PM"
"189","2025/10/22","FPICO1T08:19","2025/08/11",1,3,20,NA,"PICO","L","SC",18.8,6.8,NA,5.5,NA,"","No","","",NA,NA,NA,NA,NA,NA,"2025/10/22","True",0.032,0.032,15,"CAF, AGJ","ARL",NA,NA,NA,NA,"NPS\cfossum","9/8/2025 3:53:10 PM","NPS\alightcap","9/29/2025 7:57:24 PM"
"190","2025/10/22","FPICO1T08:19","2025/08/11",1,4,19,NA,"ABLA","D","LBS",36.1,17,NA,NA,NA,"","No","","",NA,NA,NA,NA,NA,NA,"2025/10/22","True",0.032,0.032,15,"CAF, AGJ","ARL",NA,NA,NA,NA,"NPS\cfossum","9/8/2025 3:53:10 PM","NPS\alightcap","9/29/2025 7:57:24 PM"
"191","2025/10/22","FPICO1T08:19","2025/08/11",1,4,18,NA,"PICO","D","LBS",54,17.9,NA,NA,NA,"","No","","",NA,NA,NA,NA,NA,NA,"2025/10/22","True",0.032,0.032,15,"CAF, AGJ","ARL",NA,NA,NA,NA,"NPS\cfossum","9/8/2025 3:53:10 PM","NPS\alightcap","9/29/2025 7:57:24 PM"
"192","2025/10/22","FPICO1T08:20","2025/08/11",1,1,1,NA,"PICO","D","CS",22.5,19.8,NA,NA,NA,"","No","FIRE",NA,NA,NA,NA,NA,NA,NA,"2025/10/22","True",0.032,0.032,15,"AGJ, CAF","ARL",NA,NA,NA,NA,"NPS\cfossum","9/8/2025 3:54:27 PM","NPS\alightcap","9/29/2025 8:57:33 PM"
"193","2025/10/22","FPICO1T08:20","2025/08/11",1,1,2,NA,"PICO","D","CS",13.7,NA,NA,NA,NA,"","No","FIRE",NA,NA,NA,NA,NA,NA,NA,"2025/10/22","True",0.032,0.032,15,"AGJ, CAF","ARL",NA,NA,NA,NA,"NPS\cfossum","9/8/2025 3:54:27 PM","NPS\alightcap","9/29/2025 8:57:33 PM"
"194","2025/10/22","FPICO1T08:20","2025/08/11",1,1,3,NA,"PICO","D","CS",17.1,10.5,NA,NA,NA,"","No","FIRE",NA,NA,NA,NA,NA,NA,NA,"2025/10/22","True",0.032,0.032,15,"AGJ, CAF","ARL",NA,NA,NA,NA,"NPS\cfossum","9/8/2025 3:54:27 PM","NPS\alightcap","9/29/2025 8:57:33 PM"
"195","2025/10/22","FPICO1T08:20","2025/08/11",1,1,4,NA,"PICO","D","CS",21.6,10.4,NA,NA,NA,"","No","FIRE",NA,NA,NA,NA,NA,NA,NA,"2025/10/22","True",0.032,0.032,15,"AGJ, CAF","ARL",NA,NA,NA,NA,"NPS\cfossum","9/8/2025 3:54:27 PM","NPS\alightcap","9/29/2025 8:57:33 PM"
"196","2025/10/22","FPICO1T08:20","2025/08/11",1,1,5,NA,"PICO","D","BAD",17.2,12.4,NA,NA,NA,"","No","FIRE",NA,NA,NA,NA,NA,NA,NA,"2025/10/22","True",0.032,0.032,15,"AGJ, CAF","ARL",NA,NA,NA,NA,"NPS\cfossum","9/8/2025 3:54:27 PM","NPS\alightcap","9/29/2025 8:57:33 PM"
"197","2025/10/22","FPICO1T08:20","2025/08/11",1,1,6,NA,"PICO","D","BAD",22.8,12,NA,NA,NA,"","No","FIRE",NA,NA,NA,NA,NA,NA,NA,"2025/10/22","True",0.032,0.032,15,"AGJ, CAF","ARL",NA,NA,NA,NA,"NPS\cfossum","9/8/2025 3:54:27 PM","NPS\alightcap","9/29/2025 8:57:33 PM"
"198","2025/10/22","FPICO1T08:20","2025/08/11",1,1,7,NA,"PICO","D","CS",8,NA,NA,NA,NA,"","No","FIRE",NA,NA,NA,NA,NA,NA,NA,"2025/10/22","True",0.032,0.032,15,"AGJ, CAF","ARL",NA,NA,NA,NA,"NPS\cfossum","9/8/2025 3:54:27 PM","NPS\alightcap","9/29/2025 8:57:33 PM"
"199","2025/10/22","FPICO1T08:20","2025/08/11",1,2,8,NA,"PICO","D","CS",7.8,NA,NA,NA,NA,"","No","FIRE",NA,NA,NA,NA,NA,NA,NA,"2025/10/22","True",0.032,0.032,15,"AGJ, CAF","ARL",NA,NA,NA,NA,"NPS\cfossum","9/8/2025 3:54:27 PM","NPS\alightcap","9/29/2025 8:57:33 PM"
"200","2025/10/22","FPICO1T08:20","2025/08/11",1,2,9,NA,"PICO","D","BAD",29.5,10.3,NA,NA,NA,"","No","FIRE",NA,NA,NA,NA,NA,NA,NA,"2025/10/22","True",0.032,0.032,15,"AGJ, CAF","ARL",NA,NA,NA,NA,"NPS\cfossum","9/8/2025 3:54:27 PM","NPS\alightcap","9/29/2025 8:57:33 PM"
"201","2025/10/22","FPICO1T08:20","2025/08/11",1,2,10,NA,"PICO","D","CS",7.9,NA,NA,NA,NA,"","No","FIRE",NA,NA,NA,NA,NA,NA,NA,"2025/10/22","True",0.032,0.032,15,"AGJ, CAF","ARL",NA,NA,NA,NA,"NPS\cfossum","9/8/2025 3:54:27 PM","NPS\alightcap","9/29/2025 8:57:33 PM"
"202","2025/10/22","FPICO1T08:20","2025/08/11",1,2,11,NA,"PICO","D","CS",11.4,NA,NA,NA,NA,"","No","FIRE",NA,NA,NA,NA,NA,NA,NA,"2025/10/22","True",0.032,0.032,15,"AGJ, CAF","ARL",NA,NA,NA,NA,"NPS\cfossum","9/8/2025 3:54:27 PM","NPS\alightcap","9/29/2025 8:57:33 PM"
"203","2025/10/22","FPICO1T08:20","2025/08/11",1,2,12,NA,"PICO","D","CS",7.9,NA,NA,NA,NA,"","No","FIRE",NA,NA,NA,NA,NA,NA,NA,"2025/10/22","True",0.032,0.032,15,"AGJ, CAF","ARL",NA,NA,NA,NA,"NPS\cfossum","9/8/2025 3:54:27 PM","NPS\alightcap","9/29/2025 8:57:33 PM"
"204","2025/10/22","FPICO1T08:20","2025/08/11",1,2,13,NA,"PICO","D","CS",12.1,NA,NA,NA,NA,"","No","FIRE",NA,NA,NA,NA,NA,NA,NA,"2025/10/22","True",0.032,0.032,15,"AGJ, CAF","ARL",NA,NA,NA,NA,"NPS\cfossum","9/8/2025 3:54:27 PM","NPS\alightcap","9/29/2025 8:57:33 PM"
"205","2025/10/22","FPICO1T08:20","2025/08/11",1,2,14,NA,"PICO","D","CS",10,NA,NA,NA,NA,"","No","FIRE",NA,NA,NA,NA,NA,NA,NA,"2025/10/22","True",0.032,0.032,15,"AGJ, CAF","ARL",NA,NA,NA,NA,"NPS\cfossum","9/8/2025 3:54:27 PM","NPS\alightcap","9/29/2025 8:57:33 PM"
"206","2025/10/22","FPICO1T08:20","2025/08/11",1,4,15,NA,"PICO","D","CS",11.7,NA,NA,NA,NA,"","No","FIRE",NA,NA,NA,NA,NA,NA,NA,"2025/10/22","True",0.032,0.032,15,"AGJ, CAF","ARL",NA,NA,NA,NA,"NPS\cfossum","9/8/2025 3:54:27 PM","NPS\alightcap","9/29/2025 8:57:33 PM"
"207","2025/10/22","FPICO1T08:20","2025/08/11",1,4,16,NA,"PICO","D","BAD",13.6,NA,NA,NA,NA,"","No","FIRE",NA,NA,NA,NA,NA,NA,NA,"2025/10/22","True",0.032,0.032,15,"AGJ, CAF","ARL",NA,NA,NA,NA,"NPS\cfossum","9/8/2025 3:54:27 PM","NPS\alightcap","9/29/2025 8:57:33 PM"
"208","2025/10/22","FPICO1T08:20","2025/08/11",1,4,17,NA,"PICO","D","CS",29.3,14,NA,NA,NA,"","No","FIRE",NA,NA,NA,NA,NA,NA,NA,"2025/10/22","True",0.032,0.032,15,"AGJ, CAF","ARL",NA,NA,NA,NA,"NPS\cfossum","9/8/2025 3:54:27 PM","NPS\alightcap","9/29/2025 8:57:33 PM"
"209","2025/10/22","FPICO1T08:20","2025/08/11",1,4,18,NA,"PICO","D","BBD",NA,NA,NA,NA,NA,"","No","FIRE",NA,NA,NA,NA,NA,NA,NA,"2025/10/22","True",0.032,0.032,15,"AGJ, CAF","ARL",NA,NA,NA,NA,"NPS\cfossum","9/8/2025 3:54:27 PM","NPS\alightcap","9/29/2025 8:57:33 PM"
"210","2025/10/22","FPICO1T08:21","2025/09/02",1,1,1,NA,"PICO","D","RS",26,16.8,NA,NA,NA,"","No","",NA,NA,NA,NA,NA,NA,NA,"2025/10/22","True",0.032,0.032,15,"ARL, CAF","ARL",NA,NA,NA,NA,"NPS\cfossum","9/8/2025 3:55:43 PM","NPS\alightcap","9/29/2025 9:49:18 PM"
"211","2025/10/22","FPICO1T08:21","2025/09/02",1,1,2,NA,"PICO","D","LBS",33.3,17.2,NA,NA,NA,"","No","FORK",NA,NA,NA,NA,NA,NA,NA,"2025/10/22","True",0.032,0.032,15,"ARL, CAF","ARL",NA,NA,NA,NA,"NPS\cfossum","9/8/2025 3:55:43 PM","NPS\alightcap","9/29/2025 9:49:18 PM"
"212","2025/10/22","FPICO1T08:21","2025/09/02",1,1,3,NA,"PICO","D","LBS",20.2,16.7,NA,NA,NA,"","No","FORK",NA,NA,NA,NA,NA,NA,NA,"2025/10/22","True",0.032,0.032,15,"ARL, CAF","ARL",NA,NA,NA,NA,"NPS\cfossum","9/8/2025 3:55:43 PM","NPS\alightcap","9/29/2025 9:49:18 PM"
"213","2025/10/22","FPICO1T08:21","2025/09/02",1,1,4,NA,"ABLA","L","SC",5.5,4.5,NA,NA,NA,"","No","",NA,NA,NA,NA,NA,NA,NA,"2025/10/22","True",0.032,0.032,15,"ARL, CAF","ARL",NA,NA,NA,NA,"NPS\cfossum","9/8/2025 3:55:43 PM","NPS\alightcap","9/29/2025 9:49:18 PM"
"214","2025/10/22","FPICO1T08:21","2025/09/02",1,1,5,NA,"PICO","D","RS",15.9,12.2,NA,NA,NA,"","No","",NA,NA,NA,NA,NA,NA,NA,"2025/10/22","True",0.032,0.032,15,"ARL, CAF","ARL",NA,NA,NA,NA,"NPS\cfossum","9/8/2025 3:55:43 PM","NPS\alightcap","9/29/2025 9:49:18 PM"
"215","2025/10/22","FPICO1T08:21","2025/09/02",1,2,6,NA,"PICO","D","LBS",19.4,16.8,NA,NA,NA,"","No","",NA,NA,NA,NA,NA,NA,NA,"2025/10/22","True",0.032,0.032,15,"ARL, CAF","ARL",NA,NA,NA,NA,"NPS\cfossum","9/8/2025 3:55:43 PM","NPS\alightcap","9/29/2025 9:49:18 PM"
"216","2025/10/22","FPICO1T08:21","2025/09/02",1,2,36,NA,"PICO","D","LBS",24.9,12.3,NA,NA,NA,"","No","",NA,NA,NA,NA,NA,NA,NA,"2025/10/22","True",0.032,0.032,15,"ARL, CAF","ARL",NA,NA,NA,NA,"NPS\cfossum","9/8/2025 3:55:43 PM","NPS\alightcap","9/29/2025 9:49:18 PM"
"217","2025/10/22","FPICO1T08:21","2025/09/02",1,2,30,NA,"PICO","D","LBS",19.5,12.2,NA,NA,NA,"","No","",NA,NA,NA,NA,NA,NA,NA,"2025/10/22","True",0.032,0.032,15,"ARL, CAF","ARL",NA,NA,NA,NA,"NPS\cfossum","9/8/2025 3:55:43 PM","NPS\alightcap","9/29/2025 9:49:18 PM"
"218","2025/10/22","FPICO1T08:21","2025/09/02",1,2,9,NA,"PICO","D","LBS",13.6,8,NA,NA,NA,"","No","",NA,NA,NA,NA,NA,NA,NA,"2025/10/22","True",0.032,0.032,15,"ARL, CAF","ARL",NA,NA,NA,NA,"NPS\cfossum","9/8/2025 3:55:43 PM","NPS\alightcap","9/29/2025 9:49:18 PM"
"219","2025/10/22","FPICO1T08:21","2025/09/02",1,2,10,NA,"PICO","D","RS",28.4,12.5,NA,NA,NA,"","No","LEAN",NA,NA,NA,NA,NA,NA,NA,"2025/10/22","True",0.032,0.032,15,"ARL, CAF","ARL",NA,NA,NA,NA,"NPS\cfossum","9/8/2025 3:55:43 PM","NPS\alightcap","9/29/2025 9:49:18 PM"
"220","2025/10/22","FPICO1T08:21","2025/09/02",1,2,11,NA,"PICO","D","LBS",16.9,12.3,NA,NA,NA,"","No","",NA,NA,NA,NA,NA,NA,NA,"2025/10/22","True",0.032,0.032,15,"ARL, CAF","ARL",NA,NA,NA,NA,"NPS\cfossum","9/8/2025 3:55:43 PM","NPS\alightcap","9/29/2025 9:49:18 PM"
"221","2025/10/22","FPICO1T08:21","2025/09/02",1,2,12,NA,"PICO","D","LBS",26.6,12.2,NA,NA,NA,"","No","",NA,NA,NA,NA,NA,NA,NA,"2025/10/22","True",0.032,0.032,15,"ARL, CAF","ARL",NA,NA,NA,NA,"NPS\cfossum","9/8/2025 3:55:43 PM","NPS\alightcap","9/29/2025 9:49:18 PM"
"222","2025/10/22","FPICO1T08:21","2025/09/02",1,2,33,NA,"PICO","D","LBS",15.5,10.8,NA,NA,NA,"","No","",NA,NA,NA,NA,NA,NA,NA,"2025/10/22","True",0.032,0.032,15,"ARL, CAF","ARL",NA,NA,NA,NA,"NPS\cfossum","9/8/2025 3:55:43 PM","NPS\alightcap","9/29/2025 9:49:18 PM"
"223","2025/10/22","FPICO1T08:21","2025/09/02",1,2,32,NA,"PICO","D","LBS",22.6,10.9,NA,NA,NA,"","No","",NA,NA,NA,NA,NA,NA,NA,"2025/10/22","True",0.032,0.032,15,"ARL, CAF","ARL",NA,NA,NA,NA,"NPS\cfossum","9/8/2025 3:55:43 PM","NPS\alightcap","9/29/2025 9:49:18 PM"
"224","2025/10/22","FPICO1T08:21","2025/09/02",1,2,15,NA,"PICO","D","LBS",15.6,10.5,NA,NA,NA,"","No","",NA,NA,NA,NA,NA,NA,NA,"2025/10/22","True",0.032,0.032,15,"ARL, CAF","ARL",NA,NA,NA,NA,"NPS\cfossum","9/8/2025 3:55:43 PM","NPS\alightcap","9/29/2025 9:49:18 PM"
"225","2025/10/22","FPICO1T08:21","2025/09/02",1,2,35,NA,"PICO","D","LBS",15,10.4,NA,NA,NA,"","No","",NA,NA,NA,NA,NA,NA,NA,"2025/10/22","True",0.032,0.032,15,"ARL, CAF","ARL",NA,NA,NA,NA,"NPS\cfossum","9/8/2025 3:55:43 PM","NPS\alightcap","9/29/2025 9:49:18 PM"
"226","2025/10/22","FPICO1T08:21","2025/09/02",1,3,47,NA,"PICO","L","I",16.3,19.9,NA,17,NA,"","No","",NA,NA,NA,NA,NA,NA,NA,"2025/10/22","True",0.032,0.032,15,"ARL, CAF","ARL",NA,NA,NA,NA,"NPS\cfossum","9/8/2025 3:55:43 PM","NPS\alightcap","9/29/2025 9:49:18 PM"
"227","2025/10/22","FPICO1T08:21","2025/09/02",1,3,18,NA,"PICO","D","LBS",21,21,NA,NA,NA,"","No","",NA,NA,NA,NA,NA,NA,NA,"2025/10/22","True",0.032,0.032,15,"ARL, CAF","ARL",NA,NA,NA,NA,"NPS\cfossum","9/8/2025 3:55:43 PM","NPS\alightcap","9/29/2025 9:49:18 PM"
"228","2025/10/22","FPICO1T08:21","2025/09/02",1,3,19,NA,"PICO","D","LBS",12.7,10.2,NA,NA,NA,"","No","",NA,NA,NA,NA,NA,NA,NA,"2025/10/22","True",0.032,0.032,15,"ARL, CAF","ARL",NA,NA,NA,NA,"NPS\cfossum","9/8/2025 3:55:43 PM","NPS\alightcap","9/29/2025 9:49:18 PM"
"229","2025/10/22","FPICO1T08:21","2025/09/02",1,3,20,NA,"PICO","L","SC",11.5,8.6,NA,NA,NA,"","No","",NA,NA,NA,NA,NA,NA,NA,"2025/10/22","True",0.032,0.032,15,"ARL, CAF","ARL",NA,NA,NA,NA,"NPS\cfossum","9/8/2025 3:55:43 PM","NPS\alightcap","9/29/2025 9:49:18 PM"
"230","2025/10/22","FPICO1T08:21","2025/09/02",1,3,66,NA,"PICO","L","I",26.5,16.2,NA,0,NA,"","No","",NA,NA,NA,NA,NA,NA,NA,"2025/10/22","True",0.032,0.032,15,"ARL, CAF","ARL",NA,NA,NA,NA,"NPS\cfossum","9/8/2025 3:55:43 PM","NPS\alightcap","9/29/2025 9:49:18 PM"
"231","2025/10/22","FPICO1T08:21","2025/09/02",1,3,28,NA,"PIEN","L","I",30,17.2,NA,0.6,NA,"","No","",NA,NA,NA,NA,NA,NA,NA,"2025/10/22","True",0.032,0.032,15,"ARL, CAF","ARL",NA,NA,NA,NA,"NPS\cfossum","9/8/2025 3:55:43 PM","NPS\alightcap","9/29/2025 9:49:18 PM"
"232","2025/10/22","FPICO1T08:21","2025/09/02",1,3,53,NA,"PIEN","L","I",30.5,18,NA,0,NA,"","No","",NA,NA,NA,NA,NA,NA,NA,"2025/10/22","True",0.032,0.032,15,"ARL, CAF","ARL",NA,NA,NA,NA,"NPS\cfossum","9/8/2025 3:55:43 PM","NPS\alightcap","9/29/2025 9:49:18 PM"
"233","2025/10/22","FPICO1T08:21","2025/09/02",1,3,24,NA,"PIEN","D","LBS",22.7,16.5,NA,NA,NA,"","No","",NA,NA,NA,NA,NA,NA,NA,"2025/10/22","True",0.032,0.032,15,"ARL, CAF","ARL",NA,NA,NA,NA,"NPS\cfossum","9/8/2025 3:55:43 PM","NPS\alightcap","9/29/2025 9:49:18 PM"
"234","2025/10/22","FPICO1T08:21","2025/09/02",1,4,25,NA,"PICO","D","LBS",27.7,19.1,NA,NA,NA,"","No","",NA,NA,NA,NA,NA,NA,NA,"2025/10/22","True",0.032,0.032,15,"ARL, CAF","ARL",NA,NA,NA,NA,"NPS\cfossum","9/8/2025 3:55:43 PM","NPS\alightcap","9/29/2025 9:49:18 PM"
"235","2025/10/22","FPICO1T08:21","2025/09/02",1,4,26,NA,"ABLA","L","SC",5.7,NA,NA,NA,NA,"","No","",NA,NA,NA,NA,NA,NA,NA,"2025/10/22","True",0.032,0.032,15,"ARL, CAF","ARL",NA,NA,NA,NA,"NPS\cfossum","9/8/2025 3:55:43 PM","NPS\alightcap","9/29/2025 9:49:18 PM"
"236","2025/10/22","FPICO1T08:21","2025/09/02",1,4,27,NA,"PICO","D","LBS",17.7,14.6,NA,NA,NA,"","No","",NA,NA,NA,NA,NA,NA,NA,"2025/10/22","True",0.032,0.032,15,"ARL, CAF","ARL",NA,NA,NA,NA,"NPS\cfossum","9/8/2025 3:55:43 PM","NPS\alightcap","9/29/2025 9:49:18 PM"
"237","2025/10/22","FPICO1T08:21","2025/09/02",1,4,43,NA,"PICO","L","I",20.9,15.4,NA,8.8,NA,"","No","",NA,NA,NA,NA,NA,NA,NA,"2025/10/22","True",0.032,0.032,15,"ARL, CAF","ARL",NA,NA,NA,NA,"NPS\cfossum","9/8/2025 3:55:43 PM","NPS\alightcap","9/29/2025 9:49:18 PM"
"238","2025/10/22","FPICO1T08:21","2025/09/02",1,4,28,NA,"PICO","D","RS",25.5,18.2,NA,NA,NA,"","No","",NA,NA,NA,NA,NA,NA,NA,"2025/10/22","True",0.032,0.032,15,"ARL, CAF","ARL",NA,NA,NA,NA,"NPS\cfossum","9/8/2025 3:55:43 PM","NPS\alightcap","9/29/2025 9:49:18 PM"
"239","2025/10/22","FPICO1T08:21","2025/09/02",1,4,29,NA,"PICO","D","LBS",27.2,18.2,NA,NA,NA,"","No","MAMM",NA,NA,NA,NA,NA,NA,NA,"2025/10/22","True",0.032,0.032,15,"ARL, CAF","ARL",NA,NA,NA,NA,"NPS\cfossum","9/8/2025 3:55:43 PM","NPS\alightcap","9/29/2025 9:49:18 PM"
"240","2025/10/22","FPICO1T08:21","2025/09/02",1,4,30,NA,"PICO","D","LBS",29.5,17.5,NA,NA,NA,"","No","",NA,NA,NA,NA,NA,NA,NA,"2025/10/22","True",0.032,0.032,15,"ARL, CAF","ARL",NA,NA,NA,NA,"NPS\cfossum","9/8/2025 3:55:43 PM","NPS\alightcap","9/29/2025 9:49:18 PM"
"241","2025/10/22","FPICO1T08:21","2025/09/02",1,4,31,NA,"PICO","D","RS",23.4,17.8,NA,NA,NA,"","No","INSE",NA,NA,NA,NA,NA,NA,NA,"2025/10/22","True",0.032,0.032,15,"ARL, CAF","ARL",NA,NA,NA,NA,"NPS\cfossum","9/8/2025 3:55:43 PM","NPS\alightcap","9/29/2025 9:49:18 PM"
"242","2025/10/22","FPICO1T08:24","2025/08/18",1,1,1,NA,"PICO","D","BAD",23.5,8.5,NA,NA,NA,"","No","",NA,NA,NA,NA,NA,NA,NA,"2025/10/22","True",0.032,0.032,15,"CAF, ARL","ARL",NA,NA,NA,NA,"NPS\cfossum","9/8/2025 3:57:14 PM","NPS\alightcap","10/8/2025 4:34:33 PM"
"243","2025/10/22","FPICO1T08:24","2025/08/18",1,1,2,NA,"PICO","D","RS",22.7,21.1,NA,NA,NA,"","No","",NA,NA,NA,NA,NA,NA,NA,"2025/10/22","True",0.032,0.032,15,"CAF, ARL","ARL",NA,NA,NA,NA,"NPS\cfossum","9/8/2025 3:57:14 PM","NPS\alightcap","10/8/2025 4:34:33 PM"
"244","2025/10/22","FPICO1T08:24","2025/08/18",1,1,3,NA,"PICO","D","CS",10.6,NA,NA,NA,NA,"","No","",NA,NA,NA,NA,NA,NA,NA,"2025/10/22","True",0.032,0.032,15,"CAF, ARL","ARL",NA,NA,NA,NA,"NPS\cfossum","9/8/2025 3:57:14 PM","NPS\alightcap","10/8/2025 4:34:33 PM"
"245","2025/10/22","FPICO1T08:24","2025/08/18",1,1,4,NA,"PICO","D","LBS",24.3,11.8,NA,NA,NA,"","No","",NA,NA,NA,NA,NA,NA,NA,"2025/10/22","True",0.032,0.032,15,"CAF, ARL","ARL",NA,NA,NA,NA,"NPS\cfossum","9/8/2025 3:57:14 PM","NPS\alightcap","10/8/2025 4:34:33 PM"
"246","2025/10/22","FPICO1T08:24","2025/08/18",1,1,5,NA,"PICO","D","LBS",29.4,16.5,NA,NA,NA,"","No","FORK",NA,NA,NA,NA,NA,NA,NA,"2025/10/22","True",0.032,0.032,15,"CAF, ARL","ARL",NA,NA,NA,NA,"NPS\cfossum","9/8/2025 3:57:14 PM","NPS\alightcap","10/8/2025 4:34:33 PM"
"247","2025/10/22","FPICO1T08:24","2025/08/18",1,2,6,NA,"ABLA","L","SC",11.7,NA,NA,NA,NA,"","No","",NA,NA,NA,NA,NA,NA,NA,"2025/10/22","True",0.032,0.032,15,"CAF, ARL","ARL",NA,NA,NA,NA,"NPS\cfossum","9/8/2025 3:57:14 PM","NPS\alightcap","10/8/2025 4:34:33 PM"
"248","2025/10/22","FPICO1T08:24","2025/08/18",1,2,7,NA,"ABLA","L","SC",6,NA,NA,NA,NA,"","No","",NA,NA,NA,NA,NA,NA,NA,"2025/10/22","True",0.032,0.032,15,"CAF, ARL","ARL",NA,NA,NA,NA,"NPS\cfossum","9/8/2025 3:57:14 PM","NPS\alightcap","10/8/2025 4:34:33 PM"
"249","2025/10/22","FPICO1T08:24","2025/08/18",1,2,37,NA,"PIEN","L","I",25.2,13,NA,1.5,NA,"","No","",NA,NA,NA,NA,NA,NA,NA,"2025/10/22","True",0.032,0.032,15,"CAF, ARL","ARL",NA,NA,NA,NA,"NPS\cfossum","9/8/2025 3:57:14 PM","NPS\alightcap","10/8/2025 4:34:33 PM"
"250","2025/10/22","FPICO1T08:24","2025/08/18",1,2,9,NA,"ABLA","L","SC",6.2,NA,NA,NA,NA,"","No","",NA,NA,NA,NA,NA,NA,NA,"2025/10/22","True",0.032,0.032,15,"CAF, ARL","ARL",NA,NA,NA,NA,"NPS\cfossum","9/8/2025 3:57:14 PM","NPS\alightcap","10/8/2025 4:34:33 PM"
"251","2025/10/22","FPICO1T08:24","2025/08/18",1,2,10,NA,"PICO","D","LBS",12.3,NA,NA,NA,NA,"","No","LEAN",NA,NA,NA,NA,NA,NA,NA,"2025/10/22","True",0.032,0.032,15,"CAF, ARL","ARL",NA,NA,NA,NA,"NPS\cfossum","9/8/2025 3:57:14 PM","NPS\alightcap","10/8/2025 4:34:33 PM"
"252","2025/10/22","FPICO1T08:24","2025/08/18",1,2,11,NA,"PICO","D","LBS",27.5,20.6,NA,NA,NA,"","No","",NA,NA,NA,NA,NA,NA,NA,"2025/10/22","True",0.032,0.032,15,"CAF, ARL","ARL",NA,NA,NA,NA,"NPS\cfossum","9/8/2025 3:57:14 PM","NPS\alightcap","10/8/2025 4:34:33 PM"
"253","2025/10/22","FPICO1T08:24","2025/08/18",1,2,38,NA,"PICO","L","I",25.5,15.1,NA,9.3,NA,"","No","",NA,NA,NA,NA,NA,NA,NA,"2025/10/22","True",0.032,0.032,15,"CAF, ARL","ARL",NA,NA,NA,NA,"NPS\cfossum","9/8/2025 3:57:14 PM","NPS\alightcap","10/8/2025 4:34:33 PM"
"254","2025/10/22","FPICO1T08:24","2025/08/18",1,2,13,NA,"PICO","D","CS",13.4,NA,NA,NA,NA,"","No","",NA,NA,NA,NA,NA,NA,NA,"2025/10/22","True",0.032,0.032,15,"CAF, ARL","ARL",NA,NA,NA,NA,"NPS\cfossum","9/8/2025 3:57:14 PM","NPS\alightcap","10/8/2025 4:34:33 PM"
"255","2025/10/22","FPICO1T08:24","2025/08/18",1,2,5,NA,"PICO","L","I",25.4,21.2,NA,9.4,NA,"","No","DTOP",NA,NA,NA,NA,NA,NA,NA,"2025/10/22","True",0.032,0.032,15,"CAF, ARL","ARL",NA,NA,NA,NA,"NPS\cfossum","9/8/2025 3:57:14 PM","NPS\alightcap","10/8/2025 4:34:33 PM"
"256","2025/10/22","FPICO1T08:24","2025/08/18",1,2,14,NA,"PICO","D","LBS",21.5,20.5,NA,NA,NA,"","No","",NA,NA,NA,NA,NA,NA,NA,"2025/10/22","True",0.032,0.032,15,"CAF, ARL","ARL",NA,NA,NA,NA,"NPS\cfossum","9/8/2025 3:57:14 PM","NPS\alightcap","10/8/2025 4:34:33 PM"
"257","2025/10/22","FPICO1T08:24","2025/08/18",1,3,95,NA,"PICO","L","I",22,17.2,NA,8.2,NA,"","No","",NA,NA,NA,NA,NA,NA,NA,"2025/10/22","True",0.032,0.032,15,"CAF, ARL","ARL",NA,NA,NA,NA,"NPS\cfossum","9/8/2025 3:57:14 PM","NPS\alightcap","10/8/2025 4:34:33 PM"
"258","2025/10/22","FPICO1T08:24","2025/08/18",1,3,94,NA,"PIEN","L","I",19,13.1,NA,0.7,NA,"","No","",NA,NA,NA,NA,NA,NA,NA,"2025/10/22","True",0.032,0.032,15,"CAF, ARL","ARL",NA,NA,NA,NA,"NPS\cfossum","9/8/2025 3:57:14 PM","NPS\alightcap","10/8/2025 4:34:33 PM"
"259","2025/10/22","FPICO1T08:24","2025/08/18",1,3,6,NA,"PICO","L","I",32.4,20.8,NA,6.2,NA,"","No","",NA,NA,NA,NA,NA,NA,NA,"2025/10/22","True",0.032,0.032,15,"CAF, ARL","ARL",NA,NA,NA,NA,"NPS\cfossum","9/8/2025 3:57:14 PM","NPS\alightcap","10/8/2025 4:34:33 PM"
"260","2025/10/22","FPICO1T08:24","2025/08/18",1,3,44,NA,"PICO","L","I",25.5,16.6,NA,14.2,NA,"","No","",NA,NA,NA,NA,NA,NA,NA,"2025/10/22","True",0.032,0.032,15,"CAF, ARL","ARL",NA,NA,NA,NA,"NPS\cfossum","9/8/2025 3:57:14 PM","NPS\alightcap","10/8/2025 4:34:33 PM"
"261","2025/10/22","FPICO1T08:24","2025/08/18",1,3,19,NA,"PICO","D","LBS",17,15.3,NA,NA,NA,"","No","LEAN",NA,NA,NA,NA,NA,NA,NA,"2025/10/22","True",0.032,0.032,15,"CAF, ARL","ARL",NA,NA,NA,NA,"NPS\cfossum","9/8/2025 3:57:14 PM","NPS\alightcap","10/8/2025 4:34:33 PM"
"262","2025/10/22","FPICO1T08:24","2025/08/18",1,3,20,NA,"PICO","D","LBS",16.6,7.2,NA,NA,NA,"","No","LEAN",NA,NA,NA,NA,NA,NA,NA,"2025/10/22","True",0.032,0.032,15,"CAF, ARL","ARL",NA,NA,NA,NA,"NPS\cfossum","9/8/2025 3:57:14 PM","NPS\alightcap","10/8/2025 4:34:33 PM"
"263","2025/10/22","FPICO1T08:24","2025/08/18",1,4,21,NA,"PIEN","L","SC",14.2,NA,NA,NA,NA,"","No","",NA,NA,NA,NA,NA,NA,NA,"2025/10/22","True",0.032,0.032,15,"CAF, ARL","ARL",NA,NA,NA,NA,"NPS\cfossum","9/8/2025 3:57:14 PM","NPS\alightcap","10/8/2025 4:34:33 PM"
"264","2025/10/22","FPICO1T08:24","2025/08/18",1,4,92,NA,"PIEN","L","I",25.8,17.9,NA,1.2,NA,"","No","",NA,NA,NA,NA,NA,NA,NA,"2025/10/22","True",0.032,0.032,15,"CAF, ARL","ARL",NA,NA,NA,NA,"NPS\cfossum","9/8/2025 3:57:14 PM","NPS\alightcap","10/8/2025 4:34:33 PM"
"265","2025/10/22","FPICO1T08:24","2025/08/18",1,4,91,NA,"PIEN","L","I",26.8,17.9,NA,0.6,NA,"","No","",NA,NA,NA,NA,NA,NA,NA,"2025/10/22","True",0.032,0.032,15,"CAF, ARL","ARL",NA,NA,NA,NA,"NPS\cfossum","9/8/2025 3:57:14 PM","NPS\alightcap","10/8/2025 4:34:33 PM"
"266","2025/10/22","FPICO1T08:24","2025/08/18",1,4,24,NA,"PIEN","D","CS",5.8,NA,NA,NA,NA,"","No","",NA,NA,NA,NA,NA,NA,NA,"2025/10/22","True",0.032,0.032,15,"CAF, ARL","ARL",NA,NA,NA,NA,"NPS\cfossum","9/8/2025 3:57:14 PM","NPS\alightcap","10/8/2025 4:34:33 PM"
"267","2025/10/22","FPICO1T08:24","2025/08/18",1,4,90,NA,"PIEN","L","I",29.9,17.9,NA,NA,NA,"","No","",NA,NA,NA,NA,NA,NA,NA,"2025/10/22","True",0.032,0.032,15,"CAF, ARL","ARL",NA,NA,NA,NA,"NPS\cfossum","9/8/2025 3:57:14 PM","NPS\alightcap","10/8/2025 4:34:33 PM"
"268","2025/10/22","FPICO1T08:24","2025/08/18",1,4,26,NA,"PICO","D","LBS",19.8,17.8,NA,NA,NA,"","No","",NA,NA,NA,NA,NA,NA,NA,"2025/10/22","True",0.032,0.032,15,"CAF, ARL","ARL",NA,NA,NA,NA,"NPS\cfossum","9/8/2025 3:57:14 PM","NPS\alightcap","10/8/2025 4:34:33 PM"
"269","2025/10/22","FPICO1T08:24","2025/08/18",1,4,27,NA,"PICO","D","LBS",24.7,17.8,NA,NA,NA,"","No","",NA,NA,NA,NA,NA,NA,NA,"2025/10/22","True",0.032,0.032,15,"CAF, ARL","ARL",NA,NA,NA,NA,"NPS\cfossum","9/8/2025 3:57:14 PM","NPS\alightcap","10/8/2025 4:34:33 PM"
"270","2025/10/22","FPICO1T08:24","2025/08/18",1,4,93,NA,"PIEN","L","I",21.5,17.9,NA,0.2,NA,"","No","",NA,NA,NA,NA,NA,NA,NA,"2025/10/22","True",0.032,0.032,15,"CAF, ARL","ARL",NA,NA,NA,NA,"NPS\cfossum","9/8/2025 3:57:14 PM","NPS\alightcap","10/8/2025 4:34:33 PM"
"271","2025/10/22","FPICO1T08:24","2025/08/18",1,4,89,NA,"PICO","L","I",25.5,18.1,NA,12.1,NA,"","No","",NA,NA,NA,NA,NA,NA,NA,"2025/10/22","True",0.032,0.032,15,"CAF, ARL","ARL",NA,NA,NA,NA,"NPS\cfossum","9/8/2025 3:57:14 PM","NPS\alightcap","10/8/2025 4:34:33 PM"
"272","2025/10/22","FPICO1T08:24","2025/08/18",1,4,30,NA,"PICO","D","RS",24.5,18.2,NA,NA,NA,"","No","INSE",NA,NA,NA,NA,NA,NA,NA,"2025/10/22","True",0.032,0.032,15,"CAF, ARL","ARL",NA,NA,NA,NA,"NPS\cfossum","9/8/2025 3:57:14 PM","NPS\alightcap","10/8/2025 4:34:33 PM"
"273","2025/10/22","FPICO1T08:25","2025/09/02",1,1,100,NA,"PIEN","L","I",26.5,18.4,NA,0.1,NA,"","No","",NA,NA,NA,NA,NA,NA,NA,"2025/10/22","True",0.032,0.032,15,"CAF, SAF, CSJ","AGJ",NA,NA,NA,NA,"NPS\cfossum","9/8/2025 3:58:26 PM","NPS\agjohnson","10/7/2025 7:35:50 PM"
"274","2025/10/22","FPICO1T08:25","2025/09/02",1,1,1,NA,"PICO","D","LBS",27.5,17.1,NA,NA,NA,"","No","",NA,NA,NA,NA,NA,NA,NA,"2025/10/22","True",0.032,0.032,15,"CAF, SAF, CSJ","AGJ",NA,NA,NA,NA,"NPS\cfossum","9/8/2025 3:58:26 PM","NPS\agjohnson","10/7/2025 7:35:50 PM"
"275","2025/10/22","FPICO1T08:25","2025/09/02",1,1,2,NA,"PICO","D","LBS",30.2,18.4,NA,NA,NA,"","No","",NA,NA,NA,NA,NA,NA,NA,"2025/10/22","True",0.032,0.032,15,"CAF, SAF, CSJ","AGJ",NA,NA,NA,NA,"NPS\cfossum","9/8/2025 3:58:26 PM","NPS\agjohnson","10/7/2025 7:35:50 PM"
"276","2025/10/22","FPICO1T08:25","2025/09/02",1,1,3,NA,"PICO","D","LBS",26.7,18,NA,NA,NA,"","No","",NA,NA,NA,NA,NA,NA,NA,"2025/10/22","True",0.032,0.032,15,"CAF, SAF, CSJ","AGJ",NA,NA,NA,NA,"NPS\cfossum","9/8/2025 3:58:26 PM","NPS\agjohnson","10/7/2025 7:35:50 PM"
"277","2025/10/22","FPICO1T08:25","2025/09/02",1,1,99,NA,"PIEN","L","I",26,14.8,NA,2.5,NA,"","No","",NA,NA,NA,NA,NA,NA,NA,"2025/10/22","True",0.032,0.032,15,"CAF, SAF, CSJ","AGJ",NA,NA,NA,NA,"NPS\cfossum","9/8/2025 3:58:26 PM","NPS\agjohnson","10/7/2025 7:35:50 PM"
"278","2025/10/22","FPICO1T08:25","2025/09/02",1,1,4,NA,"PIEN","L","I",17.5,13.5,NA,0,NA,"","No","",NA,NA,NA,NA,NA,NA,NA,"2025/10/22","True",0.032,0.032,15,"CAF, SAF, CSJ","AGJ",NA,NA,NA,NA,"NPS\cfossum","9/8/2025 3:58:26 PM","NPS\agjohnson","10/7/2025 7:35:50 PM"
"279","2025/10/22","FPICO1T08:25","2025/09/02",1,1,5,NA,"PIEN","L","SC",10,NA,NA,NA,NA,"","No","",NA,NA,NA,NA,NA,NA,NA,"2025/10/22","True",0.032,0.032,15,"CAF, SAF, CSJ","AGJ",NA,NA,NA,NA,"NPS\cfossum","9/8/2025 3:58:26 PM","NPS\agjohnson","10/7/2025 7:35:50 PM"
"280","2025/10/22","FPICO1T08:25","2025/09/02",1,1,98,NA,"PIEN","L","I",23,16.5,NA,0.2,NA,"","No","",NA,NA,NA,NA,NA,NA,NA,"2025/10/22","True",0.032,0.032,15,"CAF, SAF, CSJ","AGJ",NA,NA,NA,NA,"NPS\cfossum","9/8/2025 3:58:26 PM","NPS\agjohnson","10/7/2025 7:35:50 PM"
"281","2025/10/22","FPICO1T08:25","2025/09/02",1,2,6,NA,"PICO","D","LBS",23.9,12.6,NA,NA,NA,"","No","",NA,NA,NA,NA,NA,NA,NA,"2025/10/22","True",0.032,0.032,15,"CAF, SAF, CSJ","AGJ",NA,NA,NA,NA,"NPS\cfossum","9/8/2025 3:58:26 PM","NPS\agjohnson","10/7/2025 7:35:50 PM"
"282","2025/10/22","FPICO1T08:25","2025/09/02",1,2,97,NA,"PICO","L","I",24,15.8,NA,12.1,NA,"","No","SPAR",NA,NA,NA,NA,NA,NA,NA,"2025/10/22","True",0.032,0.032,15,"CAF, SAF, CSJ","AGJ",NA,NA,NA,NA,"NPS\cfossum","9/8/2025 3:58:26 PM","NPS\agjohnson","10/7/2025 7:35:50 PM"
"283","2025/10/22","FPICO1T08:25","2025/09/02",1,2,7,NA,"PICO","D","LBS",20.9,13.2,NA,NA,NA,"","No","",NA,NA,NA,NA,NA,NA,NA,"2025/10/22","True",0.032,0.032,15,"CAF, SAF, CSJ","AGJ",NA,NA,NA,NA,"NPS\cfossum","9/8/2025 3:58:26 PM","NPS\agjohnson","10/7/2025 7:35:50 PM"
"284","2025/10/22","FPICO1T08:25","2025/09/02",1,2,8,NA,"PICO","D","LBS",36.5,21.4,NA,NA,NA,"","No","",NA,NA,NA,NA,NA,NA,NA,"2025/10/22","True",0.032,0.032,15,"CAF, SAF, CSJ","AGJ",NA,NA,NA,NA,"NPS\cfossum","9/8/2025 3:58:26 PM","NPS\agjohnson","10/7/2025 7:35:50 PM"
"285","2025/10/22","FPICO1T08:25","2025/09/02",1,2,9,NA,"PICO","D","LBS",21,9,NA,NA,NA,"","No","",NA,NA,NA,NA,NA,NA,NA,"2025/10/22","True",0.032,0.032,15,"CAF, SAF, CSJ","AGJ",NA,NA,NA,NA,"NPS\cfossum","9/8/2025 3:58:26 PM","NPS\agjohnson","10/7/2025 7:35:50 PM"
"286","2025/10/22","FPICO1T08:25","2025/09/02",1,2,96,NA,"PIEN","L","I",24.9,16.1,NA,0.5,NA,"","No","",NA,NA,NA,NA,NA,NA,NA,"2025/10/22","True",0.032,0.032,15,"CAF, SAF, CSJ","AGJ",NA,NA,NA,NA,"NPS\cfossum","9/8/2025 3:58:26 PM","NPS\agjohnson","10/7/2025 7:35:50 PM"
"287","2025/10/22","FPICO1T08:25","2025/09/02",1,3,52,NA,"PICO","D","LBS",24.4,22.5,NA,NA,NA,"","No","",NA,NA,NA,NA,NA,NA,NA,"2025/10/22","True",0.032,0.032,15,"CAF, SAF, CSJ","AGJ",NA,NA,NA,NA,"NPS\cfossum","9/8/2025 3:58:26 PM","NPS\agjohnson","10/7/2025 7:35:50 PM"
"288","2025/10/22","FPICO1T08:25","2025/09/02",1,3,58,NA,"PICO","D","LBS",33.9,17.1,NA,NA,NA,"","No","FORK",NA,NA,NA,NA,NA,NA,NA,"2025/10/22","True",0.032,0.032,15,"CAF, SAF, CSJ","AGJ",NA,NA,NA,NA,"NPS\cfossum","9/8/2025 3:58:26 PM","NPS\agjohnson","10/7/2025 7:35:50 PM"
"289","2025/10/22","FPICO1T08:25","2025/09/02",1,3,56,NA,"PICO","D","LBS",22.9,17.3,NA,NA,NA,"","No","",NA,NA,NA,NA,NA,NA,NA,"2025/10/22","True",0.032,0.032,15,"CAF, SAF, CSJ","AGJ",NA,NA,NA,NA,"NPS\cfossum","9/8/2025 3:58:26 PM","NPS\agjohnson","10/7/2025 7:35:50 PM"
"290","2025/10/22","FPICO1T08:25","2025/09/02",1,3,54,NA,"PICO","D","LBS",23,21.9,NA,NA,NA,"","No","",NA,NA,NA,NA,NA,NA,NA,"2025/10/22","True",0.032,0.032,15,"CAF, SAF, CSJ","AGJ",NA,NA,NA,NA,"NPS\cfossum","9/8/2025 3:58:26 PM","NPS\agjohnson","10/7/2025 7:35:50 PM"
"291","2025/10/22","FPICO1T08:25","2025/09/02",1,3,55,NA,"PICO","D","LBS",22.3,16.7,NA,NA,NA,"","No","",NA,NA,NA,NA,NA,NA,NA,"2025/10/22","True",0.032,0.032,15,"CAF, SAF, CSJ","AGJ",NA,NA,NA,NA,"NPS\cfossum","9/8/2025 3:58:26 PM","NPS\agjohnson","10/7/2025 7:35:50 PM"
"292","2025/10/22","FPICO1T08:25","2025/09/02",1,4,60,NA,"ABLA","L","I",29.9,19.1,NA,1.5,NA,"","No","",NA,NA,NA,NA,NA,NA,NA,"2025/10/22","True",0.032,0.032,15,"CAF, SAF, CSJ","AGJ",NA,NA,NA,NA,"NPS\cfossum","9/8/2025 3:58:26 PM","NPS\agjohnson","10/7/2025 7:35:50 PM"
"293","2025/10/22","FPICO1T08:25","2025/09/02",1,4,10,NA,"PIEN","L","SC",12.4,NA,NA,NA,NA,"","No","",NA,NA,NA,NA,NA,NA,NA,"2025/10/22","True",0.032,0.032,15,"CAF, SAF, CSJ","AGJ",NA,NA,NA,NA,"NPS\cfossum","9/8/2025 3:58:26 PM","NPS\agjohnson","10/7/2025 7:35:50 PM"
"294","2025/10/22","FPICO1T08:25","2025/09/02",1,4,11,NA,"PICO","D","LBS",18.4,NA,NA,NA,NA,"","No","",NA,NA,NA,NA,NA,NA,NA,"2025/10/22","True",0.032,0.032,15,"CAF, SAF, CSJ","AGJ",NA,NA,NA,NA,"NPS\cfossum","9/8/2025 3:58:26 PM","NPS\agjohnson","10/7/2025 7:35:50 PM"
"295","2025/10/22","FPICO1T08:25","2025/09/02",1,4,12,NA,"PICO","L","",7.4,NA,NA,NA,NA,"","No","",NA,NA,NA,NA,NA,NA,NA,"2025/10/22","True",0.032,0.032,15,"CAF, SAF, CSJ","AGJ",NA,NA,NA,NA,"NPS\cfossum","9/8/2025 3:58:26 PM","NPS\agjohnson","10/7/2025 7:35:50 PM"
"296","2025/10/22","FPICO1T08:25","2025/09/02",1,4,13,NA,"PICO","L","",5,NA,NA,NA,NA,"","No","TWIN",NA,NA,NA,NA,NA,NA,NA,"2025/10/22","True",0.032,0.032,15,"CAF, SAF, CSJ","AGJ",NA,NA,NA,NA,"NPS\cfossum","9/8/2025 3:58:26 PM","NPS\agjohnson","10/7/2025 7:35:50 PM"
"297","2025/10/22","FPICO1T08:25","2025/09/02",1,4,14,NA,"PICO","L","",4.5,NA,NA,NA,NA,"","No","TWIN",NA,NA,NA,NA,NA,NA,NA,"2025/10/22","True",0.032,0.032,15,"CAF, SAF, CSJ","AGJ",NA,NA,NA,NA,"NPS\cfossum","9/8/2025 3:58:26 PM","NPS\agjohnson","10/7/2025 7:35:50 PM"
"298","2025/10/22","FPICO1T08:08","1998/07/28",1,1,1,NA,"PICO","D","X",12,4,NA,NA," poleq1_all","","Yes","","","",NA,NA,NA,NA,NA,"2025/10/22","True",0.1,0.1,15,NA,NA,NA,NA,NA,NA,NA,NA,NA,NA
"299","2025/10/22","FPICO1T08:08","1998/07/28",1,1,2,NA,"ABLA","L","X",5.8,4,NA,NA," poleq1_all","","Yes","","","",NA,NA,NA,NA,NA,"2025/10/22","True",0.1,0.1,15,NA,NA,NA,NA,NA,NA,NA,NA,NA,NA
"300","2025/10/22","FPICO1T08:08","1998/07/28",1,1,3,NA,"PICO","D","X",12.9,7,NA,NA," poleq1_all","","Yes","","","",NA,NA,NA,NA,NA,"2025/10/22","True",0.1,0.1,15,NA,NA,NA,NA,NA,NA,NA,NA,NA,NA
"301","2025/10/22","FPICO1T08:08","1998/07/28",1,1,4,NA,"ABLA","L","X",14.8,8,NA,NA," poleq1_all","","Yes","","","",NA,NA,NA,NA,NA,"2025/10/22","True",0.1,0.1,15,NA,NA,NA,NA,NA,NA,NA,NA,NA,NA
"302","2025/10/22","FPICO1T08:08","1998/07/28",1,1,5,NA,"PICO","L","X",11.3,6,NA,NA," poleq1_all","","Yes","","","",NA,NA,NA,NA,NA,"2025/10/22","True",0.1,0.1,15,NA,NA,NA,NA,NA,NA,NA,NA,NA,NA
"303","2025/10/22","FPICO1T08:08","1998/07/28",1,2,20,NA,"PICO","L","X",11.2,9,NA,NA," poleq2_all","","Yes","","","",NA,NA,NA,NA,NA,"2025/10/22","True",0.1,0.1,15,NA,NA,NA,NA,NA,NA,NA,NA,NA,NA
"304","2025/10/22","FPICO1T08:08","1998/07/28",1,2,21,NA,"ABLA","L","X",14.8,9,NA,NA," poleq2_all","","Yes","","","",NA,NA,NA,NA,NA,"2025/10/22","True",0.1,0.1,15,NA,NA,NA,NA,NA,NA,NA,NA,NA,NA
"305","2025/10/22","FPICO1T08:08","1998/07/28",1,2,22,NA,"PICO","D","X",12.3,10,NA,NA," poleq2_all","","Yes","","","",NA,NA,NA,NA,NA,"2025/10/22","True",0.1,0.1,15,NA,NA,NA,NA,NA,NA,NA,NA,NA,NA
"306","2025/10/22","FPICO1T08:08","1998/07/28",1,2,23,NA,"PICO","L","X",8.3,5,NA,NA," poleq2_all","","Yes","","","",NA,NA,NA,NA,NA,"2025/10/22","True",0.1,0.1,15,NA,NA,NA,NA,NA,NA,NA,NA,NA,NA
"307","2025/10/22","FPICO1T08:08","1998/07/28",1,2,24,NA,"ABLA","D","X",7.2,4,NA,NA," poleq2_all","","Yes","","","",NA,NA,NA,NA,NA,"2025/10/22","True",0.1,0.1,15,NA,NA,NA,NA,NA,NA,NA,NA,NA,NA
"308","2025/10/22","FPICO1T08:08","1998/07/28",1,2,25,NA,"PICO","L","X",4,3,NA,NA," poleq2_all","","Yes","","","",NA,NA,NA,NA,NA,"2025/10/22","True",0.1,0.1,15,NA,NA,NA,NA,NA,NA,NA,NA,NA,NA
"309","2025/10/22","FPICO1T08:08","1998/07/28",1,2,26,NA,"ABLA","L","X",4.3,3,NA,NA," poleq2_all","","Yes","","","",NA,NA,NA,NA,NA,"2025/10/22","True",0.1,0.1,15,NA,NA,NA,NA,NA,NA,NA,NA,NA,NA
"310","2025/10/22","FPICO1T08:08","1998/07/28",1,2,27,NA,"ABLA","L","X",2.7,2,NA,NA," poleq2_all","","Yes","","","",NA,NA,NA,NA,NA,"2025/10/22","True",0.1,0.1,15,NA,NA,NA,NA,NA,NA,NA,NA,NA,NA
"311","2025/10/22","FPICO1T08:08","1998/07/28",1,1,1,NA,"PICO","L","I",25.2,NA,NA,NA," overq1_all","","Yes","DTOP","","",NA,NA,NA,NA,NA,"2025/10/22","True",0.1,0.1,15,NA,NA,NA,NA,NA,NA,NA,NA,NA,NA
"312","2025/10/22","FPICO1T08:08","1998/07/28",1,1,2,NA,"PICO","L","C",30.3,NA,NA,NA," overq1_all","","Yes","WOND","","",NA,NA,NA,NA,NA,"2025/10/22","True",0.1,0.1,15,NA,NA,NA,NA,NA,NA,NA,NA,NA,NA
"313","2025/10/22","FPICO1T08:08","1998/07/28",1,1,3,NA,"PICO","L","C",28.4,NA,NA,NA," overq1_all","","Yes","","","",NA,NA,NA,NA,NA,"2025/10/22","True",0.1,0.1,15,NA,NA,NA,NA,NA,NA,NA,NA,NA,NA
"314","2025/10/22","FPICO1T08:08","1998/07/28",1,1,4,NA,"PICO","L","D",41.3,NA,NA,NA," overq1_all","","Yes","LEAN","","",NA,NA,NA,NA,NA,"2025/10/22","True",0.1,0.1,15,NA,NA,NA,NA,NA,NA,NA,NA,NA,NA
"315","2025/10/22","FPICO1T08:08","1998/07/28",1,1,5,NA,"PICO","D","LBS",31.7,NA,NA,NA," overq1_all","","Yes","","","",NA,NA,NA,NA,NA,"2025/10/22","True",0.1,0.1,15,NA,NA,NA,NA,NA,NA,NA,NA,NA,NA
"316","2025/10/22","FPICO1T08:08","1998/07/28",1,1,6,NA,"PICO","D","BAD",18.4,NA,NA,NA," overq1_all","","Yes","","","",NA,NA,NA,NA,NA,"2025/10/22","True",0.1,0.1,15,NA,NA,NA,NA,NA,NA,NA,NA,NA,NA
"317","2025/10/22","FPICO1T08:08","1998/07/28",1,1,7,NA,"PICO","L","D",40.1,NA,NA,NA," overq1_all","","Yes","WOND","","",NA,NA,NA,NA,NA,"2025/10/22","True",0.1,0.1,15,NA,NA,NA,NA,NA,NA,NA,NA,NA,NA
"318","2025/10/22","FPICO1T08:08","1998/07/28",1,1,8,NA,"PICO","L","C",31.7,NA,NA,NA," overq1_all","","Yes","","","",NA,NA,NA,NA,NA,"2025/10/22","True",0.1,0.1,15,NA,NA,NA,NA,NA,NA,NA,NA,NA,NA
"319","2025/10/22","FPICO1T08:08","1998/07/28",1,1,9,NA,"PICO","L","I",27.5,NA,NA,NA," overq1_all","","Yes","FORK","BURL","",NA,NA,NA,NA,NA,"2025/10/22","True",0.1,0.1,15,NA,NA,NA,NA,NA,NA,NA,NA,NA,NA
"320","2025/10/22","FPICO1T08:08","1998/07/28",1,1,10,NA,"PICO","L","C",33.6,NA,NA,NA," overq1_all","","Yes","INSE","BROK","",NA,NA,NA,NA,NA,"2025/10/22","True",0.1,0.1,15,NA,NA,NA,NA,NA,NA,NA,NA,NA,NA
"321","2025/10/22","FPICO1T08:08","1998/07/28",1,1,12,NA,"PICO","L","C",25.6,NA,NA,NA," overq1_all","","Yes","","","",NA,NA,NA,NA,NA,"2025/10/22","True",0.1,0.1,15,NA,NA,NA,NA,NA,NA,NA,NA,NA,NA
"322","2025/10/22","FPICO1T08:08","1998/07/28",1,1,13,NA,"PICO","D","LBS",21,NA,NA,NA," overq1_all","","Yes","","","",NA,NA,NA,NA,NA,"2025/10/22","True",0.1,0.1,15,NA,NA,NA,NA,NA,NA,NA,NA,NA,NA
"323","2025/10/22","FPICO1T08:08","1998/07/28",1,1,14,NA,"PICO","L","D",29.2,NA,NA,NA," overq1_all","","Yes","LEAN","LIGT","",NA,NA,NA,NA,NA,"2025/10/22","True",0.1,0.1,15,NA,NA,NA,NA,NA,NA,NA,NA,NA,NA
"324","2025/10/22","FPICO1T08:08","1998/07/28",1,1,15,NA,"PICO","L","C",28.1,NA,NA,NA," overq1_all","","Yes","","","",NA,NA,NA,NA,NA,"2025/10/22","True",0.1,0.1,15,NA,NA,NA,NA,NA,NA,NA,NA,NA,NA
"325","2025/10/22","FPICO1T08:08","1998/07/28",1,1,59,NA,"PICO","L","I",15.7,NA,NA,NA," overq1_all","","Yes","","","",NA,NA,NA,NA,NA,"2025/10/22","True",0.1,0.1,15,NA,NA,NA,NA,NA,NA,NA,NA,NA,NA
"326","2025/10/22","FPICO1T08:08","1998/07/28",1,2,16,NA,"PICO","L","C",21.9,NA,NA,NA," overq2_all","","Yes","","","",NA,NA,NA,NA,NA,"2025/10/22","True",0.1,0.1,15,NA,NA,NA,NA,NA,NA,NA,NA,NA,NA
"327","2025/10/22","FPICO1T08:08","1998/07/28",1,2,17,NA,"PICO","L","C",39.4,NA,NA,NA," overq2_all","","Yes","FORK","","",NA,NA,NA,NA,NA,"2025/10/22","True",0.1,0.1,15,NA,NA,NA,NA,NA,NA,NA,NA,NA,NA
"328","2025/10/22","FPICO1T08:08","1998/07/28",1,2,18,NA,"PICO","L","C",29.1,NA,NA,NA," overq2_all","","Yes","","","",NA,NA,NA,NA,NA,"2025/10/22","True",0.1,0.1,15,NA,NA,NA,NA,NA,NA,NA,NA,NA,NA
"329","2025/10/22","FPICO1T08:08","1998/07/28",1,2,19,NA,"PICO","L","C",27.7,NA,NA,NA," overq2_all","","Yes","","","",NA,NA,NA,NA,NA,"2025/10/22","True",0.1,0.1,15,NA,NA,NA,NA,NA,NA,NA,NA,NA,NA
"330","2025/10/22","FPICO1T08:08","1998/07/28",1,2,20,NA,"PICO","L","C",23.5,NA,NA,NA," overq2_all","","Yes","","","",NA,NA,NA,NA,NA,"2025/10/22","True",0.1,0.1,15,NA,NA,NA,NA,NA,NA,NA,NA,NA,NA
"331","2025/10/22","FPICO1T08:08","1998/07/28",1,2,21,NA,"PICO","D","RS",32,NA,NA,NA," overq2_all","","Yes","","","",NA,NA,NA,NA,NA,"2025/10/22","True",0.1,0.1,15,NA,NA,NA,NA,NA,NA,NA,NA,NA,NA
"332","2025/10/22","FPICO1T08:08","1998/07/28",1,2,22,NA,"PICO","L","C",23.7,NA,NA,NA," overq2_all","","Yes","SPAR","","",NA,NA,NA,NA,NA,"2025/10/22","True",0.1,0.1,15,NA,NA,NA,NA,NA,NA,NA,NA,NA,NA
"333","2025/10/22","FPICO1T08:08","1998/07/28",1,2,23,NA,"PICO","L","D",39.3,NA,NA,NA," overq2_all","","Yes","LEAN","LIGT","FIRE",NA,NA,NA,NA,NA,"2025/10/22","True",0.1,0.1,15,NA,NA,NA,NA,NA,NA,NA,NA,NA,NA
"334","2025/10/22","FPICO1T08:08","1998/07/28",1,2,24,NA,"PICO","L","C",19.7,NA,NA,NA," overq2_all","","Yes","","","",NA,NA,NA,NA,NA,"2025/10/22","True",0.1,0.1,15,NA,NA,NA,NA,NA,NA,NA,NA,NA,NA
"335","2025/10/22","FPICO1T08:08","1998/07/28",1,2,25,NA,"PICO","L","I",31.8,NA,NA,NA," overq2_all","","Yes","FORK","","",NA,NA,NA,NA,NA,"2025/10/22","True",0.1,0.1,15,NA,NA,NA,NA,NA,NA,NA,NA,NA,NA
"336","2025/10/22","FPICO1T08:08","1998/07/28",1,2,26,NA,"PICO","L","D",41.7,NA,NA,NA," overq2_all","","Yes","","","",NA,NA,NA,NA,NA,"2025/10/22","True",0.1,0.1,15,NA,NA,NA,NA,NA,NA,NA,NA,NA,NA
"337","2025/10/22","FPICO1T08:08","1998/07/28",1,2,27,NA,"ABLA","L","I",21.2,NA,NA,NA," overq2_all","","Yes","","","",NA,NA,NA,NA,NA,"2025/10/22","True",0.1,0.1,15,NA,NA,NA,NA,NA,NA,NA,NA,NA,NA
"338","2025/10/22","FPICO1T08:08","1998/07/28",1,2,60,NA,"PICO","L","SC",15.7,NA,NA,NA," overq2_all","","Yes","LEAN","","",NA,NA,NA,NA,NA,"2025/10/22","True",0.1,0.1,15,NA,NA,NA,NA,NA,NA,NA,NA,NA,NA
"339","2025/10/22","FPICO1T08:08","1999/07/20",1,1,1,NA,"PICO","D","X",12,4,NA,NA," poleq1_all","","Yes","","","","",NA,0,0,0,"2025/10/22","True",0.1,0.1,15,NA,NA,NA,NA,NA,NA,NA,NA,NA,NA
"340","2025/10/22","FPICO1T08:08","1999/07/20",1,1,2,NA,"ABLA","L","X",5.8,4,NA,NA," poleq1_all","","Yes","","","","",NA,0,0,0,"2025/10/22","True",0.1,0.1,15,NA,NA,NA,NA,NA,NA,NA,NA,NA,NA
"341","2025/10/22","FPICO1T08:08","1999/07/20",1,1,3,NA,"PICO","D","X",12.9,7,NA,NA," poleq1_all","","Yes","","","","",NA,0,0,0,"2025/10/22","True",0.1,0.1,15,NA,NA,NA,NA,NA,NA,NA,NA,NA,NA
"342","2025/10/22","FPICO1T08:08","1999/07/20",1,1,4,NA,"ABLA","L","X",14.8,8,NA,NA," poleq1_all","","Yes","","","","",NA,0,0,0,"2025/10/22","True",0.1,0.1,15,NA,NA,NA,NA,NA,NA,NA,NA,NA,NA
"343","2025/10/22","FPICO1T08:08","1999/07/20",1,1,5,NA,"PICO","L","X",11.3,6,NA,NA," poleq1_all","","Yes","","","","",NA,0,0,0,"2025/10/22","True",0.1,0.1,15,NA,NA,NA,NA,NA,NA,NA,NA,NA,NA
"344","2025/10/22","FPICO1T08:08","1999/07/20",1,2,20,NA,"PICO","L","X",11.2,9,NA,NA," poleq2_all","","Yes","","","","",NA,0,0,0,"2025/10/22","True",0.1,0.1,15,NA,NA,NA,NA,NA,NA,NA,NA,NA,NA
"345","2025/10/22","FPICO1T08:08","1999/07/20",1,2,21,NA,"ABLA","L","X",14.8,9,NA,NA," poleq2_all","","Yes","","","","",NA,0,0,0,"2025/10/22","True",0.1,0.1,15,NA,NA,NA,NA,NA,NA,NA,NA,NA,NA
"346","2025/10/22","FPICO1T08:08","1999/07/20",1,2,22,NA,"PICO","D","X",12.3,10,NA,NA," poleq2_all","","Yes","","","","",NA,0,0,0,"2025/10/22","True",0.1,0.1,15,NA,NA,NA,NA,NA,NA,NA,NA,NA,NA
"347","2025/10/22","FPICO1T08:08","1999/07/20",1,2,23,NA,"PICO","L","X",8.3,5,NA,NA," poleq2_all","","Yes","","","","",NA,0,0,0,"2025/10/22","True",0.1,0.1,15,NA,NA,NA,NA,NA,NA,NA,NA,NA,NA
"348","2025/10/22","FPICO1T08:08","1999/07/20",1,2,24,NA,"ABLA","D","X",7.2,4,NA,NA," poleq2_all","","Yes","","","","",NA,0,0,0,"2025/10/22","True",0.1,0.1,15,NA,NA,NA,NA,NA,NA,NA,NA,NA,NA
"349","2025/10/22","FPICO1T08:08","1999/07/20",1,2,25,NA,"PICO","L","X",4,3,NA,NA," poleq2_all","","Yes","","","","",NA,0,0,0,"2025/10/22","True",0.1,0.1,15,NA,NA,NA,NA,NA,NA,NA,NA,NA,NA
"350","2025/10/22","FPICO1T08:08","1999/07/20",1,2,26,NA,"ABLA","L","X",4.3,3,NA,NA," poleq2_all","","Yes","","","","",NA,0,0,0,"2025/10/22","True",0.1,0.1,15,NA,NA,NA,NA,NA,NA,NA,NA,NA,NA
"351","2025/10/22","FPICO1T08:08","1999/07/20",1,2,27,NA,"ABLA","L","X",2.7,2,NA,NA," poleq2_all","","Yes","","","","",NA,0,0,0,"2025/10/22","True",0.1,0.1,15,NA,NA,NA,NA,NA,NA,NA,NA,NA,NA
"352","2025/10/22","FPICO1T08:08","1999/07/20",1,3,6,NA,"PICO","L","X",9.6,5,NA,NA," poleq3_all","","Yes","","","","",NA,0,0,0,"2025/10/22","True",0.1,0.1,15,NA,NA,NA,NA,NA,NA,NA,NA,NA,NA
"353","2025/10/22","FPICO1T08:08","1999/07/20",1,3,7,NA,"PICO","L","X",12.6,6,NA,NA," poleq3_all","","Yes","","","","",NA,0,0,0,"2025/10/22","True",0.1,0.1,15,NA,NA,NA,NA,NA,NA,NA,NA,NA,NA
"354","2025/10/22","FPICO1T08:08","1999/07/20",1,3,8,NA,"PICO","L","X",9.2,8,NA,NA," poleq3_all","","Yes","","","","",NA,0,0,0,"2025/10/22","True",0.1,0.1,15,NA,NA,NA,NA,NA,NA,NA,NA,NA,NA
"355","2025/10/22","FPICO1T08:08","1999/07/20",1,3,9,NA,"PICO","L","X",10.4,7,NA,NA," poleq3_all","","Yes","","","","",NA,0,0,0,"2025/10/22","True",0.1,0.1,15,NA,NA,NA,NA,NA,NA,NA,NA,NA,NA
"356","2025/10/22","FPICO1T08:08","1999/07/20",1,3,10,NA,"ABLA","L","X",7.1,5,NA,NA," poleq3_all","","Yes","","","","",NA,0,0,0,"2025/10/22","True",0.1,0.1,15,NA,NA,NA,NA,NA,NA,NA,NA,NA,NA
"357","2025/10/22","FPICO1T08:08","1999/07/20",1,3,11,NA,"PICO","D","X",11.6,7,NA,NA," poleq3_all","","Yes","","","","",NA,0,0,0,"2025/10/22","True",0.1,0.1,15,NA,NA,NA,NA,NA,NA,NA,NA,NA,NA
"358","2025/10/22","FPICO1T08:08","1999/07/20",1,3,12,NA,"PICO","D","X",6.3,6,NA,NA," poleq3_all","","Yes","","","","",NA,0,0,0,"2025/10/22","True",0.1,0.1,15,NA,NA,NA,NA,NA,NA,NA,NA,NA,NA
"359","2025/10/22","FPICO1T08:08","1999/07/20",1,3,13,NA,"ABLA","L","X",9.9,9,NA,NA," poleq3_all","","Yes","","","","",NA,0,0,0,"2025/10/22","True",0.1,0.1,15,NA,NA,NA,NA,NA,NA,NA,NA,NA,NA
"360","2025/10/22","FPICO1T08:08","1999/07/20",1,3,28,NA,"ABLA","D","X",5.5,3,NA,NA," poleq3_all","","Yes","","","","",NA,0,0,0,"2025/10/22","True",0.1,0.1,15,NA,NA,NA,NA,NA,NA,NA,NA,NA,NA
"361","2025/10/22","FPICO1T08:08","1999/07/20",1,3,29,NA,"PIEN","L","X",4.8,3,NA,NA," poleq3_all","","Yes","","","","",NA,0,0,0,"2025/10/22","True",0.1,0.1,15,NA,NA,NA,NA,NA,NA,NA,NA,NA,NA
"362","2025/10/22","FPICO1T08:08","1999/07/20",1,3,30,NA,"PICO","L","X",8.1,5,NA,NA," poleq3_all","","Yes","","","","",NA,0,0,0,"2025/10/22","True",0.1,0.1,15,NA,NA,NA,NA,NA,NA,NA,NA,NA,NA
"363","2025/10/22","FPICO1T08:08","1999/07/20",1,3,31,NA,"PICO","L","X",7.2,5,NA,NA," poleq3_all","","Yes","","","","",NA,0,0,0,"2025/10/22","True",0.1,0.1,15,NA,NA,NA,NA,NA,NA,NA,NA,NA,NA
"364","2025/10/22","FPICO1T08:08","1999/07/20",1,3,32,NA,"ABLA","L","X",6.3,6,NA,NA," poleq3_all","","Yes","","","","",NA,0,0,0,"2025/10/22","True",0.1,0.1,15,NA,NA,NA,NA,NA,NA,NA,NA,NA,NA
"365","2025/10/22","FPICO1T08:08","1999/07/20",1,3,33,NA,"ABLA","L","X",5.9,5,NA,NA," poleq3_all","","Yes","","","","",NA,0,0,0,"2025/10/22","True",0.1,0.1,15,NA,NA,NA,NA,NA,NA,NA,NA,NA,NA
"366","2025/10/22","FPICO1T08:08","1999/07/20",1,4,14,NA,"ABLA","L","X",7.8,5,NA,NA," poleq4_all","","Yes","","","","",NA,0,0,0,"2025/10/22","True",0.1,0.1,15,NA,NA,NA,NA,NA,NA,NA,NA,NA,NA
"367","2025/10/22","FPICO1T08:08","1999/07/20",1,4,15,NA,"PIEN","L","X",6.6,5,NA,NA," poleq4_all","","Yes","","","","",NA,0,0,0,"2025/10/22","True",0.1,0.1,15,NA,NA,NA,NA,NA,NA,NA,NA,NA,NA
"368","2025/10/22","FPICO1T08:08","1999/07/20",1,4,16,NA,"ABLA","L","X",7.6,5,NA,NA," poleq4_all","","Yes","","","","",NA,0,0,0,"2025/10/22","True",0.1,0.1,15,NA,NA,NA,NA,NA,NA,NA,NA,NA,NA
"369","2025/10/22","FPICO1T08:08","1999/07/20",1,4,17,NA,"PIEN","L","X",6.7,5,NA,NA," poleq4_all","","Yes","","","","",NA,0,0,0,"2025/10/22","True",0.1,0.1,15,NA,NA,NA,NA,NA,NA,NA,NA,NA,NA
"370","2025/10/22","FPICO1T08:08","1999/07/20",1,4,18,NA,"PIEN","L","X",6.9,4,NA,NA," poleq4_all","","Yes","","","","",NA,0,0,0,"2025/10/22","True",0.1,0.1,15,NA,NA,NA,NA,NA,NA,NA,NA,NA,NA
"371","2025/10/22","FPICO1T08:08","1999/07/20",1,4,19,NA,"PIEN","L","X",7.6,4,NA,NA," poleq4_all","","Yes","","","","",NA,0,0,0,"2025/10/22","True",0.1,0.1,15,NA,NA,NA,NA,NA,NA,NA,NA,NA,NA
"372","2025/10/22","FPICO1T08:08","1999/07/20",1,4,34,NA,"ABLA","L","X",4.9,3,NA,NA," poleq4_all","","Yes","","","","",NA,0,0,0,"2025/10/22","True",0.1,0.1,15,NA,NA,NA,NA,NA,NA,NA,NA,NA,NA
"373","2025/10/22","FPICO1T08:08","1999/07/20",1,4,35,NA,"PICO","L","X",9,5,NA,NA," poleq4_all","","Yes","","","","",NA,0,0,0,"2025/10/22","True",0.1,0.1,15,NA,NA,NA,NA,NA,NA,NA,NA,NA,NA
"374","2025/10/22","FPICO1T08:08","1999/07/20",1,4,36,NA,"PIEN","L","X",14.3,10,NA,NA," poleq4_all","","Yes","","","","",NA,0,0,0,"2025/10/22","True",0.1,0.1,15,NA,NA,NA,NA,NA,NA,NA,NA,NA,NA
"375","2025/10/22","FPICO1T08:08","1999/07/20",1,4,37,NA,"PIEN","L","X",10.1,8,NA,NA," poleq4_all","","Yes","","","","",NA,0,0,0,"2025/10/22","True",0.1,0.1,15,NA,NA,NA,NA,NA,NA,NA,NA,NA,NA
"376","2025/10/22","FPICO1T08:08","1999/07/20",1,4,38,NA,"PIEN","L","X",4.1,4,NA,NA," poleq4_all","","Yes","","","","",NA,0,0,0,"2025/10/22","True",0.1,0.1,15,NA,NA,NA,NA,NA,NA,NA,NA,NA,NA
"377","2025/10/22","FPICO1T08:08","1999/07/20",1,1,1,NA,"PICO","L","I",25.7,NA,NA,NA," overq1_all","","Yes","SPAR","","","",NA,0,0,0,"2025/10/22","True",0.1,0.1,15,NA,NA,NA,NA,NA,NA,NA,NA,NA,NA
"378","2025/10/22","FPICO1T08:08","1999/07/20",1,1,2,NA,"PICO","L","C",30.5,NA,NA,NA," overq1_all","","Yes","","","","",NA,0,0,0,"2025/10/22","True",0.1,0.1,15,NA,NA,NA,NA,NA,NA,NA,NA,NA,NA
"379","2025/10/22","FPICO1T08:08","1999/07/20",1,1,3,NA,"PICO","L","C",28.7,NA,NA,NA," overq1_all","","Yes","","","","",NA,0,0,0,"2025/10/22","True",0.1,0.1,15,NA,NA,NA,NA,NA,NA,NA,NA,NA,NA
"380","2025/10/22","FPICO1T08:08","1999/07/20",1,1,4,NA,"PICO","L","D",41.2,NA,NA,NA," overq1_all","","Yes","LEAN","WOND","","",NA,0,0,0,"2025/10/22","True",0.1,0.1,15,NA,NA,NA,NA,NA,NA,NA,NA,NA,NA
"381","2025/10/22","FPICO1T08:08","1999/07/20",1,1,5,NA,"PICO","D","LBS",31.7,NA,NA,NA," overq1_all","","Yes","","","","",NA,0,0,0,"2025/10/22","True",0.1,0.1,15,NA,NA,NA,NA,NA,NA,NA,NA,NA,NA
"382","2025/10/22","FPICO1T08:08","1999/07/20",1,1,6,NA,"PICO","D","BAD",18.4,NA,NA,NA," overq1_all","","Yes","","","","",NA,0,0,0,"2025/10/22","True",0.1,0.1,15,NA,NA,NA,NA,NA,NA,NA,NA,NA,NA
"383","2025/10/22","FPICO1T08:08","1999/07/20",1,1,7,NA,"PICO","L","D",40.2,NA,NA,NA," overq1_all","","Yes","WOND","","","",NA,0,0,0,"2025/10/22","True",0.1,0.1,15,NA,NA,NA,NA,NA,NA,NA,NA,NA,NA
"384","2025/10/22","FPICO1T08:08","1999/07/20",1,1,8,NA,"PICO","L","C",31.7,NA,NA,NA," overq1_all","","Yes","","","","",NA,0,0,0,"2025/10/22","True",0.1,0.1,15,NA,NA,NA,NA,NA,NA,NA,NA,NA,NA
"385","2025/10/22","FPICO1T08:08","1999/07/20",1,1,9,NA,"PICO","L","D",27.5,NA,NA,NA," overq1_all","","Yes","FORK","BURL","WOND","",NA,0,0,0,"2025/10/22","True",0.1,0.1,15,NA,NA,NA,NA,NA,NA,NA,NA,NA,NA
"386","2025/10/22","FPICO1T08:08","1999/07/20",1,1,10,NA,"PICO","L","C",33.7,NA,NA,NA," overq1_all","","Yes","DTOP","","","",NA,0,0,0,"2025/10/22","True",0.1,0.1,15,NA,NA,NA,NA,NA,NA,NA,NA,NA,NA
"387","2025/10/22","FPICO1T08:08","1999/07/20",1,1,12,NA,"PICO","L","C",25.6,NA,NA,NA," overq1_all","","Yes","","","","",NA,0,0,0,"2025/10/22","True",0.1,0.1,15,NA,NA,NA,NA,NA,NA,NA,NA,NA,NA
"388","2025/10/22","FPICO1T08:08","1999/07/20",1,1,13,NA,"PICO","D","LBS",21,NA,NA,NA," overq1_all","","Yes","","","","",NA,0,0,0,"2025/10/22","True",0.1,0.1,15,NA,NA,NA,NA,NA,NA,NA,NA,NA,NA
"389","2025/10/22","FPICO1T08:08","1999/07/20",1,1,14,NA,"PICO","L","C",29.4,NA,NA,NA," overq1_all","","Yes","WOND","","","",NA,0,0,0,"2025/10/22","True",0.1,0.1,15,NA,NA,NA,NA,NA,NA,NA,NA,NA,NA
"390","2025/10/22","FPICO1T08:08","1999/07/20",1,1,15,NA,"PICO","L","C",28.1,NA,NA,NA," overq1_all","","Yes","CROK","","","",NA,0,0,0,"2025/10/22","True",0.1,0.1,15,NA,NA,NA,NA,NA,NA,NA,NA,NA,NA
"391","2025/10/22","FPICO1T08:08","1999/07/20",1,1,59,NA,"PICO","L","I",15.9,NA,NA,NA," overq1_all","","Yes","WOND","INSE","","",NA,0,0,0,"2025/10/22","True",0.1,0.1,15,NA,NA,NA,NA,NA,NA,NA,NA,NA,NA
"392","2025/10/22","FPICO1T08:08","1999/07/20",1,2,16,NA,"PICO","L","C",22.1,NA,NA,NA," overq2_all","","Yes","","","","",NA,0,0,0,"2025/10/22","True",0.1,0.1,15,NA,NA,NA,NA,NA,NA,NA,NA,NA,NA
"393","2025/10/22","FPICO1T08:08","1999/07/20",1,2,17,NA,"PICO","L","D",39.3,NA,NA,NA," overq2_all","","Yes","FORK","WOND","","",NA,0,0,0,"2025/10/22","True",0.1,0.1,15,NA,NA,NA,NA,NA,NA,NA,NA,NA,NA
"394","2025/10/22","FPICO1T08:08","1999/07/20",1,2,18,NA,"PICO","L","C",29.4,NA,NA,NA," overq2_all","","Yes","CROK","","","",NA,0,0,0,"2025/10/22","True",0.1,0.1,15,NA,NA,NA,NA,NA,NA,NA,NA,NA,NA
"395","2025/10/22","FPICO1T08:08","1999/07/20",1,2,19,NA,"PICO","L","I",27.9,NA,NA,NA," overq2_all","","Yes","CROK","","","",NA,0,0,0,"2025/10/22","True",0.1,0.1,15,NA,NA,NA,NA,NA,NA,NA,NA,NA,NA
"396","2025/10/22","FPICO1T08:08","1999/07/20",1,2,20,NA,"PICO","L","C",23.5,NA,NA,NA," overq2_all","","Yes","","","","",NA,0,0,0,"2025/10/22","True",0.1,0.1,15,NA,NA,NA,NA,NA,NA,NA,NA,NA,NA
"397","2025/10/22","FPICO1T08:08","1999/07/20",1,2,21,NA,"PICO","D","RS",32,NA,NA,NA," overq2_all","","Yes","","","","",NA,0,0,0,"2025/10/22","True",0.1,0.1,15,NA,NA,NA,NA,NA,NA,NA,NA,NA,NA
"398","2025/10/22","FPICO1T08:08","1999/07/20",1,2,22,NA,"PICO","L","C",23.8,NA,NA,NA," overq2_all","","Yes","LEAN","","","",NA,0,0,0,"2025/10/22","True",0.1,0.1,15,NA,NA,NA,NA,NA,NA,NA,NA,NA,NA
"399","2025/10/22","FPICO1T08:08","1999/07/20",1,2,23,NA,"PICO","L","D",39.4,NA,NA,NA," overq2_all","","Yes","WOND","LEAN","","",NA,0,0,0,"2025/10/22","True",0.1,0.1,15,NA,NA,NA,NA,NA,NA,NA,NA,NA,NA
"400","2025/10/22","FPICO1T08:08","1999/07/20",1,2,24,NA,"PICO","L","C",19.6,NA,NA,NA," overq2_all","","Yes","","","","",NA,0,0,0,"2025/10/22","True",0.1,0.1,15,NA,NA,NA,NA,NA,NA,NA,NA,NA,NA
"401","2025/10/22","FPICO1T08:08","1999/07/20",1,2,25,NA,"PICO","L","I",31.9,NA,NA,NA," overq2_all","","Yes","FORK","","","",NA,0,0,0,"2025/10/22","True",0.1,0.1,15,NA,NA,NA,NA,NA,NA,NA,NA,NA,NA
"402","2025/10/22","FPICO1T08:08","1999/07/20",1,2,26,NA,"PICO","L","D",41.7,NA,NA,NA," overq2_all","","Yes","BROK","FORK","","",NA,0,0,0,"2025/10/22","True",0.1,0.1,15,NA,NA,NA,NA,NA,NA,NA,NA,NA,NA
"403","2025/10/22","FPICO1T08:08","1999/07/20",1,2,27,NA,"PICO","L","I",20.7,NA,NA,NA," overq2_all","","Yes","EPIC","INSE","","",NA,0,0,0,"2025/10/22","True",0.1,0.1,15,NA,NA,NA,NA,NA,NA,NA,NA,NA,NA
"404","2025/10/22","FPICO1T08:08","1999/07/20",1,3,28,NA,"PICO","L","I",18.7,NA,NA,NA," overq3_all","","Yes","","","","",NA,0,0,0,"2025/10/22","True",0.1,0.1,15,NA,NA,NA,NA,NA,NA,NA,NA,NA,NA
"405","2025/10/22","FPICO1T08:08","1999/07/20",1,3,29,NA,"PICO","L","C",21.9,NA,NA,NA," overq3_all","","Yes","DTOP","INSE","BROM","MISL",NA,0,0,0,"2025/10/22","True",0.1,0.1,15,NA,NA,NA,NA,NA,NA,NA,NA,NA,NA
"406","2025/10/22","FPICO1T08:08","1999/07/20",1,3,30,NA,"PICO","L","C",21.8,NA,NA,NA," overq3_all","","Yes","","","","",NA,0,0,0,"2025/10/22","True",0.1,0.1,15,NA,NA,NA,NA,NA,NA,NA,NA,NA,NA
"407","2025/10/22","FPICO1T08:08","1999/07/20",1,3,31,NA,"PICO","L","C",24.4,NA,NA,NA," overq3_all","","Yes","DTOP","","","",NA,0,0,0,"2025/10/22","True",0.1,0.1,15,NA,NA,NA,NA,NA,NA,NA,NA,NA,NA
"408","2025/10/22","FPICO1T08:08","1999/07/20",1,3,32,NA,"PICO","D","RS",31.7,NA,NA,NA," overq3_all","","Yes","CROK","","","",NA,0,0,0,"2025/10/22","True",0.1,0.1,15,NA,NA,NA,NA,NA,NA,NA,NA,NA,NA
"409","2025/10/22","FPICO1T08:08","1999/07/20",1,3,33,NA,"PICO","L","C",34.4,NA,NA,NA," overq3_all","","Yes","","","","",NA,0,0,0,"2025/10/22","True",0.1,0.1,15,NA,NA,NA,NA,NA,NA,NA,NA,NA,NA
"410","2025/10/22","FPICO1T08:08","1999/07/20",1,3,34,NA,"PICO","L","C",31.9,NA,NA,NA," overq3_all","","Yes","","","","",NA,0,0,0,"2025/10/22","True",0.1,0.1,15,NA,NA,NA,NA,NA,NA,NA,NA,NA,NA
"411","2025/10/22","FPICO1T08:08","1999/07/20",1,3,35,NA,"PICO","L","C",28.1,NA,NA,NA," overq3_all","","Yes","LEAN","CROK","","",NA,0,0,0,"2025/10/22","True",0.1,0.1,15,NA,NA,NA,NA,NA,NA,NA,NA,NA,NA
"412","2025/10/22","FPICO1T08:08","1999/07/20",1,3,36,NA,"PICO","L","I",17,NA,NA,NA," overq3_all","","Yes","","","","",NA,0,0,0,"2025/10/22","True",0.1,0.1,15,NA,NA,NA,NA,NA,NA,NA,NA,NA,NA
"413","2025/10/22","FPICO1T08:08","1999/07/20",1,3,37,NA,"PICO","D","BAD",18.3,NA,NA,NA," overq3_all","","Yes","","","","",NA,0,0,0,"2025/10/22","True",0.1,0.1,15,NA,NA,NA,NA,NA,NA,NA,NA,NA,NA
"414","2025/10/22","FPICO1T08:08","1999/07/20",1,3,38,NA,"PICO","L","C",30.7,NA,NA,NA," overq3_all","","Yes","WOND","","","",NA,0,0,0,"2025/10/22","True",0.1,0.1,15,NA,NA,NA,NA,NA,NA,NA,NA,NA,NA
"415","2025/10/22","FPICO1T08:08","1999/07/20",1,3,39,NA,"PICO","L","C",25,NA,NA,NA," overq3_all","","Yes","","","","",NA,0,0,0,"2025/10/22","True",0.1,0.1,15,NA,NA,NA,NA,NA,NA,NA,NA,NA,NA
"416","2025/10/22","FPICO1T08:08","1999/07/20",1,3,40,NA,"PICO","L","D",48.5,NA,NA,NA," overq3_all","","Yes","FORK","","","",NA,0,0,0,"2025/10/22","True",0.1,0.1,15,NA,NA,NA,NA,NA,NA,NA,NA,NA,NA
"417","2025/10/22","FPICO1T08:08","1999/07/20",1,4,41,NA,"PICO","L","D",43.3,NA,NA,NA," overq4_all","","Yes","BURL","MOSS","","",NA,0,0,0,"2025/10/22","True",0.1,0.1,15,NA,NA,NA,NA,NA,NA,NA,NA,NA,NA
"418","2025/10/22","FPICO1T08:08","1999/07/20",1,4,42,NA,"PICO","L","C",39.7,NA,NA,NA," overq4_all","","Yes","INSE","MOSS","","",NA,0,0,0,"2025/10/22","True",0.1,0.1,15,NA,NA,NA,NA,NA,NA,NA,NA,NA,NA
"419","2025/10/22","FPICO1T08:08","1999/07/20",1,4,43,NA,"PICO","L","I",20.8,NA,NA,NA," overq4_all","","Yes","WOND","CROK","","",NA,0,0,0,"2025/10/22","True",0.1,0.1,15,NA,NA,NA,NA,NA,NA,NA,NA,NA,NA
"420","2025/10/22","FPICO1T08:08","1999/07/20",1,4,44,NA,"PICO","L","C",32.2,NA,NA,NA," overq4_all","","Yes","DTOP","","","",NA,0,0,0,"2025/10/22","True",0.1,0.1,15,NA,NA,NA,NA,NA,NA,NA,NA,NA,NA
"421","2025/10/22","FPICO1T08:08","1999/07/20",1,4,45,NA,"PICO","L","C",35.9,NA,NA,NA," overq4_all","","Yes","FORK","","","",NA,0,0,0,"2025/10/22","True",0.1,0.1,15,NA,NA,NA,NA,NA,NA,NA,NA,NA,NA
"422","2025/10/22","FPICO1T08:08","1999/07/20",1,4,46,NA,"PICO","D","BAD",39.9,NA,NA,NA," overq4_all","","Yes","","","","",NA,0,0,0,"2025/10/22","True",0.1,0.1,15,NA,NA,NA,NA,NA,NA,NA,NA,NA,NA
"423","2025/10/22","FPICO1T08:08","1999/07/20",1,4,47,NA,"PICO","L","C",29.2,NA,NA,NA," overq4_all","","Yes","","","","",NA,0,0,0,"2025/10/22","True",0.1,0.1,15,NA,NA,NA,NA,NA,NA,NA,NA,NA,NA
"424","2025/10/22","FPICO1T08:08","1999/07/20",1,4,60,NA,"PICO","L","SC",15.7,NA,NA,NA," overq4_all","","Yes","LEAN","","","",NA,0,0,0,"2025/10/22","True",0.1,0.1,15,NA,NA,NA,NA,NA,NA,NA,NA,NA,NA
"425","2025/10/22","FPICO1T08:08","2000/08/20",1,1,1,NA,"PICO","D","X",12,4,NA,NA," poleq1_all","","Yes","","","","",NA,0,0,0,"2025/10/22","True",0.1,0.1,15,NA,NA,NA,NA,NA,NA,NA,NA,NA,NA
"426","2025/10/22","FPICO1T08:08","2000/08/20",1,1,2,NA,"ABLA","L","X",6.1,4,NA,NA," poleq1_all","","Yes","","","","",NA,0,0,0,"2025/10/22","True",0.1,0.1,15,NA,NA,NA,NA,NA,NA,NA,NA,NA,NA
"427","2025/10/22","FPICO1T08:08","2000/08/20",1,1,3,NA,"PICO","D","X",12.8,7,NA,NA," poleq1_all","","Yes","","","","",NA,0,0,0,"2025/10/22","True",0.1,0.1,15,NA,NA,NA,NA,NA,NA,NA,NA,NA,NA
"428","2025/10/22","FPICO1T08:08","2000/08/20",1,1,5,NA,"PICO","L","X",11,6,NA,NA," poleq1_all","","Yes","","","","",NA,0,0,0,"2025/10/22","True",0.1,0.1,15,NA,NA,NA,NA,NA,NA,NA,NA,NA,NA
"429","2025/10/22","FPICO1T08:08","2000/08/20",1,1,20,NA,"PICO","L","X",11.1,9,NA,NA," poleq1_all","","Yes","","","","",NA,0,0,0,"2025/10/22","True",0.1,0.1,15,NA,NA,NA,NA,NA,NA,NA,NA,NA,NA
"430","2025/10/22","FPICO1T08:08","2000/08/20",1,1,21,NA,"ABLA","L","X",14.9,9,NA,NA," poleq1_all","","Yes","","","","",NA,0,0,0,"2025/10/22","True",0.1,0.1,15,NA,NA,NA,NA,NA,NA,NA,NA,NA,NA
"431","2025/10/22","FPICO1T08:08","2000/08/20",1,1,23,NA,"PICO","L","X",8.3,6,NA,NA," poleq1_all","","Yes","","","","",NA,0,0,0,"2025/10/22","True",0.1,0.1,15,NA,NA,NA,NA,NA,NA,NA,NA,NA,NA
"432","2025/10/22","FPICO1T08:08","2000/08/20",1,1,24,NA,"ABLA","D","X",7.3,4,NA,NA," poleq1_all","","Yes","","","","",NA,0,0,0,"2025/10/22","True",0.1,0.1,15,NA,NA,NA,NA,NA,NA,NA,NA,NA,NA
"433","2025/10/22","FPICO1T08:08","2000/08/20",1,1,25,NA,"PICO","L","X",4,4,NA,NA," poleq1_all","","Yes","","","","",NA,0,0,0,"2025/10/22","True",0.1,0.1,15,NA,NA,NA,NA,NA,NA,NA,NA,NA,NA
"434","2025/10/22","FPICO1T08:08","2000/08/20",1,1,26,NA,"ABLA","L","X",4.3,4,NA,NA," poleq1_all","","Yes","","","","",NA,0,0,0,"2025/10/22","True",0.1,0.1,15,NA,NA,NA,NA,NA,NA,NA,NA,NA,NA
"435","2025/10/22","FPICO1T08:08","2000/08/20",1,1,27,NA,"PICO","L","X",2.8,2,NA,NA," poleq1_all","","Yes","","","","",NA,0,0,0,"2025/10/22","True",0.1,0.1,15,NA,NA,NA,NA,NA,NA,NA,NA,NA,NA
"436","2025/10/22","FPICO1T08:08","2000/08/20",1,1,28,NA,"PICO","L","X",2.5,2,NA,NA," poleq1_all","","Yes","","","","",NA,0,0,0,"2025/10/22","True",0.1,0.1,15,NA,NA,NA,NA,NA,NA,NA,NA,NA,NA
"437","2025/10/22","FPICO1T08:08","2000/08/20",1,1,29,NA,"PICO","L","X",3.4,3,NA,NA," poleq1_all","","Yes","","","","",NA,0,0,0,"2025/10/22","True",0.1,0.1,15,NA,NA,NA,NA,NA,NA,NA,NA,NA,NA
"438","2025/10/22","FPICO1T08:08","2000/08/20",1,1,30,NA,"ABLA","L","X",3.5,3,NA,NA," poleq1_all","","Yes","","","","",NA,0,0,0,"2025/10/22","True",0.1,0.1,15,NA,NA,NA,NA,NA,NA,NA,NA,NA,NA
"439","2025/10/22","FPICO1T08:08","2000/08/20",1,1,31,NA,"ABLA","L","X",3.4,3,NA,NA," poleq1_all","","Yes","","","","",NA,0,0,0,"2025/10/22","True",0.1,0.1,15,NA,NA,NA,NA,NA,NA,NA,NA,NA,NA
"440","2025/10/22","FPICO1T08:08","2000/08/20",1,1,1,NA,"PICO","L","I",25.6,NA,NA,NA," overq1_all","","Yes","WOND","LICH","DTOP","SPAR",NA,0,0,0,"2025/10/22","True",0.1,0.1,15,NA,NA,NA,NA,NA,NA,NA,NA,NA,NA
"441","2025/10/22","FPICO1T08:08","2000/08/20",1,1,2,NA,"PICO","L","C",30.5,NA,NA,NA," overq1_all","","Yes","LEAN","","","",NA,0,0,0,"2025/10/22","True",0.1,0.1,15,NA,NA,NA,NA,NA,NA,NA,NA,NA,NA
"442","2025/10/22","FPICO1T08:08","2000/08/20",1,1,3,NA,"PICO","L","C",28.6,NA,NA,NA," overq1_all","","Yes","LICH","LEAN","","",NA,0,0,0,"2025/10/22","True",0.1,0.1,15,NA,NA,NA,NA,NA,NA,NA,NA,NA,NA
"443","2025/10/22","FPICO1T08:08","2000/08/20",1,1,4,NA,"PICO","L","D",41.8,NA,NA,NA," overq1_all","","Yes","LEAN","WOND","","",NA,0,0,0,"2025/10/22","True",0.1,0.1,15,NA,NA,NA,NA,NA,NA,NA,NA,NA,NA
"444","2025/10/22","FPICO1T08:08","2000/08/20",1,1,5,NA,"PICO","D","LBS",32.7,NA,NA,NA," overq1_all","","Yes","","","","",NA,0,0,0,"2025/10/22","True",0.1,0.1,15,NA,NA,NA,NA,NA,NA,NA,NA,NA,NA
"445","2025/10/22","FPICO1T08:08","2000/08/20",1,1,6,NA,"PICO","D","CS",18.4,NA,NA,NA," overq1_all","","Yes","","","","",NA,0,0,0,"2025/10/22","True",0.1,0.1,15,NA,NA,NA,NA,NA,NA,NA,NA,NA,NA
"446","2025/10/22","FPICO1T08:08","2000/08/20",1,1,7,NA,"PICO","L","D",40,NA,NA,NA," overq1_all","","Yes","WOND","","","",NA,0,0,0,"2025/10/22","True",0.1,0.1,15,NA,NA,NA,NA,NA,NA,NA,NA,NA,NA
"447","2025/10/22","FPICO1T08:08","2000/08/20",1,1,8,NA,"PICO","L","C",31.7,NA,NA,NA," overq1_all","","Yes","WOND","","","",NA,0,0,0,"2025/10/22","True",0.1,0.1,15,NA,NA,NA,NA,NA,NA,NA,NA,NA,NA
"448","2025/10/22","FPICO1T08:08","2000/08/20",1,1,9,NA,"PICO","L","D",27.4,NA,NA,NA," overq1_all","","Yes","FORK","BURL","WOND","",NA,0,0,0,"2025/10/22","True",0.1,0.1,15,NA,NA,NA,NA,NA,NA,NA,NA,NA,NA
"449","2025/10/22","FPICO1T08:08","2000/08/20",1,1,10,NA,"PICO","L","C",33.5,NA,NA,NA," overq1_all","","Yes","WOND","LICH","DTOP","",NA,0,0,0,"2025/10/22","True",0.1,0.1,15,NA,NA,NA,NA,NA,NA,NA,NA,NA,NA
"450","2025/10/22","FPICO1T08:08","2000/08/20",1,1,11,NA,"PICO","L","I",15.1,NA,NA,NA," overq1_all","","Yes","WOND","CROK","INSE","",NA,0,0,0,"2025/10/22","True",0.1,0.1,15,NA,NA,NA,NA,NA,NA,NA,NA,NA,NA
"451","2025/10/22","FPICO1T08:08","2000/08/20",1,1,12,NA,"PICO","L","C",25.6,NA,NA,NA," overq1_all","","Yes","LICH","","","",NA,0,0,0,"2025/10/22","True",0.1,0.1,15,NA,NA,NA,NA,NA,NA,NA,NA,NA,NA
"452","2025/10/22","FPICO1T08:08","2000/08/20",1,1,13,NA,"PICO","D","CS",21.1,NA,NA,NA," overq1_all","","Yes","","","","",NA,0,0,0,"2025/10/22","True",0.1,0.1,15,NA,NA,NA,NA,NA,NA,NA,NA,NA,NA
"453","2025/10/22","FPICO1T08:08","2000/08/20",1,1,14,NA,"PICO","L","C",29.7,NA,NA,NA," overq1_all","","Yes","","","","",NA,0,0,0,"2025/10/22","True",0.1,0.1,15,NA,NA,NA,NA,NA,NA,NA,NA,NA,NA
"454","2025/10/22","FPICO1T08:08","2000/08/20",1,1,15,NA,"PICO","L","C",28.2,NA,NA,NA," overq1_all","","Yes","","","","",NA,0,0,0,"2025/10/22","True",0.1,0.1,15,NA,NA,NA,NA,NA,NA,NA,NA,NA,NA
"455","2025/10/22","FPICO1T08:08","2000/08/20",1,1,59,NA,"ABLA","L","I",15.8,NA,NA,NA," overq1_all","","Yes","WOND","INSE","","",NA,0,0,0,"2025/10/22","True",0.1,0.1,15,NA,NA,NA,NA,NA,NA,NA,NA,NA,NA
"456","2025/10/22","FPICO1T08:08","2000/08/20",1,1,79,NA,"ABLA","L","I",15.5,NA,NA,NA," overq1_all","","Yes","","","","",NA,0,0,0,"2025/10/22","True",0.1,0.1,15,NA,NA,NA,NA,NA,NA,NA,NA,NA,NA
"457","2025/10/22","FPICO1T08:08","2000/08/20",1,2,16,NA,"PICO","L","C",22.3,NA,NA,NA," overq2_all","","Yes","CROK","","","",NA,0,0,0,"2025/10/22","True",0.1,0.1,15,NA,NA,NA,NA,NA,NA,NA,NA,NA,NA
"458","2025/10/22","FPICO1T08:08","2000/08/20",1,2,17,NA,"PICO","L","D",39.4,NA,NA,NA," overq2_all","","Yes","FORK","WOND","LICH","",NA,0,0,0,"2025/10/22","True",0.1,0.1,15,NA,NA,NA,NA,NA,NA,NA,NA,NA,NA
"459","2025/10/22","FPICO1T08:08","2000/08/20",1,2,18,NA,"PICO","L","C",29.2,NA,NA,NA," overq2_all","","Yes","CROK","MAMM","LICH","",NA,0,0,0,"2025/10/22","True",0.1,0.1,15,NA,NA,NA,NA,NA,NA,NA,NA,NA,NA
"460","2025/10/22","FPICO1T08:08","2000/08/20",1,2,19,NA,"PICO","L","C",27.8,NA,NA,NA," overq2_all","","Yes","WOND","","","",NA,0,0,0,"2025/10/22","True",0.1,0.1,15,NA,NA,NA,NA,NA,NA,NA,NA,NA,NA
"461","2025/10/22","FPICO1T08:08","2000/08/20",1,2,20,NA,"PICO","L","C",23.6,NA,NA,NA," overq2_all","","Yes","","","","",NA,0,0,0,"2025/10/22","True",0.1,0.1,15,NA,NA,NA,NA,NA,NA,NA,NA,NA,NA
"462","2025/10/22","FPICO1T08:08","2000/08/20",1,2,21,NA,"PICO","D","CS",32,NA,NA,NA," overq2_all","","Yes","","","","",NA,0,0,0,"2025/10/22","True",0.1,0.1,15,NA,NA,NA,NA,NA,NA,NA,NA,NA,NA
"463","2025/10/22","FPICO1T08:08","2000/08/20",1,2,22,NA,"PICO","L","C",23.8,NA,NA,NA," overq2_all","","Yes","WOND","LICH","","",NA,0,0,0,"2025/10/22","True",0.1,0.1,15,NA,NA,NA,NA,NA,NA,NA,NA,NA,NA
"464","2025/10/22","FPICO1T08:08","2000/08/20",1,2,23,NA,"PICO","L","D",39.5,NA,NA,NA," overq2_all","","Yes","FIRE","LEAN","WOND","",NA,0,0,0,"2025/10/22","True",0.1,0.1,15,NA,NA,NA,NA,NA,NA,NA,NA,NA,NA
"465","2025/10/22","FPICO1T08:08","2000/08/20",1,2,24,NA,"PICO","L","C",19.7,NA,NA,NA," overq2_all","","Yes","LEAN","","","",NA,0,0,0,"2025/10/22","True",0.1,0.1,15,NA,NA,NA,NA,NA,NA,NA,NA,NA,NA
"466","2025/10/22","FPICO1T08:08","2000/08/20",1,2,25,NA,"PICO","L","I",32,NA,NA,NA," overq2_all","","Yes","FORK","","","",NA,0,0,0,"2025/10/22","True",0.1,0.1,15,NA,NA,NA,NA,NA,NA,NA,NA,NA,NA
"467","2025/10/22","FPICO1T08:08","2000/08/20",1,2,26,NA,"PICO","L","D",41.8,NA,NA,NA," overq2_all","","Yes","WOND","BROK","FORK","",NA,0,0,0,"2025/10/22","True",0.1,0.1,15,NA,NA,NA,NA,NA,NA,NA,NA,NA,NA
"468","2025/10/22","FPICO1T08:08","2000/08/20",1,2,27,NA,"ABLA","L","I",20.6,NA,NA,NA," overq2_all","","Yes","EPIC","INSE","","",NA,0,0,0,"2025/10/22","True",0.1,0.1,15,NA,NA,NA,NA,NA,NA,NA,NA,NA,NA
"469","2025/10/22","FPICO1T08:08","2003/08/12",1,1,1,NA,"PICO","D","X",12.5,5,NA,NA," poleq1_all","","Yes","","","",NA,NA,0,0,0,"2025/10/22","True",0.1,0.1,15,NA,NA,NA,NA,NA,NA,NA,NA,NA,NA
"470","2025/10/22","FPICO1T08:08","2003/08/12",1,1,2,NA,"ABLA","L","X",6.3,5,NA,NA," poleq1_all","","Yes","","","",NA,NA,0,0,0,"2025/10/22","True",0.1,0.1,15,NA,NA,NA,NA,NA,NA,NA,NA,NA,NA
"471","2025/10/22","FPICO1T08:08","2003/08/12",1,1,3,NA,"PICO","D","X",12.2,7,NA,NA," poleq1_all","","Yes","","","",NA,NA,0,0,0,"2025/10/22","True",0.1,0.1,15,NA,NA,NA,NA,NA,NA,NA,NA,NA,NA
"472","2025/10/22","FPICO1T08:08","2003/08/12",1,1,5,NA,"PICO","L","X",10.9,7,NA,NA," poleq1_all","","Yes","","","",NA,NA,0,0,0,"2025/10/22","True",0.1,0.1,15,NA,NA,NA,NA,NA,NA,NA,NA,NA,NA
"473","2025/10/22","FPICO1T08:08","2003/08/12",1,2,20,NA,"PICO","L","X",11.2,8,NA,NA," poleq2_all","","Yes","","","",NA,NA,0,0,0,"2025/10/22","True",0.1,0.1,15,NA,NA,NA,NA,NA,NA,NA,NA,NA,NA
"474","2025/10/22","FPICO1T08:08","2003/08/12",1,2,23,NA,"PICO","L","X",9,7,NA,NA," poleq2_all","","Yes","","","",NA,NA,0,0,0,"2025/10/22","True",0.1,0.1,15,NA,NA,NA,NA,NA,NA,NA,NA,NA,NA
"475","2025/10/22","FPICO1T08:08","2003/08/12",1,2,24,NA,"ABLA","D","X",7.3,5,NA,NA," poleq2_all","","Yes","","","",NA,NA,0,0,0,"2025/10/22","True",0.1,0.1,15,NA,NA,NA,NA,NA,NA,NA,NA,NA,NA
"476","2025/10/22","FPICO1T08:08","2003/08/12",1,2,25,NA,"PICO","L","X",4.3,4,NA,NA," poleq2_all","","Yes","","","",NA,NA,0,0,0,"2025/10/22","True",0.1,0.1,15,NA,NA,NA,NA,NA,NA,NA,NA,NA,NA
"477","2025/10/22","FPICO1T08:08","2003/08/12",1,2,26,NA,"ABLA","L","X",4.5,4,NA,NA," poleq2_all","","Yes","","","",NA,NA,0,0,0,"2025/10/22","True",0.1,0.1,15,NA,NA,NA,NA,NA,NA,NA,NA,NA,NA
"478","2025/10/22","FPICO1T08:08","2003/08/12",1,2,27,NA,"PICO","L","X",3.4,3,NA,NA," poleq2_all","","Yes","","","",NA,NA,0,0,0,"2025/10/22","True",0.1,0.1,15,NA,NA,NA,NA,NA,NA,NA,NA,NA,NA
"479","2025/10/22","FPICO1T08:08","2003/08/12",1,2,28,NA,"ABLA","L","X",2.7,3,NA,NA," poleq2_all","","Yes","","","",NA,NA,0,0,0,"2025/10/22","True",0.1,0.1,15,NA,NA,NA,NA,NA,NA,NA,NA,NA,NA
"480","2025/10/22","FPICO1T08:08","2003/08/12",1,2,29,NA,"ABLA","L","X",3.6,3,NA,NA," poleq2_all","","Yes","","","",NA,NA,0,0,0,"2025/10/22","True",0.1,0.1,15,NA,NA,NA,NA,NA,NA,NA,NA,NA,NA
"481","2025/10/22","FPICO1T08:08","2003/08/12",1,2,30,NA,"ABLA","L","X",3.4,3,NA,NA," poleq2_all","","Yes","","","",NA,NA,0,0,0,"2025/10/22","True",0.1,0.1,15,NA,NA,NA,NA,NA,NA,NA,NA,NA,NA
"482","2025/10/22","FPICO1T08:08","2003/08/12",1,2,31,NA,"ABLA","L","X",3.5,3,NA,NA," poleq2_all","","Yes","","","",NA,NA,0,0,0,"2025/10/22","True",0.1,0.1,15,NA,NA,NA,NA,NA,NA,NA,NA,NA,NA
"483","2025/10/22","FPICO1T08:08","2003/08/12",1,2,32,NA,"ABLA","L","X",3.3,3,NA,NA," poleq2_all","","Yes","","","",NA,NA,0,0,0,"2025/10/22","True",0.1,0.1,15,NA,NA,NA,NA,NA,NA,NA,NA,NA,NA
"484","2025/10/22","FPICO1T08:08","2003/08/12",1,1,1,NA,"PICO","L","C",25.1,NA,NA,NA," overq1_all","","Yes","SPAR","FORK","",NA,NA,0,0,0,"2025/10/22","True",0.1,0.1,15,NA,NA,NA,NA,NA,NA,NA,NA,NA,NA
"485","2025/10/22","FPICO1T08:08","2003/08/12",1,1,2,NA,"PICO","L","C",31.5,NA,NA,NA," overq1_all","","Yes","SPAR","","",NA,NA,0,0,0,"2025/10/22","True",0.1,0.1,15,NA,NA,NA,NA,NA,NA,NA,NA,NA,NA
"486","2025/10/22","FPICO1T08:08","2003/08/12",1,1,3,NA,"PICO","L","C",28.8,NA,NA,NA," overq1_all","","Yes","SPAR","","",NA,NA,0,0,0,"2025/10/22","True",0.1,0.1,15,NA,NA,NA,NA,NA,NA,NA,NA,NA,NA
"487","2025/10/22","FPICO1T08:08","2003/08/12",1,1,4,NA,"PICO","L","D",41.3,NA,NA,NA," overq1_all","","Yes","","","",NA,NA,0,0,0,"2025/10/22","True",0.1,0.1,15,NA,NA,NA,NA,NA,NA,NA,NA,NA,NA
"488","2025/10/22","FPICO1T08:08","2003/08/12",1,1,5,NA,"PICO","D","LBS",31.6,NA,NA,NA," overq1_all","","Yes","SNAG","WOND","LEAN",NA,NA,0,0,0,"2025/10/22","True",0.1,0.1,15,NA,NA,NA,NA,NA,NA,NA,NA,NA,NA
"489","2025/10/22","FPICO1T08:08","2003/08/12",1,1,6,NA,"PICO","D","CS",18.5,NA,NA,NA," overq1_all","","Yes","SNAG","","",NA,NA,0,0,0,"2025/10/22","True",0.1,0.1,15,NA,NA,NA,NA,NA,NA,NA,NA,NA,NA
"490","2025/10/22","FPICO1T08:08","2003/08/12",1,1,7,NA,"PICO","L","C",40,NA,NA,NA," overq1_all","","Yes","","","",NA,NA,0,0,0,"2025/10/22","True",0.1,0.1,15,NA,NA,NA,NA,NA,NA,NA,NA,NA,NA
"491","2025/10/22","FPICO1T08:08","2003/08/12",1,1,8,NA,"PICO","L","C",31.6,NA,NA,NA," overq1_all","","Yes","SPAR","","",NA,NA,0,0,0,"2025/10/22","True",0.1,0.1,15,NA,NA,NA,NA,NA,NA,NA,NA,NA,NA
"492","2025/10/22","FPICO1T08:08","2003/08/12",1,1,9,NA,"PICO","L","C",28.3,NA,NA,NA," overq1_all","","Yes","FORK","ABGR","WOND",NA,NA,0,0,0,"2025/10/22","True",0.1,0.1,15,NA,NA,NA,NA,NA,NA,NA,NA,NA,NA
"493","2025/10/22","FPICO1T08:08","2003/08/12",1,1,10,NA,"PICO","L","C",34,NA,NA,NA," overq1_all","","Yes","DTOP","","",NA,NA,0,0,0,"2025/10/22","True",0.1,0.1,15,NA,NA,NA,NA,NA,NA,NA,NA,NA,NA
"494","2025/10/22","FPICO1T08:08","2003/08/12",1,1,11,NA,"PICO","L","I",15.3,NA,NA,NA," overq1_all","","Yes","SPAR","","",NA,NA,0,0,0,"2025/10/22","True",0.1,0.1,15,NA,NA,NA,NA,NA,NA,NA,NA,NA,NA
"495","2025/10/22","FPICO1T08:08","2003/08/12",1,1,12,NA,"PICO","L","C",26.1,NA,NA,NA," overq1_all","","Yes","","","",NA,NA,0,0,0,"2025/10/22","True",0.1,0.1,15,NA,NA,NA,NA,NA,NA,NA,NA,NA,NA
"496","2025/10/22","FPICO1T08:08","2003/08/12",1,1,14,NA,"PICO","L","C",29.4,NA,NA,NA," overq1_all","","Yes","","","",NA,NA,0,0,0,"2025/10/22","True",0.1,0.1,15,NA,NA,NA,NA,NA,NA,NA,NA,NA,NA
"497","2025/10/22","FPICO1T08:08","2003/08/12",1,1,15,NA,"PICO","L","C",27.9,NA,NA,NA," overq1_all","","Yes","","","",NA,NA,0,0,0,"2025/10/22","True",0.1,0.1,15,NA,NA,NA,NA,NA,NA,NA,NA,NA,NA
"498","2025/10/22","FPICO1T08:08","2003/08/12",1,1,59,NA,"ABLA","L","C",16.1,NA,NA,NA," overq1_all","","Yes","LICH","","",NA,NA,0,0,0,"2025/10/22","True",0.1,0.1,15,NA,NA,NA,NA,NA,NA,NA,NA,NA,NA
"499","2025/10/22","FPICO1T08:08","2003/08/12",1,1,79,NA,"ABLA","L","I",15.9,NA,NA,NA," overq1_all","","Yes","","","",NA,NA,0,0,0,"2025/10/22","True",0.1,0.1,15,NA,NA,NA,NA,NA,NA,NA,NA,NA,NA
"500","2025/10/22","FPICO1T08:08","2003/08/12",1,2,16,NA,"PICO","L","C",22.4,NA,NA,NA," overq2_all","","Yes","","","",NA,NA,0,0,0,"2025/10/22","True",0.1,0.1,15,NA,NA,NA,NA,NA,NA,NA,NA,NA,NA
"501","2025/10/22","FPICO1T08:08","2003/08/12",1,2,17,NA,"PICO","L","D",39.8,NA,NA,NA," overq2_all","","Yes","FORK","","",NA,NA,0,0,0,"2025/10/22","True",0.1,0.1,15,NA,NA,NA,NA,NA,NA,NA,NA,NA,NA
"502","2025/10/22","FPICO1T08:08","2003/08/12",1,2,18,NA,"PICO","L","C",29.3,NA,NA,NA," overq2_all","","Yes","","","",NA,NA,0,0,0,"2025/10/22","True",0.1,0.1,15,NA,NA,NA,NA,NA,NA,NA,NA,NA,NA
"503","2025/10/22","FPICO1T08:08","2003/08/12",1,2,19,NA,"PICO","L","C",18,NA,NA,NA," overq2_all","","Yes","DTOP","","",NA,NA,0,0,0,"2025/10/22","True",0.1,0.1,15,NA,NA,NA,NA,NA,NA,NA,NA,NA,NA
"504","2025/10/22","FPICO1T08:08","2003/08/12",1,2,20,NA,"PICO","L","C",23.9,NA,NA,NA," overq2_all","","Yes","","","",NA,NA,0,0,0,"2025/10/22","True",0.1,0.1,15,NA,NA,NA,NA,NA,NA,NA,NA,NA,NA
"505","2025/10/22","FPICO1T08:08","2003/08/12",1,2,21,NA,"PICO","D","CS",31.9,NA,NA,NA," overq2_all","","Yes","SNAG","LIGT","",NA,NA,0,0,0,"2025/10/22","True",0.1,0.1,15,NA,NA,NA,NA,NA,NA,NA,NA,NA,NA
"506","2025/10/22","FPICO1T08:08","2003/08/12",1,2,22,NA,"PICO","L","C",24,NA,NA,NA," overq2_all","","Yes","","","",NA,NA,0,0,0,"2025/10/22","True",0.1,0.1,15,NA,NA,NA,NA,NA,NA,NA,NA,NA,NA
"507","2025/10/22","FPICO1T08:08","2003/08/12",1,2,23,NA,"PICO","D","RS",38.2,NA,NA,NA," overq2_all","","Yes","SNAG","","",NA,NA,0,0,0,"2025/10/22","True",0.1,0.1,15,NA,NA,NA,NA,NA,NA,NA,NA,NA,NA
"508","2025/10/22","FPICO1T08:08","2003/08/12",1,2,24,NA,"PICO","L","C",19.7,NA,NA,NA," overq2_all","","Yes","","","",NA,NA,0,0,0,"2025/10/22","True",0.1,0.1,15,NA,NA,NA,NA,NA,NA,NA,NA,NA,NA
"509","2025/10/22","FPICO1T08:08","2003/08/12",1,2,25,NA,"PICO","D","RS",32.1,NA,NA,NA," overq2_all","","Yes","SNAG","","",NA,NA,0,0,0,"2025/10/22","True",0.1,0.1,15,NA,NA,NA,NA,NA,NA,NA,NA,NA,NA
"510","2025/10/22","FPICO1T08:08","2003/08/12",1,2,26,NA,"PICO","L","D",42.4,NA,NA,NA," overq2_all","","Yes","FORK","","",NA,NA,0,0,0,"2025/10/22","True",0.1,0.1,15,NA,NA,NA,NA,NA,NA,NA,NA,NA,NA
"511","2025/10/22","FPICO1T08:08","2003/08/12",1,2,60,NA,"ABLA","L","SC",15.7,NA,NA,NA," overq2_all","","Yes","ABGR","","",NA,NA,0,0,0,"2025/10/22","True",0.1,0.1,15,NA,NA,NA,NA,NA,NA,NA,NA,NA,NA
"512","2025/10/22","FPICO1T08:08","2003/08/12",1,2,80,NA,"ABLA","L","I",15.3,NA,NA,NA," overq2_all","","Yes","","","",NA,NA,0,0,0,"2025/10/22","True",0.1,0.1,15,NA,NA,NA,NA,NA,NA,NA,NA,NA,NA
"513","2025/10/22","FPICO1T08:09","1998/07/29",1,1,1,NA,"PICO","L","X",8.4,10,NA,NA," poleq1_all","","Yes","",NA,NA,NA,NA,NA,NA,NA,"2025/10/22","True",0.1,0.1,15,NA,NA,NA,NA,NA,NA,NA,NA,NA,NA
"514","2025/10/22","FPICO1T08:09","1998/07/29",1,1,2,NA,"PICO","L","X",11.4,8,NA,NA," poleq1_all","","Yes","",NA,NA,NA,NA,NA,NA,NA,"2025/10/22","True",0.1,0.1,15,NA,NA,NA,NA,NA,NA,NA,NA,NA,NA
"515","2025/10/22","FPICO1T08:09","1998/07/29",1,1,3,NA,"PICO","L","X",7.3,6,NA,NA," poleq1_all","","Yes","",NA,NA,NA,NA,NA,NA,NA,"2025/10/22","True",0.1,0.1,15,NA,NA,NA,NA,NA,NA,NA,NA,NA,NA
"516","2025/10/22","FPICO1T08:09","1998/07/29",1,1,4,NA,"PICO","L","X",10.9,6,NA,NA," poleq1_all","","Yes","",NA,NA,NA,NA,NA,NA,NA,"2025/10/22","True",0.1,0.1,15,NA,NA,NA,NA,NA,NA,NA,NA,NA,NA
"517","2025/10/22","FPICO1T08:09","1998/07/29",1,1,5,NA,"PICO","D","X",10.3,8,NA,NA," poleq1_all","","Yes","",NA,NA,NA,NA,NA,NA,NA,"2025/10/22","True",0.1,0.1,15,NA,NA,NA,NA,NA,NA,NA,NA,NA,NA
"518","2025/10/22","FPICO1T08:09","1998/07/29",1,1,6,NA,"PICO","L","X",5.1,4,NA,NA," poleq1_all","","Yes","",NA,NA,NA,NA,NA,NA,NA,"2025/10/22","True",0.1,0.1,15,NA,NA,NA,NA,NA,NA,NA,NA,NA,NA
"519","2025/10/22","FPICO1T08:09","1998/07/29",1,1,7,NA,"PICO","L","X",8.8,9,NA,NA," poleq1_all","","Yes","",NA,NA,NA,NA,NA,NA,NA,"2025/10/22","True",0.1,0.1,15,NA,NA,NA,NA,NA,NA,NA,NA,NA,NA
"520","2025/10/22","FPICO1T08:09","1998/07/29",1,1,8,NA,"PICO","L","X",11.5,10,NA,NA," poleq1_all","","Yes","",NA,NA,NA,NA,NA,NA,NA,"2025/10/22","True",0.1,0.1,15,NA,NA,NA,NA,NA,NA,NA,NA,NA,NA
"521","2025/10/22","FPICO1T08:09","1998/07/29",1,1,9,NA,"PICO","L","X",13.5,10,NA,NA," poleq1_all","","Yes","",NA,NA,NA,NA,NA,NA,NA,"2025/10/22","True",0.1,0.1,15,NA,NA,NA,NA,NA,NA,NA,NA,NA,NA
"522","2025/10/22","FPICO1T08:09","1998/07/29",1,1,10,NA,"PICO","L","X",11.1,10,NA,NA," poleq1_all","","Yes","",NA,NA,NA,NA,NA,NA,NA,"2025/10/22","True",0.1,0.1,15,NA,NA,NA,NA,NA,NA,NA,NA,NA,NA
"523","2025/10/22","FPICO1T08:09","1998/07/29",1,1,22,NA,"PICO","D","X",5.3,4,NA,NA," poleq1_all","","Yes","",NA,NA,NA,NA,NA,NA,NA,"2025/10/22","True",0.1,0.1,15,NA,NA,NA,NA,NA,NA,NA,NA,NA,NA
"524","2025/10/22","FPICO1T08:09","1998/07/29",1,1,23,NA,"PICO","D","X",2.6,3,NA,NA," poleq1_all","","Yes","",NA,NA,NA,NA,NA,NA,NA,"2025/10/22","True",0.1,0.1,15,NA,NA,NA,NA,NA,NA,NA,NA,NA,NA
"525","2025/10/22","FPICO1T08:09","1998/07/29",1,1,24,NA,"PICO","D","X",5.9,3,NA,NA," poleq1_all","","Yes","",NA,NA,NA,NA,NA,NA,NA,"2025/10/22","True",0.1,0.1,15,NA,NA,NA,NA,NA,NA,NA,NA,NA,NA
"526","2025/10/22","FPICO1T08:09","1998/07/29",1,1,25,NA,"PICO","D","X",5.8,3,NA,NA," poleq1_all","","Yes","",NA,NA,NA,NA,NA,NA,NA,"2025/10/22","True",0.1,0.1,15,NA,NA,NA,NA,NA,NA,NA,NA,NA,NA
"527","2025/10/22","FPICO1T08:09","1998/07/29",1,2,11,NA,"PICO","L","X",12.4,10,NA,NA," poleq2_all","","Yes","",NA,NA,NA,NA,NA,NA,NA,"2025/10/22","True",0.1,0.1,15,NA,NA,NA,NA,NA,NA,NA,NA,NA,NA
"528","2025/10/22","FPICO1T08:09","1998/07/29",1,2,12,NA,"ABLA","L","X",14.3,10,NA,NA," poleq2_all","","Yes","",NA,NA,NA,NA,NA,NA,NA,"2025/10/22","True",0.1,0.1,15,NA,NA,NA,NA,NA,NA,NA,NA,NA,NA
"529","2025/10/22","FPICO1T08:09","1998/07/29",1,2,13,NA,"PICO","L","X",11.4,10,NA,NA," poleq2_all","","Yes","",NA,NA,NA,NA,NA,NA,NA,"2025/10/22","True",0.1,0.1,15,NA,NA,NA,NA,NA,NA,NA,NA,NA,NA
"530","2025/10/22","FPICO1T08:09","1998/07/29",1,2,14,NA,"PICO","D","X",6.8,9,NA,NA," poleq2_all","","Yes","",NA,NA,NA,NA,NA,NA,NA,"2025/10/22","True",0.1,0.1,15,NA,NA,NA,NA,NA,NA,NA,NA,NA,NA
"531","2025/10/22","FPICO1T08:09","1998/07/29",1,2,15,NA,"PICO","L","X",12.2,10,NA,NA," poleq2_all","","Yes","",NA,NA,NA,NA,NA,NA,NA,"2025/10/22","True",0.1,0.1,15,NA,NA,NA,NA,NA,NA,NA,NA,NA,NA
"532","2025/10/22","FPICO1T08:09","1998/07/29",1,2,16,NA,"PICO","L","X",14.5,10,NA,NA," poleq2_all","","Yes","",NA,NA,NA,NA,NA,NA,NA,"2025/10/22","True",0.1,0.1,15,NA,NA,NA,NA,NA,NA,NA,NA,NA,NA
"533","2025/10/22","FPICO1T08:09","1998/07/29",1,2,17,NA,"PICO","D","X",8.6,9,NA,NA," poleq2_all","","Yes","",NA,NA,NA,NA,NA,NA,NA,"2025/10/22","True",0.1,0.1,15,NA,NA,NA,NA,NA,NA,NA,NA,NA,NA
"534","2025/10/22","FPICO1T08:09","1998/07/29",1,2,18,NA,"PICO","L","X",9.9,9,NA,NA," poleq2_all","","Yes","",NA,NA,NA,NA,NA,NA,NA,"2025/10/22","True",0.1,0.1,15,NA,NA,NA,NA,NA,NA,NA,NA,NA,NA
"535","2025/10/22","FPICO1T08:09","1998/07/29",1,2,19,NA,"PICO","L","X",13.6,10,NA,NA," poleq2_all","","Yes","",NA,NA,NA,NA,NA,NA,NA,"2025/10/22","True",0.1,0.1,15,NA,NA,NA,NA,NA,NA,NA,NA,NA,NA
"536","2025/10/22","FPICO1T08:09","1998/07/29",1,2,20,NA,"PICO","L","X",10.9,9,NA,NA," poleq2_all","","Yes","",NA,NA,NA,NA,NA,NA,NA,"2025/10/22","True",0.1,0.1,15,NA,NA,NA,NA,NA,NA,NA,NA,NA,NA
"537","2025/10/22","FPICO1T08:09","1998/07/29",1,2,21,NA,"PICO","L","X",2.9,3,NA,NA," poleq2_all","","Yes","",NA,NA,NA,NA,NA,NA,NA,"2025/10/22","True",0.1,0.1,15,NA,NA,NA,NA,NA,NA,NA,NA,NA,NA
"538","2025/10/22","FPICO1T08:09","1998/07/29",1,1,48,NA,"PICO","L","I",20.6,NA,NA,NA," overq1_all","","Yes","",NA,NA,NA,NA,NA,NA,NA,"2025/10/22","True",0.1,0.1,15,NA,NA,NA,NA,NA,NA,NA,NA,NA,NA
"539","2025/10/22","FPICO1T08:09","1998/07/29",1,1,49,NA,"PICO","L","I",15.1,NA,NA,NA," overq1_all","","Yes","",NA,NA,NA,NA,NA,NA,NA,"2025/10/22","True",0.1,0.1,15,NA,NA,NA,NA,NA,NA,NA,NA,NA,NA
"540","2025/10/22","FPICO1T08:09","1998/07/29",1,1,50,NA,"PICO","L","I",21.5,NA,NA,NA," overq1_all","","Yes","",NA,NA,NA,NA,NA,NA,NA,"2025/10/22","True",0.1,0.1,15,NA,NA,NA,NA,NA,NA,NA,NA,NA,NA
"541","2025/10/22","FPICO1T08:09","1998/07/29",1,1,51,NA,"PICO","L","I",20.7,NA,NA,NA," overq1_all","","Yes","",NA,NA,NA,NA,NA,NA,NA,"2025/10/22","True",0.1,0.1,15,NA,NA,NA,NA,NA,NA,NA,NA,NA,NA
"542","2025/10/22","FPICO1T08:09","1998/07/29",1,1,52,NA,"PICO","L","I",23.5,NA,NA,NA," overq1_all","","Yes","CROK",NA,NA,NA,NA,NA,NA,NA,"2025/10/22","True",0.1,0.1,15,NA,NA,NA,NA,NA,NA,NA,NA,NA,NA
"543","2025/10/22","FPICO1T08:09","1998/07/29",1,1,53,NA,"PICO","L","I",24,NA,NA,NA," overq1_all","","Yes","TWIN",NA,NA,NA,NA,NA,NA,NA,"2025/10/22","True",0.1,0.1,15,NA,NA,NA,NA,NA,NA,NA,NA,NA,NA
"544","2025/10/22","FPICO1T08:09","1998/07/29",1,1,54,NA,"PICO","L","I",15.5,NA,NA,NA," overq1_all","","Yes","TWIN",NA,NA,NA,NA,NA,NA,NA,"2025/10/22","True",0.1,0.1,15,NA,NA,NA,NA,NA,NA,NA,NA,NA,NA
"545","2025/10/22","FPICO1T08:09","1998/07/29",1,1,55,NA,"PICO","L","I",22.7,NA,NA,NA," overq1_all","","Yes","",NA,NA,NA,NA,NA,NA,NA,"2025/10/22","True",0.1,0.1,15,NA,NA,NA,NA,NA,NA,NA,NA,NA,NA
"546","2025/10/22","FPICO1T08:09","1998/07/29",1,1,56,NA,"ABLA","L","I",27,NA,NA,NA," overq1_all","","Yes","",NA,NA,NA,NA,NA,NA,NA,"2025/10/22","True",0.1,0.1,15,NA,NA,NA,NA,NA,NA,NA,NA,NA,NA
"547","2025/10/22","FPICO1T08:09","1998/07/29",1,1,57,NA,"PICO","L","C",33.5,NA,NA,NA," overq1_all","","Yes","CROK",NA,NA,NA,NA,NA,NA,NA,"2025/10/22","True",0.1,0.1,15,NA,NA,NA,NA,NA,NA,NA,NA,NA,NA
"548","2025/10/22","FPICO1T08:09","1998/07/29",1,1,58,NA,"PICO","L","C",20.6,NA,NA,NA," overq1_all","","Yes","CROK",NA,NA,NA,NA,NA,NA,NA,"2025/10/22","True",0.1,0.1,15,NA,NA,NA,NA,NA,NA,NA,NA,NA,NA
"549","2025/10/22","FPICO1T08:09","1998/07/29",1,1,59,NA,"PICO","L","C",25.5,NA,NA,NA," overq1_all","","Yes","",NA,NA,NA,NA,NA,NA,NA,"2025/10/22","True",0.1,0.1,15,NA,NA,NA,NA,NA,NA,NA,NA,NA,NA
"550","2025/10/22","FPICO1T08:09","1998/07/29",1,1,60,NA,"PICO","L","C",22.5,NA,NA,NA," overq1_all","","Yes","",NA,NA,NA,NA,NA,NA,NA,"2025/10/22","True",0.1,0.1,15,NA,NA,NA,NA,NA,NA,NA,NA,NA,NA
"551","2025/10/22","FPICO1T08:09","1998/07/29",1,1,61,NA,"PICO","L","C",23.3,NA,NA,NA," overq1_all","","Yes","",NA,NA,NA,NA,NA,NA,NA,"2025/10/22","True",0.1,0.1,15,NA,NA,NA,NA,NA,NA,NA,NA,NA,NA
"552","2025/10/22","FPICO1T08:09","1998/07/29",1,1,62,NA,"PICO","L","I",19.6,NA,NA,NA," overq1_all","","Yes","FORK",NA,NA,NA,NA,NA,NA,NA,"2025/10/22","True",0.1,0.1,15,NA,NA,NA,NA,NA,NA,NA,NA,NA,NA
"553","2025/10/22","FPICO1T08:09","1998/07/29",1,1,63,NA,"PICO","L","D",31.7,NA,NA,NA," overq1_all","","Yes","",NA,NA,NA,NA,NA,NA,NA,"2025/10/22","True",0.1,0.1,15,NA,NA,NA,NA,NA,NA,NA,NA,NA,NA
"554","2025/10/22","FPICO1T08:09","1998/07/29",1,1,64,NA,"PICO","L","I",25.2,NA,NA,NA," overq1_all","","Yes","TWIN",NA,NA,NA,NA,NA,NA,NA,"2025/10/22","True",0.1,0.1,15,NA,NA,NA,NA,NA,NA,NA,NA,NA,NA
"555","2025/10/22","FPICO1T08:09","1998/07/29",1,1,65,NA,"PICO","L","C",27.6,NA,NA,NA," overq1_all","","Yes","TWIN",NA,NA,NA,NA,NA,NA,NA,"2025/10/22","True",0.1,0.1,15,NA,NA,NA,NA,NA,NA,NA,NA,NA,NA
"556","2025/10/22","FPICO1T08:09","1998/07/29",1,1,66,NA,"PICO","L","I",17.2,NA,NA,NA," overq1_all","","Yes","",NA,NA,NA,NA,NA,NA,NA,"2025/10/22","True",0.1,0.1,15,NA,NA,NA,NA,NA,NA,NA,NA,NA,NA
"557","2025/10/22","FPICO1T08:09","1998/07/29",1,1,67,NA,"PICO","L","C",26.2,NA,NA,NA," overq1_all","","Yes","TWIN",NA,NA,NA,NA,NA,NA,NA,"2025/10/22","True",0.1,0.1,15,NA,NA,NA,NA,NA,NA,NA,NA,NA,NA
"558","2025/10/22","FPICO1T08:09","1998/07/29",1,1,68,NA,"PICO","L","C",29.5,NA,NA,NA," overq1_all","","Yes","TWIN",NA,NA,NA,NA,NA,NA,NA,"2025/10/22","True",0.1,0.1,15,NA,NA,NA,NA,NA,NA,NA,NA,NA,NA
"559","2025/10/22","FPICO1T08:09","1998/07/29",1,2,69,NA,"PICO","L","C",37.4,NA,NA,NA," overq2_all","","Yes","CROK",NA,NA,NA,NA,NA,NA,NA,"2025/10/22","True",0.1,0.1,15,NA,NA,NA,NA,NA,NA,NA,NA,NA,NA
"560","2025/10/22","FPICO1T08:09","1998/07/29",1,2,70,NA,"PICO","L","C",28.7,NA,NA,NA," overq2_all","","Yes","",NA,NA,NA,NA,NA,NA,NA,"2025/10/22","True",0.1,0.1,15,NA,NA,NA,NA,NA,NA,NA,NA,NA,NA
"561","2025/10/22","FPICO1T08:09","1998/07/29",1,2,71,NA,"PICO","L","I",16.3,NA,NA,NA," overq2_all","","Yes","",NA,NA,NA,NA,NA,NA,NA,"2025/10/22","True",0.1,0.1,15,NA,NA,NA,NA,NA,NA,NA,NA,NA,NA
"562","2025/10/22","FPICO1T08:09","1998/07/29",1,2,72,NA,"PICO","L","I",18.5,NA,NA,NA," overq2_all","","Yes","",NA,NA,NA,NA,NA,NA,NA,"2025/10/22","True",0.1,0.1,15,NA,NA,NA,NA,NA,NA,NA,NA,NA,NA
"563","2025/10/22","FPICO1T08:09","1998/07/29",1,2,73,NA,"PICO","L","C",22.8,NA,NA,NA," overq2_all","","Yes","",NA,NA,NA,NA,NA,NA,NA,"2025/10/22","True",0.1,0.1,15,NA,NA,NA,NA,NA,NA,NA,NA,NA,NA
"564","2025/10/22","FPICO1T08:09","1998/07/29",1,2,74,NA,"PICO","L","I",19.5,NA,NA,NA," overq2_all","","Yes","",NA,NA,NA,NA,NA,NA,NA,"2025/10/22","True",0.1,0.1,15,NA,NA,NA,NA,NA,NA,NA,NA,NA,NA
"565","2025/10/22","FPICO1T08:09","1998/07/29",1,2,75,NA,"PICO","L","C",26.5,NA,NA,NA," overq2_all","","Yes","",NA,NA,NA,NA,NA,NA,NA,"2025/10/22","True",0.1,0.1,15,NA,NA,NA,NA,NA,NA,NA,NA,NA,NA
"566","2025/10/22","FPICO1T08:09","1998/07/29",1,2,76,NA,"PICO","L","C",19,NA,NA,NA," overq2_all","","Yes","",NA,NA,NA,NA,NA,NA,NA,"2025/10/22","True",0.1,0.1,15,NA,NA,NA,NA,NA,NA,NA,NA,NA,NA
"567","2025/10/22","FPICO1T08:09","1998/07/29",1,2,77,NA,"PICO","L","I",15.7,NA,NA,NA," overq2_all","","Yes","",NA,NA,NA,NA,NA,NA,NA,"2025/10/22","True",0.1,0.1,15,NA,NA,NA,NA,NA,NA,NA,NA,NA,NA
"568","2025/10/22","FPICO1T08:09","1998/07/29",1,2,78,NA,"PICO","L","C",19.5,NA,NA,NA," overq2_all","","Yes","WOND",NA,NA,NA,NA,NA,NA,NA,"2025/10/22","True",0.1,0.1,15,NA,NA,NA,NA,NA,NA,NA,NA,NA,NA
"569","2025/10/22","FPICO1T08:09","1998/07/29",1,2,79,NA,"PICO","L","I",17.3,NA,NA,NA," overq2_all","","Yes","",NA,NA,NA,NA,NA,NA,NA,"2025/10/22","True",0.1,0.1,15,NA,NA,NA,NA,NA,NA,NA,NA,NA,NA
"570","2025/10/22","FPICO1T08:09","1998/07/29",1,2,80,NA,"PICO","L","I",16.5,NA,NA,NA," overq2_all","","Yes","",NA,NA,NA,NA,NA,NA,NA,"2025/10/22","True",0.1,0.1,15,NA,NA,NA,NA,NA,NA,NA,NA,NA,NA
"571","2025/10/22","FPICO1T08:09","1998/07/29",1,2,81,NA,"PICO","L","I",15.1,NA,NA,NA," overq2_all","","Yes","",NA,NA,NA,NA,NA,NA,NA,"2025/10/22","True",0.1,0.1,15,NA,NA,NA,NA,NA,NA,NA,NA,NA,NA
"572","2025/10/22","FPICO1T08:09","1998/07/29",1,2,82,NA,"PICO","L","D",27.4,NA,NA,NA," overq2_all","","Yes","",NA,NA,NA,NA,NA,NA,NA,"2025/10/22","True",0.1,0.1,15,NA,NA,NA,NA,NA,NA,NA,NA,NA,NA
"573","2025/10/22","FPICO1T08:09","1998/07/29",1,2,84,NA,"PICO","L","I",22.2,NA,NA,NA," overq2_all","","Yes","",NA,NA,NA,NA,NA,NA,NA,"2025/10/22","True",0.1,0.1,15,NA,NA,NA,NA,NA,NA,NA,NA,NA,NA
"574","2025/10/22","FPICO1T08:09","1998/07/29",1,2,85,NA,"PICO","L","C",25.3,NA,NA,NA," overq2_all","","Yes","",NA,NA,NA,NA,NA,NA,NA,"2025/10/22","True",0.1,0.1,15,NA,NA,NA,NA,NA,NA,NA,NA,NA,NA
"575","2025/10/22","FPICO1T08:09","1998/07/29",1,2,86,NA,"PICO","L","C",23.1,NA,NA,NA," overq2_all","","Yes","",NA,NA,NA,NA,NA,NA,NA,"2025/10/22","True",0.1,0.1,15,NA,NA,NA,NA,NA,NA,NA,NA,NA,NA
"576","2025/10/22","FPICO1T08:09","1998/07/29",1,2,87,NA,"PICO","L","I",19.1,NA,NA,NA," overq2_all","","Yes","",NA,NA,NA,NA,NA,NA,NA,"2025/10/22","True",0.1,0.1,15,NA,NA,NA,NA,NA,NA,NA,NA,NA,NA
"577","2025/10/22","FPICO1T08:09","1998/07/29",1,2,88,NA,"PICO","L","C",21.3,NA,NA,NA," overq2_all","","Yes","",NA,NA,NA,NA,NA,NA,NA,"2025/10/22","True",0.1,0.1,15,NA,NA,NA,NA,NA,NA,NA,NA,NA,NA
"578","2025/10/22","FPICO1T08:09","1999/08/12",1,1,1,NA,"PICO","L","X",7.9,10,NA,NA," poleq1_all","","Yes",NA,NA,NA,NA,NA,0,0,0,"2025/10/22","True",0.1,0.1,15,NA,NA,NA,NA,NA,NA,NA,NA,NA,NA
"579","2025/10/22","FPICO1T08:09","1999/08/12",1,1,2,NA,"PICO","L","X",11.2,8,NA,NA," poleq1_all","","Yes",NA,NA,NA,NA,NA,0,0,0,"2025/10/22","True",0.1,0.1,15,NA,NA,NA,NA,NA,NA,NA,NA,NA,NA
"580","2025/10/22","FPICO1T08:09","1999/08/12",1,1,3,NA,"PICO","L","X",7.1,6,NA,NA," poleq1_all","","Yes",NA,NA,NA,NA,NA,0,0,0,"2025/10/22","True",0.1,0.1,15,NA,NA,NA,NA,NA,NA,NA,NA,NA,NA
"581","2025/10/22","FPICO1T08:09","1999/08/12",1,1,4,NA,"PICO","L","X",11.3,6,NA,NA," poleq1_all","","Yes",NA,NA,NA,NA,NA,0,0,0,"2025/10/22","True",0.1,0.1,15,NA,NA,NA,NA,NA,NA,NA,NA,NA,NA
"582","2025/10/22","FPICO1T08:09","1999/08/12",1,1,5,NA,"PICO","D","X",10.3,8,NA,NA," poleq1_all","","Yes",NA,NA,NA,NA,NA,0,0,0,"2025/10/22","True",0.1,0.1,15,NA,NA,NA,NA,NA,NA,NA,NA,NA,NA
"583","2025/10/22","FPICO1T08:09","1999/08/12",1,1,6,NA,"PICO","L","X",4.8,4,NA,NA," poleq1_all","","Yes",NA,NA,NA,NA,NA,0,0,0,"2025/10/22","True",0.1,0.1,15,NA,NA,NA,NA,NA,NA,NA,NA,NA,NA
"584","2025/10/22","FPICO1T08:09","1999/08/12",1,1,7,NA,"PICO","L","X",9,9,NA,NA," poleq1_all","","Yes",NA,NA,NA,NA,NA,0,0,0,"2025/10/22","True",0.1,0.1,15,NA,NA,NA,NA,NA,NA,NA,NA,NA,NA
"585","2025/10/22","FPICO1T08:09","1999/08/12",1,1,8,NA,"PICO","L","X",11,10,NA,NA," poleq1_all","","Yes",NA,NA,NA,NA,NA,0,0,0,"2025/10/22","True",0.1,0.1,15,NA,NA,NA,NA,NA,NA,NA,NA,NA,NA
"586","2025/10/22","FPICO1T08:09","1999/08/12",1,1,9,NA,"PICO","L","X",13.4,10,NA,NA," poleq1_all","","Yes",NA,NA,NA,NA,NA,0,0,0,"2025/10/22","True",0.1,0.1,15,NA,NA,NA,NA,NA,NA,NA,NA,NA,NA
"587","2025/10/22","FPICO1T08:09","1999/08/12",1,1,10,NA,"PICO","L","X",10.8,10,NA,NA," poleq1_all","","Yes",NA,NA,NA,NA,NA,0,0,0,"2025/10/22","True",0.1,0.1,15,NA,NA,NA,NA,NA,NA,NA,NA,NA,NA
"588","2025/10/22","FPICO1T08:09","1999/08/12",1,2,11,NA,"PICO","L","X",12.4,10,NA,NA," poleq2_all","","Yes",NA,NA,NA,NA,NA,0,0,0,"2025/10/22","True",0.1,0.1,15,NA,NA,NA,NA,NA,NA,NA,NA,NA,NA
"589","2025/10/22","FPICO1T08:09","1999/08/12",1,2,12,NA,"ABLA","L","X",14.3,10,NA,NA," poleq2_all","","Yes",NA,NA,NA,NA,NA,0,0,0,"2025/10/22","True",0.1,0.1,15,NA,NA,NA,NA,NA,NA,NA,NA,NA,NA
"590","2025/10/22","FPICO1T08:09","1999/08/12",1,2,13,NA,"PICO","L","X",11.4,10,NA,NA," poleq2_all","","Yes",NA,NA,NA,NA,NA,0,0,0,"2025/10/22","True",0.1,0.1,15,NA,NA,NA,NA,NA,NA,NA,NA,NA,NA
"591","2025/10/22","FPICO1T08:09","1999/08/12",1,2,14,NA,"PICO","D","X",6.8,9,NA,NA," poleq2_all","","Yes",NA,NA,NA,NA,NA,0,0,0,"2025/10/22","True",0.1,0.1,15,NA,NA,NA,NA,NA,NA,NA,NA,NA,NA
"592","2025/10/22","FPICO1T08:09","1999/08/12",1,2,15,NA,"PICO","L","X",12.2,10,NA,NA," poleq2_all","","Yes",NA,NA,NA,NA,NA,0,0,0,"2025/10/22","True",0.1,0.1,15,NA,NA,NA,NA,NA,NA,NA,NA,NA,NA
"593","2025/10/22","FPICO1T08:09","1999/08/12",1,2,16,NA,"PICO","L","X",14.5,10,NA,NA," poleq2_all","","Yes",NA,NA,NA,NA,NA,0,0,0,"2025/10/22","True",0.1,0.1,15,NA,NA,NA,NA,NA,NA,NA,NA,NA,NA
"594","2025/10/22","FPICO1T08:09","1999/08/12",1,2,17,NA,"PICO","D","X",8.6,9,NA,NA," poleq2_all","","Yes",NA,NA,NA,NA,NA,0,0,0,"2025/10/22","True",0.1,0.1,15,NA,NA,NA,NA,NA,NA,NA,NA,NA,NA
"595","2025/10/22","FPICO1T08:09","1999/08/12",1,2,18,NA,"PICO","L","X",9.9,9,NA,NA," poleq2_all","","Yes",NA,NA,NA,NA,NA,0,0,0,"2025/10/22","True",0.1,0.1,15,NA,NA,NA,NA,NA,NA,NA,NA,NA,NA
"596","2025/10/22","FPICO1T08:09","1999/08/12",1,2,19,NA,"PICO","L","X",13.6,10,NA,NA," poleq2_all","","Yes",NA,NA,NA,NA,NA,0,0,0,"2025/10/22","True",0.1,0.1,15,NA,NA,NA,NA,NA,NA,NA,NA,NA,NA
"597","2025/10/22","FPICO1T08:09","1999/08/12",1,2,20,NA,"PICO","L","X",10.9,9,NA,NA," poleq2_all","","Yes",NA,NA,NA,NA,NA,0,0,0,"2025/10/22","True",0.1,0.1,15,NA,NA,NA,NA,NA,NA,NA,NA,NA,NA
"598","2025/10/22","FPICO1T08:09","1999/08/12",1,2,21,NA,"PICO","L","X",2.9,3,NA,NA," poleq2_all","","Yes",NA,NA,NA,NA,NA,0,0,0,"2025/10/22","True",0.1,0.1,15,NA,NA,NA,NA,NA,NA,NA,NA,NA,NA
"599","2025/10/22","FPICO1T08:09","1999/08/12",1,2,22,NA,"PICO","D","X",5.3,4,NA,NA," poleq2_all","","Yes",NA,NA,NA,NA,NA,0,0,0,"2025/10/22","True",0.1,0.1,15,NA,NA,NA,NA,NA,NA,NA,NA,NA,NA
"600","2025/10/22","FPICO1T08:09","1999/08/12",1,2,23,NA,"PICO","D","X",2.6,3,NA,NA," poleq2_all","","Yes",NA,NA,NA,NA,NA,0,0,0,"2025/10/22","True",0.1,0.1,15,NA,NA,NA,NA,NA,NA,NA,NA,NA,NA
"601","2025/10/22","FPICO1T08:09","1999/08/12",1,2,24,NA,"PICO","D","X",5.9,3,NA,NA," poleq2_all","","Yes",NA,NA,NA,NA,NA,0,0,0,"2025/10/22","True",0.1,0.1,15,NA,NA,NA,NA,NA,NA,NA,NA,NA,NA
"602","2025/10/22","FPICO1T08:09","1999/08/12",1,2,25,NA,"PICO","D","X",5.8,3,NA,NA," poleq2_all","","Yes",NA,NA,NA,NA,NA,0,0,0,"2025/10/22","True",0.1,0.1,15,NA,NA,NA,NA,NA,NA,NA,NA,NA,NA
"603","2025/10/22","FPICO1T08:09","1999/08/12",1,1,48,NA,"PICO","L","X",NA,NA,NA,NA," overq1_all","","Yes",NA,NA,NA,NA,NA,0.1,0,0,"2025/10/22","True",0.1,0.1,15,NA,NA,NA,NA,NA,NA,NA,NA,NA,NA
"604","2025/10/22","FPICO1T08:09","1999/08/12",1,1,49,NA,"PICO","L","X",NA,NA,NA,NA," overq1_all","","Yes",NA,NA,NA,NA,NA,0,0,0,"2025/10/22","True",0.1,0.1,15,NA,NA,NA,NA,NA,NA,NA,NA,NA,NA
"605","2025/10/22","FPICO1T08:09","1999/08/12",1,1,50,NA,"PICO","L","X",NA,NA,NA,NA," overq1_all","","Yes",NA,NA,NA,NA,NA,0,0,0,"2025/10/22","True",0.1,0.1,15,NA,NA,NA,NA,NA,NA,NA,NA,NA,NA
"606","2025/10/22","FPICO1T08:09","1999/08/12",1,1,51,NA,"PICO","L","X",NA,NA,NA,NA," overq1_all","","Yes",NA,NA,NA,NA,NA,0,0,0,"2025/10/22","True",0.1,0.1,15,NA,NA,NA,NA,NA,NA,NA,NA,NA,NA
"607","2025/10/22","FPICO1T08:09","1999/08/12",1,1,52,NA,"PICO","L","X",NA,NA,NA,NA," overq1_all","","Yes",NA,NA,NA,NA,NA,0,0,0,"2025/10/22","True",0.1,0.1,15,NA,NA,NA,NA,NA,NA,NA,NA,NA,NA
"608","2025/10/22","FPICO1T08:09","1999/08/12",1,1,53,NA,"PICO","L","X",NA,NA,NA,NA," overq1_all","","Yes",NA,NA,NA,NA,NA,0.7,0,0,"2025/10/22","True",0.1,0.1,15,NA,NA,NA,NA,NA,NA,NA,NA,NA,NA
"609","2025/10/22","FPICO1T08:09","1999/08/12",1,1,54,NA,"PICO","L","X",NA,NA,NA,NA," overq1_all","","Yes",NA,NA,NA,NA,NA,0.7,0,0,"2025/10/22","True",0.1,0.1,15,NA,NA,NA,NA,NA,NA,NA,NA,NA,NA
"610","2025/10/22","FPICO1T08:09","1999/08/12",1,1,55,NA,"PICO","L","X",NA,NA,NA,NA," overq1_all","","Yes",NA,NA,NA,NA,NA,0,0,0,"2025/10/22","True",0.1,0.1,15,NA,NA,NA,NA,NA,NA,NA,NA,NA,NA
"611","2025/10/22","FPICO1T08:09","1999/08/12",1,1,56,NA,"ABLA","L","X",NA,NA,NA,NA," overq1_all","","Yes",NA,NA,NA,NA,NA,0,0,0,"2025/10/22","True",0.1,0.1,15,NA,NA,NA,NA,NA,NA,NA,NA,NA,NA
"612","2025/10/22","FPICO1T08:09","1999/08/12",1,1,57,NA,"PICO","L","X",NA,NA,NA,NA," overq1_all","","Yes",NA,NA,NA,NA,NA,0,0,0,"2025/10/22","True",0.1,0.1,15,NA,NA,NA,NA,NA,NA,NA,NA,NA,NA
"613","2025/10/22","FPICO1T08:09","1999/08/12",1,1,58,NA,"PICO","L","X",NA,NA,NA,NA," overq1_all","","Yes",NA,NA,NA,NA,NA,0,0,0,"2025/10/22","True",0.1,0.1,15,NA,NA,NA,NA,NA,NA,NA,NA,NA,NA
"614","2025/10/22","FPICO1T08:09","1999/08/12",1,1,59,NA,"PICO","L","X",NA,NA,NA,NA," overq1_all","","Yes",NA,NA,NA,NA,NA,0,0,0,"2025/10/22","True",0.1,0.1,15,NA,NA,NA,NA,NA,NA,NA,NA,NA,NA
"615","2025/10/22","FPICO1T08:09","1999/08/12",1,1,60,NA,"PICO","L","X",NA,NA,NA,NA," overq1_all","","Yes",NA,NA,NA,NA,NA,0,0,0,"2025/10/22","True",0.1,0.1,15,NA,NA,NA,NA,NA,NA,NA,NA,NA,NA
"616","2025/10/22","FPICO1T08:09","1999/08/12",1,1,61,NA,"PICO","L","X",NA,NA,NA,NA," overq1_all","","Yes",NA,NA,NA,NA,NA,0,0,0,"2025/10/22","True",0.1,0.1,15,NA,NA,NA,NA,NA,NA,NA,NA,NA,NA
"617","2025/10/22","FPICO1T08:09","1999/08/12",1,1,62,NA,"PICO","L","X",NA,NA,NA,NA," overq1_all","","Yes",NA,NA,NA,NA,NA,0,0,0,"2025/10/22","True",0.1,0.1,15,NA,NA,NA,NA,NA,NA,NA,NA,NA,NA
"618","2025/10/22","FPICO1T08:09","1999/08/12",1,1,63,NA,"PICO","L","X",NA,NA,NA,NA," overq1_all","","Yes",NA,NA,NA,NA,NA,0,0,0,"2025/10/22","True",0.1,0.1,15,NA,NA,NA,NA,NA,NA,NA,NA,NA,NA
"619","2025/10/22","FPICO1T08:09","1999/08/12",1,1,64,NA,"PICO","L","X",NA,NA,NA,NA," overq1_all","","Yes",NA,NA,NA,NA,NA,1.5,0,0,"2025/10/22","True",0.1,0.1,15,NA,NA,NA,NA,NA,NA,NA,NA,NA,NA
"620","2025/10/22","FPICO1T08:09","1999/08/12",1,1,65,NA,"PICO","L","X",NA,NA,NA,NA," overq1_all","","Yes",NA,NA,NA,NA,NA,0.9,0,0,"2025/10/22","True",0.1,0.1,15,NA,NA,NA,NA,NA,NA,NA,NA,NA,NA
"621","2025/10/22","FPICO1T08:09","1999/08/12",1,1,66,NA,"PICO","L","X",NA,NA,NA,NA," overq1_all","","Yes",NA,NA,NA,NA,NA,0.3,0,0,"2025/10/22","True",0.1,0.1,15,NA,NA,NA,NA,NA,NA,NA,NA,NA,NA
"622","2025/10/22","FPICO1T08:09","1999/08/12",1,1,67,NA,"PICO","L","X",NA,NA,NA,NA," overq1_all","","Yes",NA,NA,NA,NA,NA,0.3,0,0,"2025/10/22","True",0.1,0.1,15,NA,NA,NA,NA,NA,NA,NA,NA,NA,NA
"623","2025/10/22","FPICO1T08:09","1999/08/12",1,1,68,NA,"PICO","L","X",NA,NA,NA,NA," overq1_all","","Yes",NA,NA,NA,NA,NA,0.6,0,0,"2025/10/22","True",0.1,0.1,15,NA,NA,NA,NA,NA,NA,NA,NA,NA,NA
"624","2025/10/22","FPICO1T08:09","1999/08/12",1,2,69,NA,"PICO","L","X",NA,NA,NA,NA," overq2_all","","Yes",NA,NA,NA,NA,NA,0,0,0,"2025/10/22","True",0.1,0.1,15,NA,NA,NA,NA,NA,NA,NA,NA,NA,NA
"625","2025/10/22","FPICO1T08:09","1999/08/12",1,2,70,NA,"PICO","L","X",NA,NA,NA,NA," overq2_all","","Yes",NA,NA,NA,NA,NA,0,0,0,"2025/10/22","True",0.1,0.1,15,NA,NA,NA,NA,NA,NA,NA,NA,NA,NA
"626","2025/10/22","FPICO1T08:09","1999/08/12",1,2,71,NA,"PICO","L","X",NA,NA,NA,NA," overq2_all","","Yes",NA,NA,NA,NA,NA,0,0,0,"2025/10/22","True",0.1,0.1,15,NA,NA,NA,NA,NA,NA,NA,NA,NA,NA
"627","2025/10/22","FPICO1T08:09","1999/08/12",1,2,72,NA,"PICO","L","X",NA,NA,NA,NA," overq2_all","","Yes",NA,NA,NA,NA,NA,0,0,0,"2025/10/22","True",0.1,0.1,15,NA,NA,NA,NA,NA,NA,NA,NA,NA,NA
"628","2025/10/22","FPICO1T08:09","1999/08/12",1,2,73,NA,"PICO","L","X",NA,NA,NA,NA," overq2_all","","Yes",NA,NA,NA,NA,NA,0,0,0,"2025/10/22","True",0.1,0.1,15,NA,NA,NA,NA,NA,NA,NA,NA,NA,NA
"629","2025/10/22","FPICO1T08:09","1999/08/12",1,2,74,NA,"PICO","L","X",NA,NA,NA,NA," overq2_all","","Yes",NA,NA,NA,NA,NA,0,0,0,"2025/10/22","True",0.1,0.1,15,NA,NA,NA,NA,NA,NA,NA,NA,NA,NA
"630","2025/10/22","FPICO1T08:09","1999/08/12",1,2,75,NA,"PICO","L","X",NA,NA,NA,NA," overq2_all","","Yes",NA,NA,NA,NA,NA,0,0,0,"2025/10/22","True",0.1,0.1,15,NA,NA,NA,NA,NA,NA,NA,NA,NA,NA
"631","2025/10/22","FPICO1T08:09","1999/08/12",1,2,76,NA,"PICO","L","X",NA,NA,NA,NA," overq2_all","","Yes",NA,NA,NA,NA,NA,0,0,0,"2025/10/22","True",0.1,0.1,15,NA,NA,NA,NA,NA,NA,NA,NA,NA,NA
"632","2025/10/22","FPICO1T08:09","1999/08/12",1,2,77,NA,"PICO","L","X",NA,NA,NA,NA," overq2_all","","Yes",NA,NA,NA,NA,NA,0,0,0,"2025/10/22","True",0.1,0.1,15,NA,NA,NA,NA,NA,NA,NA,NA,NA,NA
"633","2025/10/22","FPICO1T08:09","1999/08/12",1,2,78,NA,"PICO","L","X",NA,NA,NA,NA," overq2_all","","Yes",NA,NA,NA,NA,NA,0,0,0,"2025/10/22","True",0.1,0.1,15,NA,NA,NA,NA,NA,NA,NA,NA,NA,NA
"634","2025/10/22","FPICO1T08:09","1999/08/12",1,2,79,NA,"PICO","L","X",NA,NA,NA,NA," overq2_all","","Yes",NA,NA,NA,NA,NA,0,0,0,"2025/10/22","True",0.1,0.1,15,NA,NA,NA,NA,NA,NA,NA,NA,NA,NA
"635","2025/10/22","FPICO1T08:09","1999/08/12",1,2,80,NA,"PICO","L","X",NA,NA,NA,NA," overq2_all","","Yes",NA,NA,NA,NA,NA,0,0,0,"2025/10/22","True",0.1,0.1,15,NA,NA,NA,NA,NA,NA,NA,NA,NA,NA
"636","2025/10/22","FPICO1T08:09","1999/08/12",1,2,81,NA,"PICO","L","X",NA,NA,NA,NA," overq2_all","","Yes",NA,NA,NA,NA,NA,0,0,0,"2025/10/22","True",0.1,0.1,15,NA,NA,NA,NA,NA,NA,NA,NA,NA,NA
"637","2025/10/22","FPICO1T08:09","1999/08/12",1,2,82,NA,"PICO","L","X",NA,NA,NA,NA," overq2_all","","Yes",NA,NA,NA,NA,NA,0,0,0,"2025/10/22","True",0.1,0.1,15,NA,NA,NA,NA,NA,NA,NA,NA,NA,NA
"638","2025/10/22","FPICO1T08:09","1999/08/12",1,2,84,NA,"PICO","L","X",NA,NA,NA,NA," overq2_all","","Yes",NA,NA,NA,NA,NA,0,0,0,"2025/10/22","True",0.1,0.1,15,NA,NA,NA,NA,NA,NA,NA,NA,NA,NA
"639","2025/10/22","FPICO1T08:09","1999/08/12",1,2,85,NA,"PICO","L","X",NA,NA,NA,NA," overq2_all","","Yes",NA,NA,NA,NA,NA,0,0,0,"2025/10/22","True",0.1,0.1,15,NA,NA,NA,NA,NA,NA,NA,NA,NA,NA
"640","2025/10/22","FPICO1T08:09","1999/08/12",1,2,86,NA,"PICO","L","X",NA,NA,NA,NA," overq2_all","","Yes",NA,NA,NA,NA,NA,0,0,0,"2025/10/22","True",0.1,0.1,15,NA,NA,NA,NA,NA,NA,NA,NA,NA,NA
"641","2025/10/22","FPICO1T08:09","1999/08/12",1,2,87,NA,"PICO","L","X",NA,NA,NA,NA," overq2_all","","Yes",NA,NA,NA,NA,NA,0,0,0,"2025/10/22","True",0.1,0.1,15,NA,NA,NA,NA,NA,NA,NA,NA,NA,NA
"642","2025/10/22","FPICO1T08:09","1999/08/12",1,2,88,NA,"PICO","L","X",NA,NA,NA,NA," overq2_all","","Yes",NA,NA,NA,NA,NA,0,0,0,"2025/10/22","True",0.1,0.1,15,NA,NA,NA,NA,NA,NA,NA,NA,NA,NA
"643","2025/10/22","FPICO1T08:09","2000/08/21",1,1,1,NA,"PICO","L","X",8,10,NA,NA," poleq1_all","","Yes","","","","",NA,0,0,0,"2025/10/22","True",0.1,0.1,15,NA,NA,NA,NA,NA,NA,NA,NA,NA,NA
"644","2025/10/22","FPICO1T08:09","2000/08/21",1,1,2,NA,"PICO","L","X",11.4,8,NA,NA," poleq1_all","","Yes","","","","",NA,0,0,0,"2025/10/22","True",0.1,0.1,15,NA,NA,NA,NA,NA,NA,NA,NA,NA,NA
"645","2025/10/22","FPICO1T08:09","2000/08/21",1,1,3,NA,"PICO","L","X",7.9,6,NA,NA," poleq1_all","","Yes","","","","",NA,0,0,0,"2025/10/22","True",0.1,0.1,15,NA,NA,NA,NA,NA,NA,NA,NA,NA,NA
"646","2025/10/22","FPICO1T08:09","2000/08/21",1,1,4,NA,"PICO","L","X",11.4,6,NA,NA," poleq1_all","","Yes","","","","",NA,0,0,0,"2025/10/22","True",0.1,0.1,15,NA,NA,NA,NA,NA,NA,NA,NA,NA,NA
"647","2025/10/22","FPICO1T08:09","2000/08/21",1,1,5,NA,"PICO","D","X",10.5,8,NA,NA," poleq1_all","","Yes","","","","",NA,0,0,0,"2025/10/22","True",0.1,0.1,15,NA,NA,NA,NA,NA,NA,NA,NA,NA,NA
"648","2025/10/22","FPICO1T08:09","2000/08/21",1,1,6,NA,"PICO","L","X",4.8,5,NA,NA," poleq1_all","","Yes","","","","",NA,0,0,0,"2025/10/22","True",0.1,0.1,15,NA,NA,NA,NA,NA,NA,NA,NA,NA,NA
"649","2025/10/22","FPICO1T08:09","2000/08/21",1,1,7,NA,"PICO","L","X",9,10,NA,NA," poleq1_all","","Yes","","","","",NA,0,0,0,"2025/10/22","True",0.1,0.1,15,NA,NA,NA,NA,NA,NA,NA,NA,NA,NA
"650","2025/10/22","FPICO1T08:09","2000/08/21",1,1,8,NA,"PICO","L","X",11.1,10,NA,NA," poleq1_all","","Yes","","","","",NA,0,0,0,"2025/10/22","True",0.1,0.1,15,NA,NA,NA,NA,NA,NA,NA,NA,NA,NA
"651","2025/10/22","FPICO1T08:09","2000/08/21",1,1,9,NA,"PICO","L","X",13.5,10,NA,NA," poleq1_all","","Yes","","","","",NA,0,0,0,"2025/10/22","True",0.1,0.1,15,NA,NA,NA,NA,NA,NA,NA,NA,NA,NA
"652","2025/10/22","FPICO1T08:09","2000/08/21",1,1,10,NA,"PICO","L","X",10.6,10,NA,NA," poleq1_all","","Yes","","","","",NA,0,0,0,"2025/10/22","True",0.1,0.1,15,NA,NA,NA,NA,NA,NA,NA,NA,NA,NA
"653","2025/10/22","FPICO1T08:09","2000/08/21",1,1,22,NA,"PICO","D","X",5.1,4,NA,NA," poleq1_all","","Yes","","","","",NA,0,0,0,"2025/10/22","True",0.1,0.1,15,NA,NA,NA,NA,NA,NA,NA,NA,NA,NA
"654","2025/10/22","FPICO1T08:09","2000/08/21",1,1,23,NA,"PICO","D","X",2.6,3,NA,NA," poleq1_all","","Yes","","","","",NA,0,0,0,"2025/10/22","True",0.1,0.1,15,NA,NA,NA,NA,NA,NA,NA,NA,NA,NA
"655","2025/10/22","FPICO1T08:09","2000/08/21",1,1,24,NA,"PICO","D","X",5.9,3,NA,NA," poleq1_all","","Yes","","","","",NA,0,0,0,"2025/10/22","True",0.1,0.1,15,NA,NA,NA,NA,NA,NA,NA,NA,NA,NA
"656","2025/10/22","FPICO1T08:09","2000/08/21",1,1,25,NA,"PICO","D","X",5.8,3,NA,NA," poleq1_all","","Yes","","","","",NA,0,0,0,"2025/10/22","True",0.1,0.1,15,NA,NA,NA,NA,NA,NA,NA,NA,NA,NA
"657","2025/10/22","FPICO1T08:09","2000/08/21",1,2,11,NA,"PICO","L","X",12.5,10,NA,NA," poleq2_all","","Yes","","","","",NA,0,0,0,"2025/10/22","True",0.1,0.1,15,NA,NA,NA,NA,NA,NA,NA,NA,NA,NA
"658","2025/10/22","FPICO1T08:09","2000/08/21",1,2,12,NA,"ABLA","L","X",13.6,9,NA,NA," poleq2_all","","Yes","","","","",NA,0,0,0,"2025/10/22","True",0.1,0.1,15,NA,NA,NA,NA,NA,NA,NA,NA,NA,NA
"659","2025/10/22","FPICO1T08:09","2000/08/21",1,2,13,NA,"PICO","L","X",11.6,10,NA,NA," poleq2_all","","Yes","","","","",NA,0,0,0,"2025/10/22","True",0.1,0.1,15,NA,NA,NA,NA,NA,NA,NA,NA,NA,NA
"660","2025/10/22","FPICO1T08:09","2000/08/21",1,2,14,NA,"PICO","D","X",6.9,9,NA,NA," poleq2_all","","Yes","","","","",NA,0,0,0,"2025/10/22","True",0.1,0.1,15,NA,NA,NA,NA,NA,NA,NA,NA,NA,NA
"661","2025/10/22","FPICO1T08:09","2000/08/21",1,2,15,NA,"PICO","L","X",12.3,10,NA,NA," poleq2_all","","Yes","","","","",NA,0,0,0,"2025/10/22","True",0.1,0.1,15,NA,NA,NA,NA,NA,NA,NA,NA,NA,NA
"662","2025/10/22","FPICO1T08:09","2000/08/21",1,2,16,NA,"PICO","L","X",14.5,10,NA,NA," poleq2_all","","Yes","","","","",NA,0,0,0,"2025/10/22","True",0.1,0.1,15,NA,NA,NA,NA,NA,NA,NA,NA,NA,NA
"663","2025/10/22","FPICO1T08:09","2000/08/21",1,2,17,NA,"PICO","D","X",8.5,9,NA,NA," poleq2_all","","Yes","","","","",NA,0,0,0,"2025/10/22","True",0.1,0.1,15,NA,NA,NA,NA,NA,NA,NA,NA,NA,NA
"664","2025/10/22","FPICO1T08:09","2000/08/21",1,2,18,NA,"PICO","L","X",9.9,9,NA,NA," poleq2_all","","Yes","","","","",NA,0,0,0,"2025/10/22","True",0.1,0.1,15,NA,NA,NA,NA,NA,NA,NA,NA,NA,NA
"665","2025/10/22","FPICO1T08:09","2000/08/21",1,2,19,NA,"PICO","L","X",13.7,10,NA,NA," poleq2_all","","Yes","","","","",NA,0,0,0,"2025/10/22","True",0.1,0.1,15,NA,NA,NA,NA,NA,NA,NA,NA,NA,NA
"666","2025/10/22","FPICO1T08:09","2000/08/21",1,2,20,NA,"PICO","L","X",11.1,9,NA,NA," poleq2_all","","Yes","","","","",NA,0,0,0,"2025/10/22","True",0.1,0.1,15,NA,NA,NA,NA,NA,NA,NA,NA,NA,NA
"667","2025/10/22","FPICO1T08:09","2000/08/21",1,2,21,NA,"PICO","L","X",3.1,3,NA,NA," poleq2_all","","Yes","","","","",NA,0,0,0,"2025/10/22","True",0.1,0.1,15,NA,NA,NA,NA,NA,NA,NA,NA,NA,NA
"668","2025/10/22","FPICO1T08:09","2000/08/21",1,2,26,NA,"PICO","D","X",4.3,3,NA,NA," poleq2_all","","Yes","","","","",NA,0,0,0,"2025/10/22","True",0.1,0.1,15,NA,NA,NA,NA,NA,NA,NA,NA,NA,NA
"669","2025/10/22","FPICO1T08:09","2000/08/21",1,1,48,NA,"PICO","L","I",20.9,NA,NA,NA," overq1_all","","Yes","LICH","WOND","","",NA,0,0,0,"2025/10/22","True",0.1,0.1,15,NA,NA,NA,NA,NA,NA,NA,NA,NA,NA
"670","2025/10/22","FPICO1T08:09","2000/08/21",1,1,49,NA,"PICO","L","I",15.2,NA,NA,NA," overq1_all","","Yes","CROK","LICH","","",NA,0,0,0,"2025/10/22","True",0.1,0.1,15,NA,NA,NA,NA,NA,NA,NA,NA,NA,NA
"671","2025/10/22","FPICO1T08:09","2000/08/21",1,1,50,NA,"PICO","L","I",22,NA,NA,NA," overq1_all","","Yes","LICH","WOND","","",NA,0,0,0,"2025/10/22","True",0.1,0.1,15,NA,NA,NA,NA,NA,NA,NA,NA,NA,NA
"672","2025/10/22","FPICO1T08:09","2000/08/21",1,1,51,NA,"PICO","L","C",21.4,NA,NA,NA," overq1_all","","Yes","LICH","","","",NA,0,0,0,"2025/10/22","True",0.1,0.1,15,NA,NA,NA,NA,NA,NA,NA,NA,NA,NA
"673","2025/10/22","FPICO1T08:09","2000/08/21",1,1,52,NA,"PICO","L","I",23.2,NA,NA,NA," overq1_all","","Yes","","","","",NA,0,0,0,"2025/10/22","True",0.1,0.1,15,NA,NA,NA,NA,NA,NA,NA,NA,NA,NA
"674","2025/10/22","FPICO1T08:09","2000/08/21",1,1,53,NA,"PICO","L","C",23.8,NA,NA,NA," overq1_all","","Yes","TWIN","LICH","","",NA,0,0,0,"2025/10/22","True",0.1,0.1,15,NA,NA,NA,NA,NA,NA,NA,NA,NA,NA
"675","2025/10/22","FPICO1T08:09","2000/08/21",1,1,54,NA,"PICO","L","I",15.5,NA,NA,NA," overq1_all","","Yes","TWIN","LICH","","",NA,0,0,0,"2025/10/22","True",0.1,0.1,15,NA,NA,NA,NA,NA,NA,NA,NA,NA,NA
"676","2025/10/22","FPICO1T08:09","2000/08/21",1,1,55,NA,"PICO","L","C",22.8,NA,NA,NA," overq1_all","","Yes","","","","",NA,0,0,0,"2025/10/22","True",0.1,0.1,15,NA,NA,NA,NA,NA,NA,NA,NA,NA,NA
"677","2025/10/22","FPICO1T08:09","2000/08/21",1,1,56,NA,"ABLA","L","C",27.2,NA,NA,NA," overq1_all","","Yes","","","","",NA,0,0,0,"2025/10/22","True",0.1,0.1,15,NA,NA,NA,NA,NA,NA,NA,NA,NA,NA
"678","2025/10/22","FPICO1T08:09","2000/08/21",1,1,57,NA,"PICO","L","C",34,NA,NA,NA," overq1_all","","Yes","BURL","","","",NA,0,0,0,"2025/10/22","True",0.1,0.1,15,NA,NA,NA,NA,NA,NA,NA,NA,NA,NA
"679","2025/10/22","FPICO1T08:09","2000/08/21",1,1,58,NA,"PICO","L","C",20.5,NA,NA,NA," overq1_all","","Yes","CROK","LICH","","",NA,0,0,0,"2025/10/22","True",0.1,0.1,15,NA,NA,NA,NA,NA,NA,NA,NA,NA,NA
"680","2025/10/22","FPICO1T08:09","2000/08/21",1,1,59,NA,"PICO","L","C",25.6,NA,NA,NA," overq1_all","","Yes","","","","",NA,0,0,0,"2025/10/22","True",0.1,0.1,15,NA,NA,NA,NA,NA,NA,NA,NA,NA,NA
"681","2025/10/22","FPICO1T08:09","2000/08/21",1,1,60,NA,"PICO","L","D",23.1,NA,NA,NA," overq1_all","","Yes","","","","",NA,0,0,0,"2025/10/22","True",0.1,0.1,15,NA,NA,NA,NA,NA,NA,NA,NA,NA,NA
"682","2025/10/22","FPICO1T08:09","2000/08/21",1,1,61,NA,"PICO","L","C",23.6,NA,NA,NA," overq1_all","","Yes","","","","",NA,0,0,0,"2025/10/22","True",0.1,0.1,15,NA,NA,NA,NA,NA,NA,NA,NA,NA,NA
"683","2025/10/22","FPICO1T08:09","2000/08/21",1,1,62,NA,"PICO","L","I",19.8,NA,NA,NA," overq1_all","","Yes","FORK","TWIN","ABGR","LICH",NA,0,0,0,"2025/10/22","True",0.1,0.1,15,NA,NA,NA,NA,NA,NA,NA,NA,NA,NA
"684","2025/10/22","FPICO1T08:09","2000/08/21",1,1,63,NA,"PICO","L","C",31.8,NA,NA,NA," overq1_all","","Yes","","","","",NA,0,0,0,"2025/10/22","True",0.1,0.1,15,NA,NA,NA,NA,NA,NA,NA,NA,NA,NA
"685","2025/10/22","FPICO1T08:09","2000/08/21",1,1,64,NA,"PICO","L","C",25,NA,NA,NA," overq1_all","","Yes","","","","",NA,0,0,0,"2025/10/22","True",0.1,0.1,15,NA,NA,NA,NA,NA,NA,NA,NA,NA,NA
"686","2025/10/22","FPICO1T08:09","2000/08/21",1,1,65,NA,"PICO","L","C",27.4,NA,NA,NA," overq1_all","","Yes","LICH","","","",NA,0,0,0,"2025/10/22","True",0.1,0.1,15,NA,NA,NA,NA,NA,NA,NA,NA,NA,NA
"687","2025/10/22","FPICO1T08:09","2000/08/21",1,1,66,NA,"PICO","L","I",17.2,NA,NA,NA," overq1_all","","Yes","CROK","","","",NA,0,0,0,"2025/10/22","True",0.1,0.1,15,NA,NA,NA,NA,NA,NA,NA,NA,NA,NA
"688","2025/10/22","FPICO1T08:09","2000/08/21",1,1,67,NA,"PICO","L","D",26.2,NA,NA,NA," overq1_all","","Yes","TWIN","BURL","","",NA,0,0,0,"2025/10/22","True",0.1,0.1,15,NA,NA,NA,NA,NA,NA,NA,NA,NA,NA
"689","2025/10/22","FPICO1T08:09","2000/08/21",1,1,68,NA,"PICO","L","C",29.4,NA,NA,NA," overq1_all","","Yes","TWIN","","","",NA,0,0,0,"2025/10/22","True",0.1,0.1,15,NA,NA,NA,NA,NA,NA,NA,NA,NA,NA
"690","2025/10/22","FPICO1T08:09","2000/08/21",1,2,69,NA,"PICO","L","C",37.9,NA,NA,NA," overq2_all","","Yes","FORK","ABGR","TWIN","WOND",NA,0,0,0,"2025/10/22","True",0.1,0.1,15,NA,NA,NA,NA,NA,NA,NA,NA,NA,NA
"691","2025/10/22","FPICO1T08:09","2000/08/21",1,2,70,NA,"PICO","L","D",28.8,NA,NA,NA," overq2_all","","Yes","WOND","","","",NA,0,0,0,"2025/10/22","True",0.1,0.1,15,NA,NA,NA,NA,NA,NA,NA,NA,NA,NA
"692","2025/10/22","FPICO1T08:09","2000/08/21",1,2,71,NA,"PICO","L","I",17.7,NA,NA,NA," overq2_all","","Yes","","","","",NA,0,0,0,"2025/10/22","True",0.1,0.1,15,NA,NA,NA,NA,NA,NA,NA,NA,NA,NA
"693","2025/10/22","FPICO1T08:09","2000/08/21",1,2,72,NA,"PICO","L","I",18.6,NA,NA,NA," overq2_all","","Yes","","","","",NA,0,0,0,"2025/10/22","True",0.1,0.1,15,NA,NA,NA,NA,NA,NA,NA,NA,NA,NA
"694","2025/10/22","FPICO1T08:09","2000/08/21",1,2,73,NA,"PICO","L","C",22.6,NA,NA,NA," overq2_all","","Yes","FORK","WOND","","",NA,0,0,0,"2025/10/22","True",0.1,0.1,15,NA,NA,NA,NA,NA,NA,NA,NA,NA,NA
"695","2025/10/22","FPICO1T08:09","2000/08/21",1,2,74,NA,"PICO","L","C",19.9,NA,NA,NA," overq2_all","","Yes","FORK","","","",NA,0,0,0,"2025/10/22","True",0.1,0.1,15,NA,NA,NA,NA,NA,NA,NA,NA,NA,NA
"696","2025/10/22","FPICO1T08:09","2000/08/21",1,2,75,NA,"PICO","L","C",27,NA,NA,NA," overq2_all","","Yes","WOND","FORK","","",NA,0,0,0,"2025/10/22","True",0.1,0.1,15,NA,NA,NA,NA,NA,NA,NA,NA,NA,NA
"697","2025/10/22","FPICO1T08:09","2000/08/21",1,2,76,NA,"PICO","L","C",19.2,NA,NA,NA," overq2_all","","Yes","","","","",NA,0,0,0,"2025/10/22","True",0.1,0.1,15,NA,NA,NA,NA,NA,NA,NA,NA,NA,NA
"698","2025/10/22","FPICO1T08:09","2000/08/21",1,2,77,NA,"PICO","L","I",15.8,NA,NA,NA," overq2_all","","Yes","","","","",NA,0,0,0,"2025/10/22","True",0.1,0.1,15,NA,NA,NA,NA,NA,NA,NA,NA,NA,NA
"699","2025/10/22","FPICO1T08:09","2000/08/21",1,2,78,NA,"PICO","L","I",19.6,NA,NA,NA," overq2_all","","Yes","WOND","","","",NA,0,0,0,"2025/10/22","True",0.1,0.1,15,NA,NA,NA,NA,NA,NA,NA,NA,NA,NA
"700","2025/10/22","FPICO1T08:09","2000/08/21",1,2,79,NA,"PICO","L","I",16.5,NA,NA,NA," overq2_all","","Yes","","","","",NA,0,0,0,"2025/10/22","True",0.1,0.1,15,NA,NA,NA,NA,NA,NA,NA,NA,NA,NA
"701","2025/10/22","FPICO1T08:09","2000/08/21",1,2,80,NA,"PICO","L","I",16.6,NA,NA,NA," overq2_all","","Yes","","","","",NA,0,0,0,"2025/10/22","True",0.1,0.1,15,NA,NA,NA,NA,NA,NA,NA,NA,NA,NA
"702","2025/10/22","FPICO1T08:09","2000/08/21",1,2,81,NA,"PICO","L","I",15.1,NA,NA,NA," overq2_all","","Yes","","","","",NA,0,0,0,"2025/10/22","True",0.1,0.1,15,NA,NA,NA,NA,NA,NA,NA,NA,NA,NA
"703","2025/10/22","FPICO1T08:09","2000/08/21",1,2,82,NA,"PICO","L","D",27.4,NA,NA,NA," overq2_all","","Yes","LICH","","","",NA,0,0,0,"2025/10/22","True",0.1,0.1,15,NA,NA,NA,NA,NA,NA,NA,NA,NA,NA
"704","2025/10/22","FPICO1T08:09","2000/08/21",1,2,84,NA,"PICO","L","I",22.2,NA,NA,NA," overq2_all","","Yes","LICH","","","",NA,0,0,0,"2025/10/22","True",0.1,0.1,15,NA,NA,NA,NA,NA,NA,NA,NA,NA,NA
"705","2025/10/22","FPICO1T08:09","2000/08/21",1,2,85,NA,"PICO","L","D",25.4,NA,NA,NA," overq2_all","","Yes","","","","",NA,0,0,0,"2025/10/22","True",0.1,0.1,15,NA,NA,NA,NA,NA,NA,NA,NA,NA,NA
"706","2025/10/22","FPICO1T08:09","2000/08/21",1,2,86,NA,"PICO","L","C",23.4,NA,NA,NA," overq2_all","","Yes","WOND","","","",NA,0,0,0,"2025/10/22","True",0.1,0.1,15,NA,NA,NA,NA,NA,NA,NA,NA,NA,NA
"707","2025/10/22","FPICO1T08:09","2000/08/21",1,2,87,NA,"PICO","L","I",19.3,NA,NA,NA," overq2_all","","Yes","","","","",NA,0,0,0,"2025/10/22","True",0.1,0.1,15,NA,NA,NA,NA,NA,NA,NA,NA,NA,NA
"708","2025/10/22","FPICO1T08:09","2000/08/21",1,2,88,NA,"PICO","L","C",21.6,NA,NA,NA," overq2_all","","Yes","","","","",NA,0,0,0,"2025/10/22","True",0.1,0.1,15,NA,NA,NA,NA,NA,NA,NA,NA,NA,NA
"709","2025/10/22","FPICO1T08:09","2003/08/13",1,1,1,NA,"PICO","L","X",8.2,10,NA,NA," poleq1_all","","Yes","","","","",NA,0,0,0,"2025/10/22","True",0.1,0.1,15,NA,NA,NA,NA,NA,NA,NA,NA,NA,NA
"710","2025/10/22","FPICO1T08:09","2003/08/13",1,1,2,NA,"PICO","L","X",11.8,8,NA,NA," poleq1_all","","Yes","","","","",NA,0,0,0,"2025/10/22","True",0.1,0.1,15,NA,NA,NA,NA,NA,NA,NA,NA,NA,NA
"711","2025/10/22","FPICO1T08:09","2003/08/13",1,1,3,NA,"PICO","L","X",7.2,7,NA,NA," poleq1_all","","Yes","","","","",NA,0,0,0,"2025/10/22","True",0.1,0.1,15,NA,NA,NA,NA,NA,NA,NA,NA,NA,NA
"712","2025/10/22","FPICO1T08:09","2003/08/13",1,1,4,NA,"PICO","L","X",11.4,7,NA,NA," poleq1_all","","Yes","","","","",NA,0,0,0,"2025/10/22","True",0.1,0.1,15,NA,NA,NA,NA,NA,NA,NA,NA,NA,NA
"713","2025/10/22","FPICO1T08:09","2003/08/13",1,1,5,NA,"PICO","D","X",10,8,NA,NA," poleq1_all","","Yes","","","","",NA,0,0,0,"2025/10/22","True",0.1,0.1,15,NA,NA,NA,NA,NA,NA,NA,NA,NA,NA
"714","2025/10/22","FPICO1T08:09","2003/08/13",1,1,6,NA,"PICO","L","X",4.9,5,NA,NA," poleq1_all","","Yes","","","","",NA,0,0,0,"2025/10/22","True",0.1,0.1,15,NA,NA,NA,NA,NA,NA,NA,NA,NA,NA
"715","2025/10/22","FPICO1T08:09","2003/08/13",1,1,7,NA,"PICO","L","X",9.2,10,NA,NA," poleq1_all","","Yes","","","","",NA,0,0,0,"2025/10/22","True",0.1,0.1,15,NA,NA,NA,NA,NA,NA,NA,NA,NA,NA
"716","2025/10/22","FPICO1T08:09","2003/08/13",1,1,8,NA,"PICO","L","X",11.2,10,NA,NA," poleq1_all","","Yes","","","","",NA,0,0,0,"2025/10/22","True",0.1,0.1,15,NA,NA,NA,NA,NA,NA,NA,NA,NA,NA
"717","2025/10/22","FPICO1T08:09","2003/08/13",1,1,9,NA,"PICO","L","X",13.3,10,NA,NA," poleq1_all","","Yes","","","","",NA,0,0,0,"2025/10/22","True",0.1,0.1,15,NA,NA,NA,NA,NA,NA,NA,NA,NA,NA
"718","2025/10/22","FPICO1T08:09","2003/08/13",1,1,10,NA,"PICO","L","X",10.7,10,NA,NA," poleq1_all","","Yes","","","","",NA,0,0,0,"2025/10/22","True",0.1,0.1,15,NA,NA,NA,NA,NA,NA,NA,NA,NA,NA
"719","2025/10/22","FPICO1T08:09","2003/08/13",1,1,22,NA,"PICO","D","X",5,5,NA,NA," poleq1_all","","Yes","","","","",NA,0,0,0,"2025/10/22","True",0.1,0.1,15,NA,NA,NA,NA,NA,NA,NA,NA,NA,NA
"720","2025/10/22","FPICO1T08:09","2003/08/13",1,2,11,NA,"PICO","L","X",12.5,10,NA,NA," poleq2_all","","Yes","","","","",NA,0,0,0,"2025/10/22","True",0.1,0.1,15,NA,NA,NA,NA,NA,NA,NA,NA,NA,NA
"721","2025/10/22","FPICO1T08:09","2003/08/13",1,2,12,NA,"PICO","L","X",14.2,10,NA,NA," poleq2_all","","Yes","","","","",NA,0,0,0,"2025/10/22","True",0.1,0.1,15,NA,NA,NA,NA,NA,NA,NA,NA,NA,NA
"722","2025/10/22","FPICO1T08:09","2003/08/13",1,2,13,NA,"PICO","D","X",11.3,10,NA,NA," poleq2_all","","Yes","","","","",NA,0,0,0,"2025/10/22","True",0.1,0.1,15,NA,NA,NA,NA,NA,NA,NA,NA,NA,NA
"723","2025/10/22","FPICO1T08:09","2003/08/13",1,2,14,NA,"PICO","D","X",6.7,9,NA,NA," poleq2_all","","Yes","","","","",NA,0,0,0,"2025/10/22","True",0.1,0.1,15,NA,NA,NA,NA,NA,NA,NA,NA,NA,NA
"724","2025/10/22","FPICO1T08:09","2003/08/13",1,2,15,NA,"PICO","L","X",12.3,10,NA,NA," poleq2_all","","Yes","","","","",NA,0,0,0,"2025/10/22","True",0.1,0.1,15,NA,NA,NA,NA,NA,NA,NA,NA,NA,NA
"725","2025/10/22","FPICO1T08:09","2003/08/13",1,2,16,NA,"PIEN","D","X",13.6,10,NA,NA," poleq2_all","","Yes","","","","",NA,0,0,0,"2025/10/22","True",0.1,0.1,15,NA,NA,NA,NA,NA,NA,NA,NA,NA,NA
"726","2025/10/22","FPICO1T08:09","2003/08/13",1,2,17,NA,"PICO","D","X",8.3,9,NA,NA," poleq2_all","","Yes","","","","",NA,0,0,0,"2025/10/22","True",0.1,0.1,15,NA,NA,NA,NA,NA,NA,NA,NA,NA,NA
"727","2025/10/22","FPICO1T08:09","2003/08/13",1,2,18,NA,"PICO","L","X",10.1,9,NA,NA," poleq2_all","","Yes","","","","",NA,0,0,0,"2025/10/22","True",0.1,0.1,15,NA,NA,NA,NA,NA,NA,NA,NA,NA,NA
"728","2025/10/22","FPICO1T08:09","2003/08/13",1,2,19,NA,"PICO","L","X",13.7,10,NA,NA," poleq2_all","","Yes","","","","",NA,0,0,0,"2025/10/22","True",0.1,0.1,15,NA,NA,NA,NA,NA,NA,NA,NA,NA,NA
"729","2025/10/22","FPICO1T08:09","2003/08/13",1,2,20,NA,"PICO","L","X",11,10,NA,NA," poleq2_all","","Yes","","","","",NA,0,0,0,"2025/10/22","True",0.1,0.1,15,NA,NA,NA,NA,NA,NA,NA,NA,NA,NA
"730","2025/10/22","FPICO1T08:09","2003/08/13",1,2,21,NA,"PICO","L","X",3.1,3,NA,NA," poleq2_all","","Yes","","","","",NA,0,0,0,"2025/10/22","True",0.1,0.1,15,NA,NA,NA,NA,NA,NA,NA,NA,NA,NA
"731","2025/10/22","FPICO1T08:09","2003/08/13",1,1,48,NA,"PICO","L","C",21.6,NA,NA,NA," overq1_all","","Yes","","","","",NA,0,0,0,"2025/10/22","True",0.1,0.1,15,NA,NA,NA,NA,NA,NA,NA,NA,NA,NA
"732","2025/10/22","FPICO1T08:09","2003/08/13",1,1,49,NA,"PICO","L","I",15.1,NA,NA,NA," overq1_all","","Yes","SPAR","","","",NA,0,0,0,"2025/10/22","True",0.1,0.1,15,NA,NA,NA,NA,NA,NA,NA,NA,NA,NA
"733","2025/10/22","FPICO1T08:09","2003/08/13",1,1,50,NA,"PICO","L","C",22.3,NA,NA,NA," overq1_all","","Yes","","","","",NA,0,0,0,"2025/10/22","True",0.1,0.1,15,NA,NA,NA,NA,NA,NA,NA,NA,NA,NA
"734","2025/10/22","FPICO1T08:09","2003/08/13",1,1,51,NA,"PICO","L","D",22,NA,NA,NA," overq1_all","","Yes","","","","",NA,0,0,0,"2025/10/22","True",0.1,0.1,15,NA,NA,NA,NA,NA,NA,NA,NA,NA,NA
"735","2025/10/22","FPICO1T08:09","2003/08/13",1,1,52,NA,"PICO","L","C",23.6,NA,NA,NA," overq1_all","","Yes","CROK","FORK","","",NA,0,0,0,"2025/10/22","True",0.1,0.1,15,NA,NA,NA,NA,NA,NA,NA,NA,NA,NA
"736","2025/10/22","FPICO1T08:09","2003/08/13",1,1,53,NA,"PICO","L","D",24.1,NA,NA,NA," overq1_all","","Yes","TWIN","","","",NA,0,0,0,"2025/10/22","True",0.1,0.1,15,NA,NA,NA,NA,NA,NA,NA,NA,NA,NA
"737","2025/10/22","FPICO1T08:09","2003/08/13",1,1,54,NA,"PICO","L","C",16.5,NA,NA,NA," overq1_all","","Yes","TWIN","","","",NA,0,0,0,"2025/10/22","True",0.1,0.1,15,NA,NA,NA,NA,NA,NA,NA,NA,NA,NA
"738","2025/10/22","FPICO1T08:09","2003/08/13",1,1,55,NA,"PICO","L","C",24.1,NA,NA,NA," overq1_all","","Yes","","","","",NA,0,0,0,"2025/10/22","True",0.1,0.1,15,NA,NA,NA,NA,NA,NA,NA,NA,NA,NA
"739","2025/10/22","FPICO1T08:09","2003/08/13",1,1,56,NA,"PIEN","L","D",27.8,NA,NA,NA," overq1_all","","Yes","","","","",NA,0,0,0,"2025/10/22","True",0.1,0.1,15,NA,NA,NA,NA,NA,NA,NA,NA,NA,NA
"740","2025/10/22","FPICO1T08:09","2003/08/13",1,1,57,NA,"PICO","L","D",33.5,NA,NA,NA," overq1_all","","Yes","INSE","FORK","","",NA,0,0,0,"2025/10/22","True",0.1,0.1,15,NA,NA,NA,NA,NA,NA,NA,NA,NA,NA
"741","2025/10/22","FPICO1T08:09","2003/08/13",1,1,58,NA,"PICO","L","C",20.7,NA,NA,NA," overq1_all","","Yes","CROK","","","",NA,0,0,0,"2025/10/22","True",0.1,0.1,15,NA,NA,NA,NA,NA,NA,NA,NA,NA,NA
"742","2025/10/22","FPICO1T08:09","2003/08/13",1,1,59,NA,"PICO","L","C",26,NA,NA,NA," overq1_all","","Yes","","","","",NA,0,0,0,"2025/10/22","True",0.1,0.1,15,NA,NA,NA,NA,NA,NA,NA,NA,NA,NA
"743","2025/10/22","FPICO1T08:09","2003/08/13",1,1,60,NA,"PICO","L","D",23.5,NA,NA,NA," overq1_all","","Yes","","","","",NA,0,0,0,"2025/10/22","True",0.1,0.1,15,NA,NA,NA,NA,NA,NA,NA,NA,NA,NA
"744","2025/10/22","FPICO1T08:09","2003/08/13",1,1,61,NA,"PICO","L","C",23.2,NA,NA,NA," overq1_all","","Yes","LEAN","","","",NA,0,0,0,"2025/10/22","True",0.1,0.1,15,NA,NA,NA,NA,NA,NA,NA,NA,NA,NA
"745","2025/10/22","FPICO1T08:09","2003/08/13",1,1,62,NA,"PICO","L","C",20,NA,NA,NA," overq1_all","","Yes","ABGR","EPIC","CROK","FORK",NA,0,0,0,"2025/10/22","True",0.1,0.1,15,NA,NA,NA,NA,NA,NA,NA,NA,NA,NA
"746","2025/10/22","FPICO1T08:09","2003/08/13",1,1,63,NA,"PICO","L","D",32.9,NA,NA,NA," overq1_all","","Yes","","","","",NA,0,0,0,"2025/10/22","True",0.1,0.1,15,NA,NA,NA,NA,NA,NA,NA,NA,NA,NA
"747","2025/10/22","FPICO1T08:09","2003/08/13",1,1,64,NA,"PICO","L","D",25.2,NA,NA,NA," overq1_all","","Yes","WOND","FIRE","","",NA,0,0,0,"2025/10/22","True",0.1,0.1,15,NA,NA,NA,NA,NA,NA,NA,NA,NA,NA
"748","2025/10/22","FPICO1T08:09","2003/08/13",1,1,65,NA,"PICO","L","D",28,NA,NA,NA," overq1_all","","Yes","CROK","","","",NA,0,0,0,"2025/10/22","True",0.1,0.1,15,NA,NA,NA,NA,NA,NA,NA,NA,NA,NA
"749","2025/10/22","FPICO1T08:09","2003/08/13",1,1,66,NA,"PICO","L","C",17.5,NA,NA,NA," overq1_all","","Yes","LEAN","","","",NA,0,0,0,"2025/10/22","True",0.1,0.1,15,NA,NA,NA,NA,NA,NA,NA,NA,NA,NA
"750","2025/10/22","FPICO1T08:09","2003/08/13",1,1,67,NA,"PICO","L","D",26.6,NA,NA,NA," overq1_all","","Yes","FORK","TWIN","","",NA,0,0,0,"2025/10/22","True",0.1,0.1,15,NA,NA,NA,NA,NA,NA,NA,NA,NA,NA
"751","2025/10/22","FPICO1T08:09","2003/08/13",1,1,68,NA,"PICO","L","C",29.7,NA,NA,NA," overq1_all","","Yes","FORK","TWIN","","",NA,0,0,0,"2025/10/22","True",0.1,0.1,15,NA,NA,NA,NA,NA,NA,NA,NA,NA,NA
"752","2025/10/22","FPICO1T08:09","2003/08/13",1,2,69,NA,"PICO","L","C",38,NA,NA,NA," overq2_all","","Yes","CROK","FORK","","",NA,0,0,0,"2025/10/22","True",0.1,0.1,15,NA,NA,NA,NA,NA,NA,NA,NA,NA,NA
"753","2025/10/22","FPICO1T08:09","2003/08/13",1,2,70,NA,"PICO","L","D",28.8,NA,NA,NA," overq2_all","","Yes","","","","",NA,0,0,0,"2025/10/22","True",0.1,0.1,15,NA,NA,NA,NA,NA,NA,NA,NA,NA,NA
"754","2025/10/22","FPICO1T08:09","2003/08/13",1,2,71,NA,"PICO","L","C",16.8,NA,NA,NA," overq2_all","","Yes","","","","",NA,0,0,0,"2025/10/22","True",0.1,0.1,15,NA,NA,NA,NA,NA,NA,NA,NA,NA,NA
"755","2025/10/22","FPICO1T08:09","2003/08/13",1,2,72,NA,"PICO","L","C",18.7,NA,NA,NA," overq2_all","","Yes","INSE","","","",NA,0,0,0,"2025/10/22","True",0.1,0.1,15,NA,NA,NA,NA,NA,NA,NA,NA,NA,NA
"756","2025/10/22","FPICO1T08:09","2003/08/13",1,2,73,NA,"PICO","L","D",22.5,NA,NA,NA," overq2_all","","Yes","FORK","","","",NA,0,0,0,"2025/10/22","True",0.1,0.1,15,NA,NA,NA,NA,NA,NA,NA,NA,NA,NA
"757","2025/10/22","FPICO1T08:09","2003/08/13",1,2,74,NA,"PICO","L","C",19.9,NA,NA,NA," overq2_all","","Yes","FORK","","","",NA,0,0,0,"2025/10/22","True",0.1,0.1,15,NA,NA,NA,NA,NA,NA,NA,NA,NA,NA
"758","2025/10/22","FPICO1T08:09","2003/08/13",1,2,75,NA,"PICO","L","C",28.6,NA,NA,NA," overq2_all","","Yes","FORK","INSE","","",NA,0,0,0,"2025/10/22","True",0.1,0.1,15,NA,NA,NA,NA,NA,NA,NA,NA,NA,NA
"759","2025/10/22","FPICO1T08:09","2003/08/13",1,2,76,NA,"PICO","L","C",20,NA,NA,NA," overq2_all","","Yes","","","","",NA,0,0,0,"2025/10/22","True",0.1,0.1,15,NA,NA,NA,NA,NA,NA,NA,NA,NA,NA
"760","2025/10/22","FPICO1T08:09","2003/08/13",1,2,77,NA,"PICO","L","C",16.4,NA,NA,NA," overq2_all","","Yes","","","","",NA,0,0,0,"2025/10/22","True",0.1,0.1,15,NA,NA,NA,NA,NA,NA,NA,NA,NA,NA
"761","2025/10/22","FPICO1T08:09","2003/08/13",1,2,78,NA,"PICO","L","C",19.3,NA,NA,NA," overq2_all","","Yes","WOND","","","",NA,0,0,0,"2025/10/22","True",0.1,0.1,15,NA,NA,NA,NA,NA,NA,NA,NA,NA,NA
"762","2025/10/22","FPICO1T08:09","2003/08/13",1,2,79,NA,"PICO","L","C",16.6,NA,NA,NA," overq2_all","","Yes","INSE","","","",NA,0,0,0,"2025/10/22","True",0.1,0.1,15,NA,NA,NA,NA,NA,NA,NA,NA,NA,NA
"763","2025/10/22","FPICO1T08:09","2003/08/13",1,2,80,NA,"PICO","L","C",16.6,NA,NA,NA," overq2_all","","Yes","","","","",NA,0,0,0,"2025/10/22","True",0.1,0.1,15,NA,NA,NA,NA,NA,NA,NA,NA,NA,NA
"764","2025/10/22","FPICO1T08:09","2003/08/13",1,2,81,NA,"PICO","L","C",15.1,NA,NA,NA," overq2_all","","Yes","SPAR","","","",NA,0,0,0,"2025/10/22","True",0.1,0.1,15,NA,NA,NA,NA,NA,NA,NA,NA,NA,NA
"765","2025/10/22","FPICO1T08:09","2003/08/13",1,2,82,NA,"PICO","L","D",27.7,NA,NA,NA," overq2_all","","Yes","","","","",NA,0,0,0,"2025/10/22","True",0.1,0.1,15,NA,NA,NA,NA,NA,NA,NA,NA,NA,NA
"766","2025/10/22","FPICO1T08:09","2003/08/13",1,2,83,NA,"PICO","L","C",15.3,NA,NA,NA," overq2_all","","Yes","SPAR","","","",NA,0,0,0,"2025/10/22","True",0.1,0.1,15,NA,NA,NA,NA,NA,NA,NA,NA,NA,NA
"767","2025/10/22","FPICO1T08:09","2003/08/13",1,2,84,NA,"PICO","L","C",21.4,NA,NA,NA," overq2_all","","Yes","LEAN","","","",NA,0,0,0,"2025/10/22","True",0.1,0.1,15,NA,NA,NA,NA,NA,NA,NA,NA,NA,NA
"768","2025/10/22","FPICO1T08:09","2003/08/13",1,2,85,NA,"PICO","L","D",26,NA,NA,NA," overq2_all","","Yes","CROK","","","",NA,0,0,0,"2025/10/22","True",0.1,0.1,15,NA,NA,NA,NA,NA,NA,NA,NA,NA,NA
"769","2025/10/22","FPICO1T08:09","2003/08/13",1,2,86,NA,"PICO","L","D",23.6,NA,NA,NA," overq2_all","","Yes","WOND","","","",NA,0,0,0,"2025/10/22","True",0.1,0.1,15,NA,NA,NA,NA,NA,NA,NA,NA,NA,NA
"770","2025/10/22","FPICO1T08:09","2003/08/13",1,2,87,NA,"PICO","L","C",20,NA,NA,NA," overq2_all","","Yes","WOND","","","",NA,0,0,0,"2025/10/22","True",0.1,0.1,15,NA,NA,NA,NA,NA,NA,NA,NA,NA,NA
"771","2025/10/22","FPICO1T08:09","2003/08/13",1,2,88,NA,"PICO","L","C",22,NA,NA,NA," overq2_all","","Yes","CROK","","","",NA,0,0,0,"2025/10/22","True",0.1,0.1,15,NA,NA,NA,NA,NA,NA,NA,NA,NA,NA
"772","2025/10/22","FPICO1T08:09","2003/08/13",1,2,89,NA,"PICO","L","C",23.2,NA,NA,NA," overq2_all","","Yes","","","","",NA,0,0,0,"2025/10/22","True",0.1,0.1,15,NA,NA,NA,NA,NA,NA,NA,NA,NA,NA
"773","2025/10/22","FPICO1T08:10","1998/07/29",1,1,1,NA,"PICO","L","X",3.5,3,NA,NA," poleq1_all","","Yes","","","","",NA,NA,NA,NA,"2025/10/22","True",0.1,0.1,15,NA,NA,NA,NA,NA,NA,NA,NA,NA,NA
"774","2025/10/22","FPICO1T08:10","1998/07/29",1,1,2,NA,"PICO","D","X",4,3,NA,NA," poleq1_all","","Yes","","","","",NA,NA,NA,NA,"2025/10/22","True",0.1,0.1,15,NA,NA,NA,NA,NA,NA,NA,NA,NA,NA
"775","2025/10/22","FPICO1T08:10","1998/07/29",1,1,3,NA,"PICO","L","X",10.4,8,NA,NA," poleq1_all","","Yes","","","","",NA,NA,NA,NA,"2025/10/22","True",0.1,0.1,15,NA,NA,NA,NA,NA,NA,NA,NA,NA,NA
"776","2025/10/22","FPICO1T08:10","1998/07/29",1,1,4,NA,"PICO","L","X",10.7,10,NA,NA," poleq1_all","","Yes","","","","",NA,NA,NA,NA,"2025/10/22","True",0.1,0.1,15,NA,NA,NA,NA,NA,NA,NA,NA,NA,NA
"777","2025/10/22","FPICO1T08:10","1998/07/29",1,1,5,NA,"PICO","D","X",13.8,10,NA,NA," poleq1_all","","Yes","","","","",NA,NA,NA,NA,"2025/10/22","True",0.1,0.1,15,NA,NA,NA,NA,NA,NA,NA,NA,NA,NA
"778","2025/10/22","FPICO1T08:10","1998/07/29",1,1,6,NA,"PICO","L","X",14.6,10,NA,NA," poleq1_all","","Yes","","","","",NA,NA,NA,NA,"2025/10/22","True",0.1,0.1,15,NA,NA,NA,NA,NA,NA,NA,NA,NA,NA
"779","2025/10/22","FPICO1T08:10","1998/07/29",1,1,7,NA,"PICO","L","X",13.9,10,NA,NA," poleq1_all","","Yes","","","","",NA,NA,NA,NA,"2025/10/22","True",0.1,0.1,15,NA,NA,NA,NA,NA,NA,NA,NA,NA,NA
"780","2025/10/22","FPICO1T08:10","1998/07/29",1,1,8,NA,"PICO","L","X",12.6,10,NA,NA," poleq1_all","","Yes","","","","",NA,NA,NA,NA,"2025/10/22","True",0.1,0.1,15,NA,NA,NA,NA,NA,NA,NA,NA,NA,NA
"781","2025/10/22","FPICO1T08:10","1998/07/29",1,1,9,NA,"PICO","L","X",14.4,10,NA,NA," poleq1_all","","Yes","","","","",NA,NA,NA,NA,"2025/10/22","True",0.1,0.1,15,NA,NA,NA,NA,NA,NA,NA,NA,NA,NA
"782","2025/10/22","FPICO1T08:10","1998/07/29",1,1,10,NA,"PICO","L","X",14.1,10,NA,NA," poleq1_all","","Yes","","","","",NA,NA,NA,NA,"2025/10/22","True",0.1,0.1,15,NA,NA,NA,NA,NA,NA,NA,NA,NA,NA
"783","2025/10/22","FPICO1T08:10","1998/07/29",1,1,11,NA,"PICO","L","X",14.9,8,NA,NA," poleq1_all","","Yes","","","","",NA,NA,NA,NA,"2025/10/22","True",0.1,0.1,15,NA,NA,NA,NA,NA,NA,NA,NA,NA,NA
"784","2025/10/22","FPICO1T08:10","1998/07/29",1,1,12,NA,"PIEN","L","X",6.1,6,NA,NA," poleq1_all","","Yes","","","","",NA,NA,NA,NA,"2025/10/22","True",0.1,0.1,15,NA,NA,NA,NA,NA,NA,NA,NA,NA,NA
"785","2025/10/22","FPICO1T08:10","1998/07/29",1,1,13,NA,"PICO","D","X",7.4,9,NA,NA," poleq1_all","","Yes","","","","",NA,NA,NA,NA,"2025/10/22","True",0.1,0.1,15,NA,NA,NA,NA,NA,NA,NA,NA,NA,NA
"786","2025/10/22","FPICO1T08:10","1998/07/29",1,1,14,NA,"PICO","L","X",13.9,10,NA,NA," poleq1_all","","Yes","","","","",NA,NA,NA,NA,"2025/10/22","True",0.1,0.1,15,NA,NA,NA,NA,NA,NA,NA,NA,NA,NA
"787","2025/10/22","FPICO1T08:10","1998/07/29",1,1,15,NA,"PICO","L","X",9.9,8,NA,NA," poleq1_all","","Yes","","","","",NA,NA,NA,NA,"2025/10/22","True",0.1,0.1,15,NA,NA,NA,NA,NA,NA,NA,NA,NA,NA
"788","2025/10/22","FPICO1T08:10","1998/07/29",1,1,16,NA,"PICO","L","X",13.2,9,NA,NA," poleq1_all","","Yes","","","","",NA,NA,NA,NA,"2025/10/22","True",0.1,0.1,15,NA,NA,NA,NA,NA,NA,NA,NA,NA,NA
"789","2025/10/22","FPICO1T08:10","1998/07/29",1,1,17,NA,"PICO","D","X",9.3,5,NA,NA," poleq1_all","","Yes","","","","",NA,NA,NA,NA,"2025/10/22","True",0.1,0.1,15,NA,NA,NA,NA,NA,NA,NA,NA,NA,NA
"790","2025/10/22","FPICO1T08:10","1998/07/29",1,1,18,NA,"PICO","D","X",3.9,3,NA,NA," poleq1_all","","Yes","","","","",NA,NA,NA,NA,"2025/10/22","True",0.1,0.1,15,NA,NA,NA,NA,NA,NA,NA,NA,NA,NA
"791","2025/10/22","FPICO1T08:10","1998/07/29",1,1,19,NA,"PICO","L","X",11.9,10,NA,NA," poleq1_all","","Yes","","","","",NA,NA,NA,NA,"2025/10/22","True",0.1,0.1,15,NA,NA,NA,NA,NA,NA,NA,NA,NA,NA
"792","2025/10/22","FPICO1T08:10","1998/07/29",1,1,20,NA,"PICO","L","X",5,4,NA,NA," poleq1_all","","Yes","","","","",NA,NA,NA,NA,"2025/10/22","True",0.1,0.1,15,NA,NA,NA,NA,NA,NA,NA,NA,NA,NA
"793","2025/10/22","FPICO1T08:10","1998/07/29",1,2,21,NA,"PICO","L","X",14.2,10,NA,NA," poleq2_all","","Yes","","","","",NA,NA,NA,NA,"2025/10/22","True",0.1,0.1,15,NA,NA,NA,NA,NA,NA,NA,NA,NA,NA
"794","2025/10/22","FPICO1T08:10","1998/07/29",1,2,22,NA,"PICO","L","X",5,5,NA,NA," poleq2_all","","Yes","","","","",NA,NA,NA,NA,"2025/10/22","True",0.1,0.1,15,NA,NA,NA,NA,NA,NA,NA,NA,NA,NA
"795","2025/10/22","FPICO1T08:10","1998/07/29",1,2,23,NA,"PICO","L","X",9.2,6,NA,NA," poleq2_all","","Yes","","","","",NA,NA,NA,NA,"2025/10/22","True",0.1,0.1,15,NA,NA,NA,NA,NA,NA,NA,NA,NA,NA
"796","2025/10/22","FPICO1T08:10","1998/07/29",1,2,24,NA,"PICO","L","X",8,6,NA,NA," poleq2_all","","Yes","","","","",NA,NA,NA,NA,"2025/10/22","True",0.1,0.1,15,NA,NA,NA,NA,NA,NA,NA,NA,NA,NA
"797","2025/10/22","FPICO1T08:10","1998/07/29",1,2,25,NA,"PICO","D","X",6.7,6,NA,NA," poleq2_all","","Yes","","","","",NA,NA,NA,NA,"2025/10/22","True",0.1,0.1,15,NA,NA,NA,NA,NA,NA,NA,NA,NA,NA
"798","2025/10/22","FPICO1T08:10","1998/07/29",1,2,26,NA,"PICO","L","X",11.6,9,NA,NA," poleq2_all","","Yes","","","","",NA,NA,NA,NA,"2025/10/22","True",0.1,0.1,15,NA,NA,NA,NA,NA,NA,NA,NA,NA,NA
"799","2025/10/22","FPICO1T08:10","1998/07/29",1,2,27,NA,"PICO","L","X",7.1,5,NA,NA," poleq2_all","","Yes","","","","",NA,NA,NA,NA,"2025/10/22","True",0.1,0.1,15,NA,NA,NA,NA,NA,NA,NA,NA,NA,NA
"800","2025/10/22","FPICO1T08:10","1998/07/29",1,2,28,NA,"PICO","L","X",11.6,8,NA,NA," poleq2_all","","Yes","","","","",NA,NA,NA,NA,"2025/10/22","True",0.1,0.1,15,NA,NA,NA,NA,NA,NA,NA,NA,NA,NA
"801","2025/10/22","FPICO1T08:10","1998/07/29",1,2,29,NA,"PICO","L","X",12.1,10,NA,NA," poleq2_all","","Yes","","","","",NA,NA,NA,NA,"2025/10/22","True",0.1,0.1,15,NA,NA,NA,NA,NA,NA,NA,NA,NA,NA
"802","2025/10/22","FPICO1T08:10","1998/07/29",1,2,30,NA,"PICO","L","X",7.3,8,NA,NA," poleq2_all","","Yes","","","","",NA,NA,NA,NA,"2025/10/22","True",0.1,0.1,15,NA,NA,NA,NA,NA,NA,NA,NA,NA,NA
"803","2025/10/22","FPICO1T08:10","1998/07/29",1,2,31,NA,"PICO","L","X",4.8,4,NA,NA," poleq2_all","","Yes","","","","",NA,NA,NA,NA,"2025/10/22","True",0.1,0.1,15,NA,NA,NA,NA,NA,NA,NA,NA,NA,NA
"804","2025/10/22","FPICO1T08:10","1998/07/29",1,2,32,NA,"PIEN","L","X",8.5,8,NA,NA," poleq2_all","","Yes","","","","",NA,NA,NA,NA,"2025/10/22","True",0.1,0.1,15,NA,NA,NA,NA,NA,NA,NA,NA,NA,NA
"805","2025/10/22","FPICO1T08:10","1998/07/29",1,2,33,NA,"PICO","L","X",7.2,7,NA,NA," poleq2_all","","Yes","","","","",NA,NA,NA,NA,"2025/10/22","True",0.1,0.1,15,NA,NA,NA,NA,NA,NA,NA,NA,NA,NA
"806","2025/10/22","FPICO1T08:10","1998/07/29",1,2,34,NA,"PICO","L","X",12.4,9,NA,NA," poleq2_all","","Yes","","","","",NA,NA,NA,NA,"2025/10/22","True",0.1,0.1,15,NA,NA,NA,NA,NA,NA,NA,NA,NA,NA
"807","2025/10/22","FPICO1T08:10","1998/07/29",1,2,35,NA,"PICO","L","X",5.1,4,NA,NA," poleq2_all","","Yes","","","","",NA,NA,NA,NA,"2025/10/22","True",0.1,0.1,15,NA,NA,NA,NA,NA,NA,NA,NA,NA,NA
"808","2025/10/22","FPICO1T08:10","1998/07/29",1,1,35,NA,"POTR5","L","I",17.6,NA,NA,NA," overq1_all","","Yes","MAMM","","","",NA,NA,NA,NA,"2025/10/22","True",0.1,0.1,15,NA,NA,NA,NA,NA,NA,NA,NA,NA,NA
"809","2025/10/22","FPICO1T08:10","1998/07/29",1,1,36,NA,"PICO","L","C",29.4,NA,NA,NA," overq1_all","","Yes","","","","",NA,NA,NA,NA,"2025/10/22","True",0.1,0.1,15,NA,NA,NA,NA,NA,NA,NA,NA,NA,NA
"810","2025/10/22","FPICO1T08:10","1998/07/29",1,1,37,NA,"PICO","L","C",23.4,NA,NA,NA," overq1_all","","Yes","CROK","","","",NA,NA,NA,NA,"2025/10/22","True",0.1,0.1,15,NA,NA,NA,NA,NA,NA,NA,NA,NA,NA
"811","2025/10/22","FPICO1T08:10","1998/07/29",1,1,38,NA,"PICO","L","C",27.5,NA,NA,NA," overq1_all","","Yes","","","","",NA,NA,NA,NA,"2025/10/22","True",0.1,0.1,15,NA,NA,NA,NA,NA,NA,NA,NA,NA,NA
"812","2025/10/22","FPICO1T08:10","1998/07/29",1,1,39,NA,"PICO","L","I",24.8,NA,NA,NA," overq1_all","","Yes","","","","",NA,NA,NA,NA,"2025/10/22","True",0.1,0.1,15,NA,NA,NA,NA,NA,NA,NA,NA,NA,NA
"813","2025/10/22","FPICO1T08:10","1998/07/29",1,1,40,NA,"PICO","L","I",15.2,NA,NA,NA," overq1_all","","Yes","LEAN","","","",NA,NA,NA,NA,"2025/10/22","True",0.1,0.1,15,NA,NA,NA,NA,NA,NA,NA,NA,NA,NA
"814","2025/10/22","FPICO1T08:10","1998/07/29",1,1,41,NA,"PICO","L","I",15.2,NA,NA,NA," overq1_all","","Yes","ABGR","","","",NA,NA,NA,NA,"2025/10/22","True",0.1,0.1,15,NA,NA,NA,NA,NA,NA,NA,NA,NA,NA
"815","2025/10/22","FPICO1T08:10","1998/07/29",1,1,42,NA,"PICO","L","I",15.5,NA,NA,NA," overq1_all","","Yes","","","","",NA,NA,NA,NA,"2025/10/22","True",0.1,0.1,15,NA,NA,NA,NA,NA,NA,NA,NA,NA,NA
"816","2025/10/22","FPICO1T08:10","1998/07/29",1,1,43,NA,"PICO","L","C",24.2,NA,NA,NA," overq1_all","","Yes","","","","",NA,NA,NA,NA,"2025/10/22","True",0.1,0.1,15,NA,NA,NA,NA,NA,NA,NA,NA,NA,NA
"817","2025/10/22","FPICO1T08:10","1998/07/29",1,1,44,NA,"PICO","L","I",25.5,NA,NA,NA," overq1_all","","Yes","CROK","ABGR","FORK","",NA,NA,NA,NA,"2025/10/22","True",0.1,0.1,15,NA,NA,NA,NA,NA,NA,NA,NA,NA,NA
"818","2025/10/22","FPICO1T08:10","1998/07/29",1,1,45,NA,"PICO","L","I",21.7,NA,NA,NA," overq1_all","","Yes","INSE","","","",NA,NA,NA,NA,"2025/10/22","True",0.1,0.1,15,NA,NA,NA,NA,NA,NA,NA,NA,NA,NA
"819","2025/10/22","FPICO1T08:10","1998/07/29",1,1,46,NA,"PICO","L","C",23.4,NA,NA,NA," overq1_all","","Yes","CROK","","","",NA,NA,NA,NA,"2025/10/22","True",0.1,0.1,15,NA,NA,NA,NA,NA,NA,NA,NA,NA,NA
"820","2025/10/22","FPICO1T08:10","1998/07/29",1,1,47,NA,"PICO","L","D",25.6,NA,NA,NA," overq1_all","","Yes","","","","",NA,NA,NA,NA,"2025/10/22","True",0.1,0.1,15,NA,NA,NA,NA,NA,NA,NA,NA,NA,NA
"821","2025/10/22","FPICO1T08:10","1998/07/29",1,1,48,NA,"PICO","L","I",17,NA,NA,NA," overq1_all","","Yes","TWIN","","","",NA,NA,NA,NA,"2025/10/22","True",0.1,0.1,15,NA,NA,NA,NA,NA,NA,NA,NA,NA,NA
"822","2025/10/22","FPICO1T08:10","1998/07/29",1,1,49,NA,"PICO","L","I",16.6,NA,NA,NA," overq1_all","","Yes","CROK","","","",NA,NA,NA,NA,"2025/10/22","True",0.1,0.1,15,NA,NA,NA,NA,NA,NA,NA,NA,NA,NA
"823","2025/10/22","FPICO1T08:10","1998/07/29",1,1,50,NA,"PICO","L","I",16.7,NA,NA,NA," overq1_all","","Yes","CROK","","","",NA,NA,NA,NA,"2025/10/22","True",0.1,0.1,15,NA,NA,NA,NA,NA,NA,NA,NA,NA,NA
"824","2025/10/22","FPICO1T08:10","1998/07/29",1,1,51,NA,"PICO","L","I",16.5,NA,NA,NA," overq1_all","","Yes","FORK","","","",NA,NA,NA,NA,"2025/10/22","True",0.1,0.1,15,NA,NA,NA,NA,NA,NA,NA,NA,NA,NA
"825","2025/10/22","FPICO1T08:10","1998/07/29",1,1,52,NA,"PICO","L","I",18,NA,NA,NA," overq1_all","","Yes","","","","",NA,NA,NA,NA,"2025/10/22","True",0.1,0.1,15,NA,NA,NA,NA,NA,NA,NA,NA,NA,NA
"826","2025/10/22","FPICO1T08:10","1998/07/29",1,1,53,NA,"PICO","L","C",15.1,NA,NA,NA," overq1_all","","Yes","","","","",NA,NA,NA,NA,"2025/10/22","True",0.1,0.1,15,NA,NA,NA,NA,NA,NA,NA,NA,NA,NA
"827","2025/10/22","FPICO1T08:10","1998/07/29",1,1,54,NA,"PICO","L","I",17.6,NA,NA,NA," overq1_all","","Yes","ABGR","","","",NA,NA,NA,NA,"2025/10/22","True",0.1,0.1,15,NA,NA,NA,NA,NA,NA,NA,NA,NA,NA
"828","2025/10/22","FPICO1T08:10","1998/07/29",1,1,55,NA,"PIEN","L","C",20.1,NA,NA,NA," overq1_all","","Yes","","","","",NA,NA,NA,NA,"2025/10/22","True",0.1,0.1,15,NA,NA,NA,NA,NA,NA,NA,NA,NA,NA
"829","2025/10/22","FPICO1T08:10","1998/07/29",1,1,56,NA,"PICO","L","C",20.7,NA,NA,NA," overq1_all","","Yes","LEAN","CROK","","",NA,NA,NA,NA,"2025/10/22","True",0.1,0.1,15,NA,NA,NA,NA,NA,NA,NA,NA,NA,NA
"830","2025/10/22","FPICO1T08:10","1998/07/29",1,1,57,NA,"PICO","L","C",16.8,NA,NA,NA," overq1_all","","Yes","","","","",NA,NA,NA,NA,"2025/10/22","True",0.1,0.1,15,NA,NA,NA,NA,NA,NA,NA,NA,NA,NA
"831","2025/10/22","FPICO1T08:10","1998/07/29",1,1,58,NA,"PICO","L","C",23.9,NA,NA,NA," overq1_all","","Yes","","","","",NA,NA,NA,NA,"2025/10/22","True",0.1,0.1,15,NA,NA,NA,NA,NA,NA,NA,NA,NA,NA
"832","2025/10/22","FPICO1T08:10","1998/07/29",1,2,59,NA,"PICO","L","C",19.9,NA,NA,NA," overq2_all","","Yes","","","","",NA,NA,NA,NA,"2025/10/22","True",0.1,0.1,15,NA,NA,NA,NA,NA,NA,NA,NA,NA,NA
"833","2025/10/22","FPICO1T08:10","1998/07/29",1,2,60,NA,"PICO","L","I",17.4,NA,NA,NA," overq2_all","","Yes","","","","",NA,NA,NA,NA,"2025/10/22","True",0.1,0.1,15,NA,NA,NA,NA,NA,NA,NA,NA,NA,NA
"834","2025/10/22","FPICO1T08:10","1998/07/29",1,2,61,NA,"PICO","L","I",16.2,NA,NA,NA," overq2_all","","Yes","","","","",NA,NA,NA,NA,"2025/10/22","True",0.1,0.1,15,NA,NA,NA,NA,NA,NA,NA,NA,NA,NA
"835","2025/10/22","FPICO1T08:10","1998/07/29",1,2,62,NA,"PICO","L","I",16.9,NA,NA,NA," overq2_all","","Yes","","","","",NA,NA,NA,NA,"2025/10/22","True",0.1,0.1,15,NA,NA,NA,NA,NA,NA,NA,NA,NA,NA
"836","2025/10/22","FPICO1T08:10","1998/07/29",1,2,63,NA,"PICO","L","D",31.8,NA,NA,NA," overq2_all","","Yes","","","","",NA,NA,NA,NA,"2025/10/22","True",0.1,0.1,15,NA,NA,NA,NA,NA,NA,NA,NA,NA,NA
"837","2025/10/22","FPICO1T08:10","1998/07/29",1,2,64,NA,"PICO","L","C",26.3,NA,NA,NA," overq2_all","","Yes","","","","",NA,NA,NA,NA,"2025/10/22","True",0.1,0.1,15,NA,NA,NA,NA,NA,NA,NA,NA,NA,NA
"838","2025/10/22","FPICO1T08:10","1998/07/29",1,2,65,NA,"PICO","L","I",20.5,NA,NA,NA," overq2_all","","Yes","","","","",NA,NA,NA,NA,"2025/10/22","True",0.1,0.1,15,NA,NA,NA,NA,NA,NA,NA,NA,NA,NA
"839","2025/10/22","FPICO1T08:10","1998/07/29",1,2,66,NA,"PICO","L","C",33,NA,NA,NA," overq2_all","","Yes","FORK","DTOP","INSE","MAMM",NA,NA,NA,NA,"2025/10/22","True",0.1,0.1,15,NA,NA,NA,NA,NA,NA,NA,NA,NA,NA
"840","2025/10/22","FPICO1T08:10","1998/07/29",1,2,67,NA,"PICO","L","I",16.7,NA,NA,NA," overq2_all","","Yes","BROK","","","",NA,NA,NA,NA,"2025/10/22","True",0.1,0.1,15,NA,NA,NA,NA,NA,NA,NA,NA,NA,NA
"841","2025/10/22","FPICO1T08:10","1998/07/29",1,2,68,NA,"PICO","L","D",28.8,NA,NA,NA," overq2_all","","Yes","FIRE","LEAN","FORK","",NA,NA,NA,NA,"2025/10/22","True",0.1,0.1,15,NA,NA,NA,NA,NA,NA,NA,NA,NA,NA
"842","2025/10/22","FPICO1T08:10","1999/08/13",1,1,1,NA,"PICO","L","X",2.8,3,NA,NA," poleq1_all","","Yes","","","","",NA,0,0,0,"2025/10/22","True",0.1,0.1,15,NA,NA,NA,NA,NA,NA,NA,NA,NA,NA
"843","2025/10/22","FPICO1T08:10","1999/08/13",1,1,2,NA,"PICO","D","X",4,3,NA,NA," poleq1_all","","Yes","","","","",NA,0,0,0,"2025/10/22","True",0.1,0.1,15,NA,NA,NA,NA,NA,NA,NA,NA,NA,NA
"844","2025/10/22","FPICO1T08:10","1999/08/13",1,1,3,NA,"PICO","L","X",10.5,7,NA,NA," poleq1_all","","Yes","","","","",NA,0,0,0,"2025/10/22","True",0.1,0.1,15,NA,NA,NA,NA,NA,NA,NA,NA,NA,NA
"845","2025/10/22","FPICO1T08:10","1999/08/13",1,1,4,NA,"PICO","L","X",10.7,6,NA,NA," poleq1_all","","Yes","","","","",NA,0,0,0,"2025/10/22","True",0.1,0.1,15,NA,NA,NA,NA,NA,NA,NA,NA,NA,NA
"846","2025/10/22","FPICO1T08:10","1999/08/13",1,1,5,NA,"PICO","D","X",13.5,9,NA,NA," poleq1_all","","Yes","","","","",NA,0,0,0,"2025/10/22","True",0.1,0.1,15,NA,NA,NA,NA,NA,NA,NA,NA,NA,NA
"847","2025/10/22","FPICO1T08:10","1999/08/13",1,1,6,NA,"PICO","L","X",14.6,10,NA,NA," poleq1_all","","Yes","","","","",NA,0,0,0,"2025/10/22","True",0.1,0.1,15,NA,NA,NA,NA,NA,NA,NA,NA,NA,NA
"848","2025/10/22","FPICO1T08:10","1999/08/13",1,1,8,NA,"PICO","L","X",12.6,10,NA,NA," poleq1_all","","Yes","","","","",NA,0,0,0,"2025/10/22","True",0.1,0.1,15,NA,NA,NA,NA,NA,NA,NA,NA,NA,NA
"849","2025/10/22","FPICO1T08:10","1999/08/13",1,1,9,NA,"PICO","L","X",14,10,NA,NA," poleq1_all","","Yes","","","","",NA,0,0,0,"2025/10/22","True",0.1,0.1,15,NA,NA,NA,NA,NA,NA,NA,NA,NA,NA
"850","2025/10/22","FPICO1T08:10","1999/08/13",1,1,10,NA,"PICO","L","X",13.7,10,NA,NA," poleq1_all","","Yes","","","","",NA,0,0,0,"2025/10/22","True",0.1,0.1,15,NA,NA,NA,NA,NA,NA,NA,NA,NA,NA
"851","2025/10/22","FPICO1T08:10","1999/08/13",1,1,11,NA,"PICO","L","X",14.2,6,NA,NA," poleq1_all","","Yes","","","","",NA,0,0,0,"2025/10/22","True",0.1,0.1,15,NA,NA,NA,NA,NA,NA,NA,NA,NA,NA
"852","2025/10/22","FPICO1T08:10","1999/08/13",1,1,12,NA,"PIEN","L","X",6.1,5,NA,NA," poleq1_all","","Yes","","","","",NA,0,0,0,"2025/10/22","True",0.1,0.1,15,NA,NA,NA,NA,NA,NA,NA,NA,NA,NA
"853","2025/10/22","FPICO1T08:10","1999/08/13",1,1,13,NA,"PICO","D","X",7.4,8,NA,NA," poleq1_all","","Yes","","","","",NA,0,0,0,"2025/10/22","True",0.1,0.1,15,NA,NA,NA,NA,NA,NA,NA,NA,NA,NA
"854","2025/10/22","FPICO1T08:10","1999/08/13",1,1,14,NA,"PICO","L","X",12.8,10,NA,NA," poleq1_all","","Yes","","","","",NA,0,0,0,"2025/10/22","True",0.1,0.1,15,NA,NA,NA,NA,NA,NA,NA,NA,NA,NA
"855","2025/10/22","FPICO1T08:10","1999/08/13",1,1,15,NA,"PICO","L","X",10.2,7,NA,NA," poleq1_all","","Yes","","","","",NA,0,0,0,"2025/10/22","True",0.1,0.1,15,NA,NA,NA,NA,NA,NA,NA,NA,NA,NA
"856","2025/10/22","FPICO1T08:10","1999/08/13",1,1,16,NA,"PICO","L","X",13.4,9,NA,NA," poleq1_all","","Yes","","","","",NA,0,0,0,"2025/10/22","True",0.1,0.1,15,NA,NA,NA,NA,NA,NA,NA,NA,NA,NA
"857","2025/10/22","FPICO1T08:10","1999/08/13",1,1,17,NA,"PICO","D","X",8.8,4,NA,NA," poleq1_all","","Yes","","","","",NA,0,0,0,"2025/10/22","True",0.1,0.1,15,NA,NA,NA,NA,NA,NA,NA,NA,NA,NA
"858","2025/10/22","FPICO1T08:10","1999/08/13",1,1,19,NA,"PICO","L","X",11.3,10,NA,NA," poleq1_all","","Yes","","","","",NA,0,0,0,"2025/10/22","True",0.1,0.1,15,NA,NA,NA,NA,NA,NA,NA,NA,NA,NA
"859","2025/10/22","FPICO1T08:10","1999/08/13",1,1,20,NA,"PICO","L","X",4.6,4,NA,NA," poleq1_all","","Yes","","","","",NA,0,0,0,"2025/10/22","True",0.1,0.1,15,NA,NA,NA,NA,NA,NA,NA,NA,NA,NA
"860","2025/10/22","FPICO1T08:10","1999/08/13",1,1,36,NA,"PRVI","L","X",2.7,4,NA,NA," poleq1_all","","Yes","","","","",NA,0,0,0,"2025/10/22","True",0.1,0.1,15,NA,NA,NA,NA,NA,NA,NA,NA,NA,NA
"861","2025/10/22","FPICO1T08:10","1999/08/13",1,1,37,NA,"PICO","D","X",7.8,3,NA,NA," poleq1_all","","Yes","","","","",NA,0,0,0,"2025/10/22","True",0.1,0.1,15,NA,NA,NA,NA,NA,NA,NA,NA,NA,NA
"862","2025/10/22","FPICO1T08:10","1999/08/13",1,1,38,NA,"PICO","L","X",12.1,5,NA,NA," poleq1_all","","Yes","","","","",NA,0,0,0,"2025/10/22","True",0.1,0.1,15,NA,NA,NA,NA,NA,NA,NA,NA,NA,NA
"863","2025/10/22","FPICO1T08:10","1999/08/13",1,1,39,NA,"PICO","L","X",4.1,4,NA,NA," poleq1_all","","Yes","","","","",NA,0,0,0,"2025/10/22","True",0.1,0.1,15,NA,NA,NA,NA,NA,NA,NA,NA,NA,NA
"864","2025/10/22","FPICO1T08:10","1999/08/13",1,1,40,NA,"PICO","D","X",7.8,5,NA,NA," poleq1_all","","Yes","","","","",NA,0,0,0,"2025/10/22","True",0.1,0.1,15,NA,NA,NA,NA,NA,NA,NA,NA,NA,NA
"865","2025/10/22","FPICO1T08:10","1999/08/13",1,1,41,NA,"PICO","D","X",3,4,NA,NA," poleq1_all","","Yes","","","","",NA,0,0,0,"2025/10/22","True",0.1,0.1,15,NA,NA,NA,NA,NA,NA,NA,NA,NA,NA
"866","2025/10/22","FPICO1T08:10","1999/08/13",1,1,42,NA,"PICO","D","X",5.2,4,NA,NA," poleq1_all","","Yes","","","","",NA,0,0,0,"2025/10/22","True",0.1,0.1,15,NA,NA,NA,NA,NA,NA,NA,NA,NA,NA
"867","2025/10/22","FPICO1T08:10","1999/08/13",1,2,21,NA,"PICO","L","X",14.1,10,NA,NA," poleq2_all","","Yes","","","","",NA,0,0,0,"2025/10/22","True",0.1,0.1,15,NA,NA,NA,NA,NA,NA,NA,NA,NA,NA
"868","2025/10/22","FPICO1T08:10","1999/08/13",1,2,22,NA,"PICO","D","X",4.4,4,NA,NA," poleq2_all","","Yes","","","","",NA,0,0,0,"2025/10/22","True",0.1,0.1,15,NA,NA,NA,NA,NA,NA,NA,NA,NA,NA
"869","2025/10/22","FPICO1T08:10","1999/08/13",1,2,23,NA,"PICO","L","X",8.7,5,NA,NA," poleq2_all","","Yes","","","","",NA,0,0,0,"2025/10/22","True",0.1,0.1,15,NA,NA,NA,NA,NA,NA,NA,NA,NA,NA
"870","2025/10/22","FPICO1T08:10","1999/08/13",1,2,24,NA,"PICO","L","X",7.4,5,NA,NA," poleq2_all","","Yes","","","","",NA,0,0,0,"2025/10/22","True",0.1,0.1,15,NA,NA,NA,NA,NA,NA,NA,NA,NA,NA
"871","2025/10/22","FPICO1T08:10","1999/08/13",1,2,26,NA,"PICO","L","X",11.4,6,NA,NA," poleq2_all","","Yes","","","","",NA,0,0,0,"2025/10/22","True",0.1,0.1,15,NA,NA,NA,NA,NA,NA,NA,NA,NA,NA
"872","2025/10/22","FPICO1T08:10","1999/08/13",1,2,27,NA,"PICO","L","X",6.9,6,NA,NA," poleq2_all","","Yes","","","","",NA,0,0,0,"2025/10/22","True",0.1,0.1,15,NA,NA,NA,NA,NA,NA,NA,NA,NA,NA
"873","2025/10/22","FPICO1T08:10","1999/08/13",1,2,28,NA,"PICO","L","X",11.3,5,NA,NA," poleq2_all","","Yes","","","","",NA,0,0,0,"2025/10/22","True",0.1,0.1,15,NA,NA,NA,NA,NA,NA,NA,NA,NA,NA
"874","2025/10/22","FPICO1T08:10","1999/08/13",1,2,29,NA,"POTR5","L","X",11.5,10,NA,NA," poleq2_all","","Yes","","","","",NA,0,0,0,"2025/10/22","True",0.1,0.1,15,NA,NA,NA,NA,NA,NA,NA,NA,NA,NA
"875","2025/10/22","FPICO1T08:10","1999/08/13",1,2,30,NA,"PICO","L","X",6.3,4,NA,NA," poleq2_all","","Yes","","","","",NA,0,0,0,"2025/10/22","True",0.1,0.1,15,NA,NA,NA,NA,NA,NA,NA,NA,NA,NA
"876","2025/10/22","FPICO1T08:10","1999/08/13",1,2,31,NA,"PICO","L","X",4.4,4,NA,NA," poleq2_all","","Yes","","","","",NA,0,0,0,"2025/10/22","True",0.1,0.1,15,NA,NA,NA,NA,NA,NA,NA,NA,NA,NA
"877","2025/10/22","FPICO1T08:10","1999/08/13",1,2,32,NA,"PIEN","L","X",8.3,8,NA,NA," poleq2_all","","Yes","","","","",NA,0,0,0,"2025/10/22","True",0.1,0.1,15,NA,NA,NA,NA,NA,NA,NA,NA,NA,NA
"878","2025/10/22","FPICO1T08:10","1999/08/13",1,2,33,NA,"PICO","L","X",6.8,7,NA,NA," poleq2_all","","Yes","","","","",NA,0,0,0,"2025/10/22","True",0.1,0.1,15,NA,NA,NA,NA,NA,NA,NA,NA,NA,NA
"879","2025/10/22","FPICO1T08:10","1999/08/13",1,2,34,NA,"PICO","L","X",11.9,9,NA,NA," poleq2_all","","Yes","","","","",NA,0,0,0,"2025/10/22","True",0.1,0.1,15,NA,NA,NA,NA,NA,NA,NA,NA,NA,NA
"880","2025/10/22","FPICO1T08:10","1999/08/13",1,2,35,NA,"PICO","L","X",4.4,4,NA,NA," poleq2_all","","Yes","","","","",NA,0,0,0,"2025/10/22","True",0.1,0.1,15,NA,NA,NA,NA,NA,NA,NA,NA,NA,NA
"881","2025/10/22","FPICO1T08:10","1999/08/13",1,2,43,NA,"PICO","D","X",8.4,4,NA,NA," poleq2_all","","Yes","","","","",NA,0,0,0,"2025/10/22","True",0.1,0.1,15,NA,NA,NA,NA,NA,NA,NA,NA,NA,NA
"882","2025/10/22","FPICO1T08:10","1999/08/13",1,2,44,NA,"PICO","L","X",11.3,6,NA,NA," poleq2_all","","Yes","","","","",NA,0,0,0,"2025/10/22","True",0.1,0.1,15,NA,NA,NA,NA,NA,NA,NA,NA,NA,NA
"883","2025/10/22","FPICO1T08:10","1999/08/13",1,2,45,NA,"PICO","L","X",4.2,4,NA,NA," poleq2_all","","Yes","","","","",NA,0,0,0,"2025/10/22","True",0.1,0.1,15,NA,NA,NA,NA,NA,NA,NA,NA,NA,NA
"884","2025/10/22","FPICO1T08:10","1999/08/13",1,1,35,NA,"POTR5","L","I",17.6,NA,NA,NA," overq1_all","","Yes","MAMM","WOND","","",NA,0,0,0,"2025/10/22","True",0.1,0.1,15,NA,NA,NA,NA,NA,NA,NA,NA,NA,NA
"885","2025/10/22","FPICO1T08:10","1999/08/13",1,1,36,NA,"PICO","L","I",29.3,NA,NA,NA," overq1_all","","Yes","","","","",NA,0,0,0,"2025/10/22","True",0.1,0.1,15,NA,NA,NA,NA,NA,NA,NA,NA,NA,NA
"886","2025/10/22","FPICO1T08:10","1999/08/13",1,1,37,NA,"PICO","L","C",23.7,NA,NA,NA," overq1_all","","Yes","CROK","","","",NA,0,0,0,"2025/10/22","True",0.1,0.1,15,NA,NA,NA,NA,NA,NA,NA,NA,NA,NA
"887","2025/10/22","FPICO1T08:10","1999/08/13",1,1,38,NA,"PICO","L","C",27.9,NA,NA,NA," overq1_all","","Yes","","","","",NA,0,0,0,"2025/10/22","True",0.1,0.1,15,NA,NA,NA,NA,NA,NA,NA,NA,NA,NA
"888","2025/10/22","FPICO1T08:10","1999/08/13",1,1,39,NA,"PICO","L","C",25.1,NA,NA,NA," overq1_all","","Yes","","","","",NA,0,0,0,"2025/10/22","True",0.1,0.1,15,NA,NA,NA,NA,NA,NA,NA,NA,NA,NA
"889","2025/10/22","FPICO1T08:10","1999/08/13",1,1,40,NA,"PICO","L","I",15.2,NA,NA,NA," overq1_all","","Yes","LEAN","","","",NA,0,0,0,"2025/10/22","True",0.1,0.1,15,NA,NA,NA,NA,NA,NA,NA,NA,NA,NA
"890","2025/10/22","FPICO1T08:10","1999/08/13",1,1,41,NA,"PICO","L","I",15.5,NA,NA,NA," overq1_all","","Yes","LEAN","ABGR","","",NA,0,0,0,"2025/10/22","True",0.1,0.1,15,NA,NA,NA,NA,NA,NA,NA,NA,NA,NA
"891","2025/10/22","FPICO1T08:10","1999/08/13",1,1,42,NA,"PICO","L","I",15.6,NA,NA,NA," overq1_all","","Yes","","","","",NA,0,0,0,"2025/10/22","True",0.1,0.1,15,NA,NA,NA,NA,NA,NA,NA,NA,NA,NA
"892","2025/10/22","FPICO1T08:10","1999/08/13",1,1,43,NA,"PICO","L","C",24.3,NA,NA,NA," overq1_all","","Yes","","","","",NA,0,0,0,"2025/10/22","True",0.1,0.1,15,NA,NA,NA,NA,NA,NA,NA,NA,NA,NA
"893","2025/10/22","FPICO1T08:10","1999/08/13",1,1,44,NA,"PICO","L","I",25.2,NA,NA,NA," overq1_all","","Yes","CROK","ABGR","FORK","",NA,0,0,0,"2025/10/22","True",0.1,0.1,15,NA,NA,NA,NA,NA,NA,NA,NA,NA,NA
"894","2025/10/22","FPICO1T08:10","1999/08/13",1,1,45,NA,"PICO","L","I",22.1,NA,NA,NA," overq1_all","","Yes","CROK","INSE","","",NA,0,0,0,"2025/10/22","True",0.1,0.1,15,NA,NA,NA,NA,NA,NA,NA,NA,NA,NA
"895","2025/10/22","FPICO1T08:10","1999/08/13",1,1,46,NA,"PICO","L","I",24.1,NA,NA,NA," overq1_all","","Yes","CROK","","","",NA,0,0,0,"2025/10/22","True",0.1,0.1,15,NA,NA,NA,NA,NA,NA,NA,NA,NA,NA
"896","2025/10/22","FPICO1T08:10","1999/08/13",1,1,47,NA,"PICO","L","C",25.6,NA,NA,NA," overq1_all","","Yes","WOND","","","",NA,0,0,0,"2025/10/22","True",0.1,0.1,15,NA,NA,NA,NA,NA,NA,NA,NA,NA,NA
"897","2025/10/22","FPICO1T08:10","1999/08/13",1,1,48,NA,"PICO","L","I",17.1,NA,NA,NA," overq1_all","","Yes","TWIN","","","",NA,0,0,0,"2025/10/22","True",0.1,0.1,15,NA,NA,NA,NA,NA,NA,NA,NA,NA,NA
"898","2025/10/22","FPICO1T08:10","1999/08/13",1,1,49,NA,"PICO","L","I",16.6,NA,NA,NA," overq1_all","","Yes","","","","",NA,0,0,0,"2025/10/22","True",0.1,0.1,15,NA,NA,NA,NA,NA,NA,NA,NA,NA,NA
"899","2025/10/22","FPICO1T08:10","1999/08/13",1,1,50,NA,"PICO","L","I",17,NA,NA,NA," overq1_all","","Yes","WOND","CROK","","",NA,0,0,0,"2025/10/22","True",0.1,0.1,15,NA,NA,NA,NA,NA,NA,NA,NA,NA,NA
"900","2025/10/22","FPICO1T08:10","1999/08/13",1,1,51,NA,"PICO","L","I",16.4,NA,NA,NA," overq1_all","","Yes","FORK","","","",NA,0,0,0,"2025/10/22","True",0.1,0.1,15,NA,NA,NA,NA,NA,NA,NA,NA,NA,NA
"901","2025/10/22","FPICO1T08:10","1999/08/13",1,1,52,NA,"PICO","L","I",18.2,NA,NA,NA," overq1_all","","Yes","","","","",NA,0,0,0,"2025/10/22","True",0.1,0.1,15,NA,NA,NA,NA,NA,NA,NA,NA,NA,NA
"902","2025/10/22","FPICO1T08:10","1999/08/13",1,1,53,NA,"PICO","L","I",15.3,NA,NA,NA," overq1_all","","Yes","","","","",NA,0,0,0,"2025/10/22","True",0.1,0.1,15,NA,NA,NA,NA,NA,NA,NA,NA,NA,NA
"903","2025/10/22","FPICO1T08:10","1999/08/13",1,1,54,NA,"PICO","L","I",17.8,NA,NA,NA," overq1_all","","Yes","WOND","","","",NA,0,0,0,"2025/10/22","True",0.1,0.1,15,NA,NA,NA,NA,NA,NA,NA,NA,NA,NA
"904","2025/10/22","FPICO1T08:10","1999/08/13",1,1,55,NA,"PIEN","L","I",20.2,NA,NA,NA," overq1_all","","Yes","","","","",NA,0,0,0,"2025/10/22","True",0.1,0.1,15,NA,NA,NA,NA,NA,NA,NA,NA,NA,NA
"905","2025/10/22","FPICO1T08:10","1999/08/13",1,1,56,NA,"PICO","L","I",20.5,NA,NA,NA," overq1_all","","Yes","LEAN","CROK","","",NA,0,0,0,"2025/10/22","True",0.1,0.1,15,NA,NA,NA,NA,NA,NA,NA,NA,NA,NA
"906","2025/10/22","FPICO1T08:10","1999/08/13",1,1,57,NA,"PICO","L","I",17,NA,NA,NA," overq1_all","","Yes","CROK","","","",NA,0,0,0,"2025/10/22","True",0.1,0.1,15,NA,NA,NA,NA,NA,NA,NA,NA,NA,NA
"907","2025/10/22","FPICO1T08:10","1999/08/13",1,1,58,NA,"PICO","L","I",24.4,NA,NA,NA," overq1_all","","Yes","","","","",NA,0,0,0,"2025/10/22","True",0.1,0.1,15,NA,NA,NA,NA,NA,NA,NA,NA,NA,NA
"908","2025/10/22","FPICO1T08:10","1999/08/13",1,2,59,NA,"PICO","L","I",20.4,NA,NA,NA," overq2_all","","Yes","WOND","","","",NA,0,0,0,"2025/10/22","True",0.1,0.1,15,NA,NA,NA,NA,NA,NA,NA,NA,NA,NA
"909","2025/10/22","FPICO1T08:10","1999/08/13",1,2,60,NA,"PICO","L","I",17.6,NA,NA,NA," overq2_all","","Yes","WOND","","","",NA,0,0,0,"2025/10/22","True",0.1,0.1,15,NA,NA,NA,NA,NA,NA,NA,NA,NA,NA
"910","2025/10/22","FPICO1T08:10","1999/08/13",1,2,61,NA,"PICO","L","I",16.6,NA,NA,NA," overq2_all","","Yes","","","","",NA,0,0,0,"2025/10/22","True",0.1,0.1,15,NA,NA,NA,NA,NA,NA,NA,NA,NA,NA
"911","2025/10/22","FPICO1T08:10","1999/08/13",1,2,62,NA,"PICO","L","I",17.1,NA,NA,NA," overq2_all","","Yes","CROK","","","",NA,0,0,0,"2025/10/22","True",0.1,0.1,15,NA,NA,NA,NA,NA,NA,NA,NA,NA,NA
"912","2025/10/22","FPICO1T08:10","1999/08/13",1,2,63,NA,"PICO","L","D",32,NA,NA,NA," overq2_all","","Yes","","","","",NA,0,0,0,"2025/10/22","True",0.1,0.1,15,NA,NA,NA,NA,NA,NA,NA,NA,NA,NA
"913","2025/10/22","FPICO1T08:10","1999/08/13",1,2,64,NA,"PICO","L","C",26.3,NA,NA,NA," overq2_all","","Yes","","","","",NA,0,0,0,"2025/10/22","True",0.1,0.1,15,NA,NA,NA,NA,NA,NA,NA,NA,NA,NA
"914","2025/10/22","FPICO1T08:10","1999/08/13",1,2,65,NA,"PICO","L","I",20.6,NA,NA,NA," overq2_all","","Yes","","","","",NA,0,0,0,"2025/10/22","True",0.1,0.1,15,NA,NA,NA,NA,NA,NA,NA,NA,NA,NA
"915","2025/10/22","FPICO1T08:10","1999/08/13",1,2,66,NA,"PICO","L","C",33.5,NA,NA,NA," overq2_all","","Yes","DTOP","INSE","WOND","TWIN",NA,0,0,0,"2025/10/22","True",0.1,0.1,15,NA,NA,NA,NA,NA,NA,NA,NA,NA,NA
"916","2025/10/22","FPICO1T08:10","1999/08/13",1,2,67,NA,"PICO","L","I",16.9,NA,NA,NA," overq2_all","","Yes","CROK","WOND","","",NA,0,0,0,"2025/10/22","True",0.1,0.1,15,NA,NA,NA,NA,NA,NA,NA,NA,NA,NA
"917","2025/10/22","FPICO1T08:10","1999/08/13",1,2,68,NA,"PICO","D","BBD",28.8,NA,NA,NA," overq2_all","","Yes","","","","",NA,0,0,0,"2025/10/22","True",0.1,0.1,15,NA,NA,NA,NA,NA,NA,NA,NA,NA,NA
"918","2025/10/22","FPICO1T08:10","2000/08/21",1,1,1,NA,"PICO","L","X",3.3,3,NA,NA," poleq1_all","","Yes","","","","",NA,0,0,0,"2025/10/22","True",0.1,0.1,15,NA,NA,NA,NA,NA,NA,NA,NA,NA,NA
"919","2025/10/22","FPICO1T08:10","2000/08/21",1,1,3,NA,"PICO","L","X",11.1,7,NA,NA," poleq1_all","","Yes","","","","",NA,0,0,0,"2025/10/22","True",0.1,0.1,15,NA,NA,NA,NA,NA,NA,NA,NA,NA,NA
"920","2025/10/22","FPICO1T08:10","2000/08/21",1,1,4,NA,"PICO","D","X",10.2,6,NA,NA," poleq1_all","","Yes","","","","",NA,0,0,0,"2025/10/22","True",0.1,0.1,15,NA,NA,NA,NA,NA,NA,NA,NA,NA,NA
"921","2025/10/22","FPICO1T08:10","2000/08/21",1,1,5,NA,"PICO","D","X",13.3,9,NA,NA," poleq1_all","","Yes","","","","",NA,0,0,0,"2025/10/22","True",0.1,0.1,15,NA,NA,NA,NA,NA,NA,NA,NA,NA,NA
"922","2025/10/22","FPICO1T08:10","2000/08/21",1,1,6,NA,"PICO","L","X",14.8,10,NA,NA," poleq1_all","","Yes","","","","",NA,0,0,0,"2025/10/22","True",0.1,0.1,15,NA,NA,NA,NA,NA,NA,NA,NA,NA,NA
"923","2025/10/22","FPICO1T08:10","2000/08/21",1,1,8,NA,"PICO","L","X",12.9,10,NA,NA," poleq1_all","","Yes","","","","",NA,0,0,0,"2025/10/22","True",0.1,0.1,15,NA,NA,NA,NA,NA,NA,NA,NA,NA,NA
"924","2025/10/22","FPICO1T08:10","2000/08/21",1,1,9,NA,"PICO","L","X",14.3,10,NA,NA," poleq1_all","","Yes","","","","",NA,0,0,0,"2025/10/22","True",0.1,0.1,15,NA,NA,NA,NA,NA,NA,NA,NA,NA,NA
"925","2025/10/22","FPICO1T08:10","2000/08/21",1,1,10,NA,"PICO","D","X",13.5,10,NA,NA," poleq1_all","","Yes","","","","",NA,0,0,0,"2025/10/22","True",0.1,0.1,15,NA,NA,NA,NA,NA,NA,NA,NA,NA,NA
"926","2025/10/22","FPICO1T08:10","2000/08/21",1,1,11,NA,"PICO","L","X",14.3,6,NA,NA," poleq1_all","","Yes","","","","",NA,0,0,0,"2025/10/22","True",0.1,0.1,15,NA,NA,NA,NA,NA,NA,NA,NA,NA,NA
"927","2025/10/22","FPICO1T08:10","2000/08/21",1,1,12,NA,"PIEN","L","X",6.1,5,NA,NA," poleq1_all","","Yes","","","","",NA,0,0,0,"2025/10/22","True",0.1,0.1,15,NA,NA,NA,NA,NA,NA,NA,NA,NA,NA
"928","2025/10/22","FPICO1T08:10","2000/08/21",1,1,13,NA,"PICO","D","X",6.9,8,NA,NA," poleq1_all","","Yes","","","","",NA,0,0,0,"2025/10/22","True",0.1,0.1,15,NA,NA,NA,NA,NA,NA,NA,NA,NA,NA
"929","2025/10/22","FPICO1T08:10","2000/08/21",1,1,14,NA,"PICO","L","X",13.9,10,NA,NA," poleq1_all","","Yes","","","","",NA,0,0,0,"2025/10/22","True",0.1,0.1,15,NA,NA,NA,NA,NA,NA,NA,NA,NA,NA
"930","2025/10/22","FPICO1T08:10","2000/08/21",1,1,15,NA,"PICO","L","X",9.9,7,NA,NA," poleq1_all","","Yes","","","","",NA,0,0,0,"2025/10/22","True",0.1,0.1,15,NA,NA,NA,NA,NA,NA,NA,NA,NA,NA
"931","2025/10/22","FPICO1T08:10","2000/08/21",1,1,16,NA,"PICO","L","X",13.9,9,NA,NA," poleq1_all","","Yes","","","","",NA,0,0,0,"2025/10/22","True",0.1,0.1,15,NA,NA,NA,NA,NA,NA,NA,NA,NA,NA
"932","2025/10/22","FPICO1T08:10","2000/08/21",1,1,17,NA,"PICO","D","X",8.8,4,NA,NA," poleq1_all","","Yes","","","","",NA,0,0,0,"2025/10/22","True",0.1,0.1,15,NA,NA,NA,NA,NA,NA,NA,NA,NA,NA
"933","2025/10/22","FPICO1T08:10","2000/08/21",1,1,19,NA,"PICO","L","X",11.3,10,NA,NA," poleq1_all","","Yes","","","","",NA,0,0,0,"2025/10/22","True",0.1,0.1,15,NA,NA,NA,NA,NA,NA,NA,NA,NA,NA
"934","2025/10/22","FPICO1T08:10","2000/08/21",1,1,20,NA,"PICO","L","X",4.7,3,NA,NA," poleq1_all","","Yes","","","","",NA,0,0,0,"2025/10/22","True",0.1,0.1,15,NA,NA,NA,NA,NA,NA,NA,NA,NA,NA
"935","2025/10/22","FPICO1T08:10","2000/08/21",1,1,36,NA,"POTR5","D","X",2.7,4,NA,NA," poleq1_all","","Yes","","","","",NA,0,0,0,"2025/10/22","True",0.1,0.1,15,NA,NA,NA,NA,NA,NA,NA,NA,NA,NA
"936","2025/10/22","FPICO1T08:10","2000/08/21",1,1,37,NA,"PICO","D","X",7.8,3,NA,NA," poleq1_all","","Yes","","","","",NA,0,0,0,"2025/10/22","True",0.1,0.1,15,NA,NA,NA,NA,NA,NA,NA,NA,NA,NA
"937","2025/10/22","FPICO1T08:10","2000/08/21",1,1,38,NA,"PICO","D","X",10,4,NA,NA," poleq1_all","","Yes","","","","",NA,0,0,0,"2025/10/22","True",0.1,0.1,15,NA,NA,NA,NA,NA,NA,NA,NA,NA,NA
"938","2025/10/22","FPICO1T08:10","2000/08/21",1,1,39,NA,"PICO","D","X",4.2,4,NA,NA," poleq1_all","","Yes","","","","",NA,0,0,0,"2025/10/22","True",0.1,0.1,15,NA,NA,NA,NA,NA,NA,NA,NA,NA,NA
"939","2025/10/22","FPICO1T08:10","2000/08/21",1,1,40,NA,"PICO","D","X",7.8,5,NA,NA," poleq1_all","","Yes","","","","",NA,0,0,0,"2025/10/22","True",0.1,0.1,15,NA,NA,NA,NA,NA,NA,NA,NA,NA,NA
"940","2025/10/22","FPICO1T08:10","2000/08/21",1,1,41,NA,"PICO","D","X",3,4,NA,NA," poleq1_all","","Yes","","","","",NA,0,0,0,"2025/10/22","True",0.1,0.1,15,NA,NA,NA,NA,NA,NA,NA,NA,NA,NA
"941","2025/10/22","FPICO1T08:10","2000/08/21",1,1,42,NA,"PICO","D","X",5.2,4,NA,NA," poleq1_all","","Yes","","","","",NA,0,0,0,"2025/10/22","True",0.1,0.1,15,NA,NA,NA,NA,NA,NA,NA,NA,NA,NA
"942","2025/10/22","FPICO1T08:10","2000/08/21",1,1,43,NA,"PICO","D","X",3.5,2,NA,NA," poleq1_all","","Yes","","","","",NA,0,0,0,"2025/10/22","True",0.1,0.1,15,NA,NA,NA,NA,NA,NA,NA,NA,NA,NA
"943","2025/10/22","FPICO1T08:10","2000/08/21",1,2,21,NA,"PICO","D","X",14.2,10,NA,NA," poleq2_all","","Yes","","","","",NA,0,0,0,"2025/10/22","True",0.1,0.1,15,NA,NA,NA,NA,NA,NA,NA,NA,NA,NA
"944","2025/10/22","FPICO1T08:10","2000/08/21",1,2,22,NA,"PICO","D","X",4.4,4,NA,NA," poleq2_all","","Yes","","","","",NA,0,0,0,"2025/10/22","True",0.1,0.1,15,NA,NA,NA,NA,NA,NA,NA,NA,NA,NA
"945","2025/10/22","FPICO1T08:10","2000/08/21",1,2,23,NA,"PICO","L","X",9.2,5,NA,NA," poleq2_all","","Yes","","","","",NA,0,0,0,"2025/10/22","True",0.1,0.1,15,NA,NA,NA,NA,NA,NA,NA,NA,NA,NA
"946","2025/10/22","FPICO1T08:10","2000/08/21",1,2,24,NA,"PICO","L","X",8.5,5,NA,NA," poleq2_all","","Yes","","","","",NA,0,0,0,"2025/10/22","True",0.1,0.1,15,NA,NA,NA,NA,NA,NA,NA,NA,NA,NA
"947","2025/10/22","FPICO1T08:10","2000/08/21",1,2,26,NA,"PICO","L","X",11.9,6,NA,NA," poleq2_all","","Yes","","","","",NA,0,0,0,"2025/10/22","True",0.1,0.1,15,NA,NA,NA,NA,NA,NA,NA,NA,NA,NA
"948","2025/10/22","FPICO1T08:10","2000/08/21",1,2,28,NA,"PICO","L","X",11.3,5,NA,NA," poleq2_all","","Yes","","","","",NA,0,0,0,"2025/10/22","True",0.1,0.1,15,NA,NA,NA,NA,NA,NA,NA,NA,NA,NA
"949","2025/10/22","FPICO1T08:10","2000/08/21",1,2,29,NA,"POTR5","D","X",11.5,8,NA,NA," poleq2_all","","Yes","","","","",NA,0,0,0,"2025/10/22","True",0.1,0.1,15,NA,NA,NA,NA,NA,NA,NA,NA,NA,NA
"950","2025/10/22","FPICO1T08:10","2000/08/21",1,2,30,NA,"PICO","L","X",6.3,4,NA,NA," poleq2_all","","Yes","","","","",NA,0,0,0,"2025/10/22","True",0.1,0.1,15,NA,NA,NA,NA,NA,NA,NA,NA,NA,NA
"951","2025/10/22","FPICO1T08:10","2000/08/21",1,2,31,NA,"PICO","L","X",4.4,4,NA,NA," poleq2_all","","Yes","","","","",NA,0,0,0,"2025/10/22","True",0.1,0.1,15,NA,NA,NA,NA,NA,NA,NA,NA,NA,NA
"952","2025/10/22","FPICO1T08:10","2000/08/21",1,2,32,NA,"PIEN","L","X",8.3,8,NA,NA," poleq2_all","","Yes","","","","",NA,0,0,0,"2025/10/22","True",0.1,0.1,15,NA,NA,NA,NA,NA,NA,NA,NA,NA,NA
"953","2025/10/22","FPICO1T08:10","2000/08/21",1,2,33,NA,"PICO","L","X",6.8,7,NA,NA," poleq2_all","","Yes","","","","",NA,0,0,0,"2025/10/22","True",0.1,0.1,15,NA,NA,NA,NA,NA,NA,NA,NA,NA,NA
"954","2025/10/22","FPICO1T08:10","2000/08/21",1,2,34,NA,"PICO","L","X",11.9,9,NA,NA," poleq2_all","","Yes","","","","",NA,0,0,0,"2025/10/22","True",0.1,0.1,15,NA,NA,NA,NA,NA,NA,NA,NA,NA,NA
"955","2025/10/22","FPICO1T08:10","2000/08/21",1,2,35,NA,"PICO","L","X",4.4,4,NA,NA," poleq2_all","","Yes","","","","",NA,0,0,0,"2025/10/22","True",0.1,0.1,15,NA,NA,NA,NA,NA,NA,NA,NA,NA,NA
"956","2025/10/22","FPICO1T08:10","2000/08/21",1,2,44,NA,"PICO","L","X",11.3,6,NA,NA," poleq2_all","","Yes","","","","",NA,0,0,0,"2025/10/22","True",0.1,0.1,15,NA,NA,NA,NA,NA,NA,NA,NA,NA,NA
"957","2025/10/22","FPICO1T08:10","2000/08/21",1,2,45,NA,"PICO","L","X",4.2,4,NA,NA," poleq2_all","","Yes","","","","",NA,0,0,0,"2025/10/22","True",0.1,0.1,15,NA,NA,NA,NA,NA,NA,NA,NA,NA,NA
"958","2025/10/22","FPICO1T08:10","2000/08/21",1,1,35,NA,"POTR5","L","I",17.1,NA,NA,NA," overq1_all","","Yes","WOND","LEAN","","",NA,0,0,0,"2025/10/22","True",0.1,0.1,15,NA,NA,NA,NA,NA,NA,NA,NA,NA,NA
"959","2025/10/22","FPICO1T08:10","2000/08/21",1,1,36,NA,"PICO","L","I",29.4,NA,NA,NA," overq1_all","","Yes","","","","",NA,0,0,0,"2025/10/22","True",0.1,0.1,15,NA,NA,NA,NA,NA,NA,NA,NA,NA,NA
"960","2025/10/22","FPICO1T08:10","2000/08/21",1,1,37,NA,"PICO","L","C",23.6,NA,NA,NA," overq1_all","","Yes","CROK","","","",NA,0,0,0,"2025/10/22","True",0.1,0.1,15,NA,NA,NA,NA,NA,NA,NA,NA,NA,NA
"961","2025/10/22","FPICO1T08:10","2000/08/21",1,1,38,NA,"PICO","L","C",27.9,NA,NA,NA," overq1_all","","Yes","","","","",NA,0,0,0,"2025/10/22","True",0.1,0.1,15,NA,NA,NA,NA,NA,NA,NA,NA,NA,NA
"962","2025/10/22","FPICO1T08:10","2000/08/21",1,1,39,NA,"PICO","L","C",25.1,NA,NA,NA," overq1_all","","Yes","WOND","LEAN","","",NA,0,0,0,"2025/10/22","True",0.1,0.1,15,NA,NA,NA,NA,NA,NA,NA,NA,NA,NA
"963","2025/10/22","FPICO1T08:10","2000/08/21",1,1,40,NA,"PICO","L","I",15.2,NA,NA,NA," overq1_all","","Yes","SPAR","","","",NA,0,0,0,"2025/10/22","True",0.1,0.1,15,NA,NA,NA,NA,NA,NA,NA,NA,NA,NA
"964","2025/10/22","FPICO1T08:10","2000/08/21",1,1,41,NA,"PICO","L","I",15.2,NA,NA,NA," overq1_all","","Yes","CROK","","","",NA,0,0,0,"2025/10/22","True",0.1,0.1,15,NA,NA,NA,NA,NA,NA,NA,NA,NA,NA
"965","2025/10/22","FPICO1T08:10","2000/08/21",1,1,42,NA,"PICO","L","I",15.8,NA,NA,NA," overq1_all","","Yes","","","","",NA,0,0,0,"2025/10/22","True",0.1,0.1,15,NA,NA,NA,NA,NA,NA,NA,NA,NA,NA
"966","2025/10/22","FPICO1T08:10","2000/08/21",1,1,43,NA,"PICO","L","C",24.5,NA,NA,NA," overq1_all","","Yes","","","","",NA,0,0,0,"2025/10/22","True",0.1,0.1,15,NA,NA,NA,NA,NA,NA,NA,NA,NA,NA
"967","2025/10/22","FPICO1T08:10","2000/08/21",1,1,44,NA,"PICO","L","I",25.5,NA,NA,NA," overq1_all","","Yes","CROK","BURL","FORK","ABGR",NA,0,0,0,"2025/10/22","True",0.1,0.1,15,NA,NA,NA,NA,NA,NA,NA,NA,NA,NA
"968","2025/10/22","FPICO1T08:10","2000/08/21",1,1,45,NA,"PICO","L","I",22.2,NA,NA,NA," overq1_all","","Yes","INSE","CROK","","",NA,0,0,0,"2025/10/22","True",0.1,0.1,15,NA,NA,NA,NA,NA,NA,NA,NA,NA,NA
"969","2025/10/22","FPICO1T08:10","2000/08/21",1,1,46,NA,"PICO","L","I",23.5,NA,NA,NA," overq1_all","","Yes","CROK","","","",NA,0,0,0,"2025/10/22","True",0.1,0.1,15,NA,NA,NA,NA,NA,NA,NA,NA,NA,NA
"970","2025/10/22","FPICO1T08:10","2000/08/21",1,1,47,NA,"PICO","L","C",26.2,NA,NA,NA," overq1_all","","Yes","WOND","","","",NA,0,0,0,"2025/10/22","True",0.1,0.1,15,NA,NA,NA,NA,NA,NA,NA,NA,NA,NA
"971","2025/10/22","FPICO1T08:10","2000/08/21",1,1,48,NA,"PICO","L","I",17,NA,NA,NA," overq1_all","","Yes","TWIN","","","",NA,0,0,0,"2025/10/22","True",0.1,0.1,15,NA,NA,NA,NA,NA,NA,NA,NA,NA,NA
"972","2025/10/22","FPICO1T08:10","2000/08/21",1,1,49,NA,"PICO","L","I",16.9,NA,NA,NA," overq1_all","","Yes","","","","",NA,0,0,0,"2025/10/22","True",0.1,0.1,15,NA,NA,NA,NA,NA,NA,NA,NA,NA,NA
"973","2025/10/22","FPICO1T08:10","2000/08/21",1,1,50,NA,"PICO","L","I",16.5,NA,NA,NA," overq1_all","","Yes","WOND","","","",NA,0,0,0,"2025/10/22","True",0.1,0.1,15,NA,NA,NA,NA,NA,NA,NA,NA,NA,NA
"974","2025/10/22","FPICO1T08:10","2000/08/21",1,1,51,NA,"PICO","L","I",16.7,NA,NA,NA," overq1_all","","Yes","FORK","","","",NA,0,0,0,"2025/10/22","True",0.1,0.1,15,NA,NA,NA,NA,NA,NA,NA,NA,NA,NA
"975","2025/10/22","FPICO1T08:10","2000/08/21",1,1,52,NA,"PICO","L","I",18,NA,NA,NA," overq1_all","","Yes","","","","",NA,0,0,0,"2025/10/22","True",0.1,0.1,15,NA,NA,NA,NA,NA,NA,NA,NA,NA,NA
"976","2025/10/22","FPICO1T08:10","2000/08/21",1,1,53,NA,"PICO","L","I",15.1,NA,NA,NA," overq1_all","","Yes","","","","",NA,0,0,0,"2025/10/22","True",0.1,0.1,15,NA,NA,NA,NA,NA,NA,NA,NA,NA,NA
"977","2025/10/22","FPICO1T08:10","2000/08/21",1,1,54,NA,"PICO","L","I",17.5,NA,NA,NA," overq1_all","","Yes","WOND","LEAN","","",NA,0,0,0,"2025/10/22","True",0.1,0.1,15,NA,NA,NA,NA,NA,NA,NA,NA,NA,NA
"978","2025/10/22","FPICO1T08:10","2000/08/21",1,1,55,NA,"PIEN","L","I",20.9,NA,NA,NA," overq1_all","","Yes","","","","",NA,0,0,0,"2025/10/22","True",0.1,0.1,15,NA,NA,NA,NA,NA,NA,NA,NA,NA,NA
"979","2025/10/22","FPICO1T08:10","2000/08/21",1,1,56,NA,"PICO","L","I",20.5,NA,NA,NA," overq1_all","","Yes","LEAN","CROK","","",NA,0,0,0,"2025/10/22","True",0.1,0.1,15,NA,NA,NA,NA,NA,NA,NA,NA,NA,NA
"980","2025/10/22","FPICO1T08:10","2000/08/21",1,1,57,NA,"PICO","L","I",17,NA,NA,NA," overq1_all","","Yes","CROK","","","",NA,0,0,0,"2025/10/22","True",0.1,0.1,15,NA,NA,NA,NA,NA,NA,NA,NA,NA,NA
"981","2025/10/22","FPICO1T08:10","2000/08/21",1,1,58,NA,"PICO","L","I",24.2,NA,NA,NA," overq1_all","","Yes","","","","",NA,0,0,0,"2025/10/22","True",0.1,0.1,15,NA,NA,NA,NA,NA,NA,NA,NA,NA,NA
"982","2025/10/22","FPICO1T08:10","2000/08/21",1,2,59,NA,"PICO","L","I",20.1,NA,NA,NA," overq2_all","","Yes","WOND","","","",NA,0,0,0,"2025/10/22","True",0.1,0.1,15,NA,NA,NA,NA,NA,NA,NA,NA,NA,NA
"983","2025/10/22","FPICO1T08:10","2000/08/21",1,2,60,NA,"PICO","L","I",17.5,NA,NA,NA," overq2_all","","Yes","WOND","","","",NA,0,0,0,"2025/10/22","True",0.1,0.1,15,NA,NA,NA,NA,NA,NA,NA,NA,NA,NA
"984","2025/10/22","FPICO1T08:10","2000/08/21",1,2,61,NA,"PICO","L","I",16.5,NA,NA,NA," overq2_all","","Yes","","","","",NA,0,0,0,"2025/10/22","True",0.1,0.1,15,NA,NA,NA,NA,NA,NA,NA,NA,NA,NA
"985","2025/10/22","FPICO1T08:10","2000/08/21",1,2,62,NA,"PICO","L","I",17,NA,NA,NA," overq2_all","","Yes","CROK","","","",NA,0,0,0,"2025/10/22","True",0.1,0.1,15,NA,NA,NA,NA,NA,NA,NA,NA,NA,NA
"986","2025/10/22","FPICO1T08:10","2000/08/21",1,2,63,NA,"PICO","L","D",31.7,NA,NA,NA," overq2_all","","Yes","","","","",NA,0,0,0,"2025/10/22","True",0.1,0.1,15,NA,NA,NA,NA,NA,NA,NA,NA,NA,NA
"987","2025/10/22","FPICO1T08:10","2000/08/21",1,2,64,NA,"PICO","L","D",26.3,NA,NA,NA," overq2_all","","Yes","","","","",NA,0,0,0,"2025/10/22","True",0.1,0.1,15,NA,NA,NA,NA,NA,NA,NA,NA,NA,NA
"988","2025/10/22","FPICO1T08:10","2000/08/21",1,2,65,NA,"PICO","L","D",20.7,NA,NA,NA," overq2_all","","Yes","CROK","WOND","DTOP","",NA,0,0,0,"2025/10/22","True",0.1,0.1,15,NA,NA,NA,NA,NA,NA,NA,NA,NA,NA
"989","2025/10/22","FPICO1T08:10","2000/08/21",1,2,66,NA,"PICO","L","D",33.2,NA,NA,NA," overq2_all","","Yes","WOND","CROK","BROK","TWIN",NA,0,0,0,"2025/10/22","True",0.1,0.1,15,NA,NA,NA,NA,NA,NA,NA,NA,NA,NA
"990","2025/10/22","FPICO1T08:10","2000/08/21",1,2,67,NA,"PICO","L","D",16.7,NA,NA,NA," overq2_all","","Yes","LEAN","DTOP","","",NA,0,0,0,"2025/10/22","True",0.1,0.1,15,NA,NA,NA,NA,NA,NA,NA,NA,NA,NA
"991","2025/10/22","FPICO1T08:10","2000/08/21",1,2,68,NA,"PICO","D","BBD",28.8,NA,NA,NA," overq2_all","","Yes","","","","",NA,0,0,0,"2025/10/22","True",0.1,0.1,15,NA,NA,NA,NA,NA,NA,NA,NA,NA,NA
"992","2025/10/22","FPICO1T08:10","2003/08/13",1,1,1,NA,"PICO","L","X",2.6,3,NA,NA," poleq1_all","","Yes","","","","","",0,0,0,"2025/10/22","True",0.1,0.1,15,NA,NA,NA,NA,NA,NA,NA,NA,NA,NA
"993","2025/10/22","FPICO1T08:10","2003/08/13",1,1,3,NA,"PICO","L","X",10.3,9,NA,NA," poleq1_all","","Yes","","","","","",0,0,0,"2025/10/22","True",0.1,0.1,15,NA,NA,NA,NA,NA,NA,NA,NA,NA,NA
"994","2025/10/22","FPICO1T08:10","2003/08/13",1,1,4,NA,"PICO","D","X",10.1,6,NA,NA," poleq1_all","","Yes","","","","","",0,0,0,"2025/10/22","True",0.1,0.1,15,NA,NA,NA,NA,NA,NA,NA,NA,NA,NA
"995","2025/10/22","FPICO1T08:10","2003/08/13",1,1,5,NA,"PICO","D","X",13,10,NA,NA," poleq1_all","","Yes","","","","","",0,0,0,"2025/10/22","True",0.1,0.1,15,NA,NA,NA,NA,NA,NA,NA,NA,NA,NA
"996","2025/10/22","FPICO1T08:10","2003/08/13",1,1,7,NA,"PICO","L","X",14.9,10,NA,NA," poleq1_all","","Yes","","","","","",0,0,0,"2025/10/22","True",0.1,0.1,15,NA,NA,NA,NA,NA,NA,NA,NA,NA,NA
"997","2025/10/22","FPICO1T08:10","2003/08/13",1,1,8,NA,"PICO","L","X",12.7,10,NA,NA," poleq1_all","","Yes","","","","","",0,0,0,"2025/10/22","True",0.1,0.1,15,NA,NA,NA,NA,NA,NA,NA,NA,NA,NA
"998","2025/10/22","FPICO1T08:10","2003/08/13",1,1,9,NA,"PICO","L","X",14.2,10,NA,NA," poleq1_all","","Yes","","","","","",0,0,0,"2025/10/22","True",0.1,0.1,15,NA,NA,NA,NA,NA,NA,NA,NA,NA,NA
"999","2025/10/22","FPICO1T08:10","2003/08/13",1,1,10,NA,"PICO","D","X",13.1,10,NA,NA," poleq1_all","","Yes","","","","","",0,0,0,"2025/10/22","True",0.1,0.1,15,NA,NA,NA,NA,NA,NA,NA,NA,NA,NA
"1000","2025/10/22","FPICO1T08:10","2003/08/13",1,1,11,NA,"PICO","L","X",14.5,8,NA,NA," poleq1_all","","Yes","","","","","",0,0,0,"2025/10/22","True",0.1,0.1,15,NA,NA,NA,NA,NA,NA,NA,NA,NA,NA
"1001","2025/10/22","FPICO1T08:10","2003/08/13",1,1,12,NA,"PIEN","L","X",6.2,7,NA,NA," poleq1_all","","Yes","","","","","",0,0,0,"2025/10/22","True",0.1,0.1,15,NA,NA,NA,NA,NA,NA,NA,NA,NA,NA
"1002","2025/10/22","FPICO1T08:10","2003/08/13",1,1,13,NA,"PICO","D","X",6.8,8,NA,NA," poleq1_all","","Yes","","","","","",0,0,0,"2025/10/22","True",0.1,0.1,15,NA,NA,NA,NA,NA,NA,NA,NA,NA,NA
"1003","2025/10/22","FPICO1T08:10","2003/08/13",1,1,14,NA,"PICO","L","X",14.2,10,NA,NA," poleq1_all","","Yes","","","","","",0,0,0,"2025/10/22","True",0.1,0.1,15,NA,NA,NA,NA,NA,NA,NA,NA,NA,NA
"1004","2025/10/22","FPICO1T08:10","2003/08/13",1,1,15,NA,"PICO","L","X",9.3,9,NA,NA," poleq1_all","","Yes","","","","","",0,0,0,"2025/10/22","True",0.1,0.1,15,NA,NA,NA,NA,NA,NA,NA,NA,NA,NA
"1005","2025/10/22","FPICO1T08:10","2003/08/13",1,1,16,NA,"PICO","L","X",13.7,10,NA,NA," poleq1_all","","Yes","","","","","",0,0,0,"2025/10/22","True",0.1,0.1,15,NA,NA,NA,NA,NA,NA,NA,NA,NA,NA
"1006","2025/10/22","FPICO1T08:10","2003/08/13",1,1,17,NA,"PICO","D","X",8.7,4,NA,NA," poleq1_all","","Yes","","","","","",0,0,0,"2025/10/22","True",0.1,0.1,15,NA,NA,NA,NA,NA,NA,NA,NA,NA,NA
"1007","2025/10/22","FPICO1T08:10","2003/08/13",1,1,19,NA,"PICO","L","X",11.4,10,NA,NA," poleq1_all","","Yes","","","","","",0,0,0,"2025/10/22","True",0.1,0.1,15,NA,NA,NA,NA,NA,NA,NA,NA,NA,NA
"1008","2025/10/22","FPICO1T08:10","2003/08/13",1,1,20,NA,"PICO","L","X",4.8,4,NA,NA," poleq1_all","","Yes","","","","","",0,0,0,"2025/10/22","True",0.1,0.1,15,NA,NA,NA,NA,NA,NA,NA,NA,NA,NA
"1009","2025/10/22","FPICO1T08:10","2003/08/13",1,1,36,NA,"POTR5","D","X",2.6,3,NA,NA," poleq1_all","","Yes","","","","","",0,0,0,"2025/10/22","True",0.1,0.1,15,NA,NA,NA,NA,NA,NA,NA,NA,NA,NA
"1010","2025/10/22","FPICO1T08:10","2003/08/13",1,1,37,NA,"PICO","D","X",3.4,3,NA,NA," poleq1_all","","Yes","","","","","",0,0,0,"2025/10/22","True",0.1,0.1,15,NA,NA,NA,NA,NA,NA,NA,NA,NA,NA
"1011","2025/10/22","FPICO1T08:10","2003/08/13",1,1,40,NA,"PICO","D","X",7.8,2,NA,NA," poleq1_all","","Yes","","","","","",0,0,0,"2025/10/22","True",0.1,0.1,15,NA,NA,NA,NA,NA,NA,NA,NA,NA,NA
"1012","2025/10/22","FPICO1T08:10","2003/08/13",1,1,41,NA,"PICO","D","X",3.4,3,NA,NA," poleq1_all","","Yes","","","","","",0,0,0,"2025/10/22","True",0.1,0.1,15,NA,NA,NA,NA,NA,NA,NA,NA,NA,NA
"1013","2025/10/22","FPICO1T08:10","2003/08/13",1,1,42,NA,"PICO","D","X",5.3,2,NA,NA," poleq1_all","","Yes","","","","","",0,0,0,"2025/10/22","True",0.1,0.1,15,NA,NA,NA,NA,NA,NA,NA,NA,NA,NA
"1014","2025/10/22","FPICO1T08:10","2003/08/13",1,2,21,NA,"PICO","D","X",13.4,10,NA,NA," poleq2_all","","Yes","","","","","",0,0,0,"2025/10/22","True",0.1,0.1,15,NA,NA,NA,NA,NA,NA,NA,NA,NA,NA
"1015","2025/10/22","FPICO1T08:10","2003/08/13",1,2,22,NA,"PICO","D","X",4.3,4,NA,NA," poleq2_all","","Yes","","","","","",0,0,0,"2025/10/22","True",0.1,0.1,15,NA,NA,NA,NA,NA,NA,NA,NA,NA,NA
"1016","2025/10/22","FPICO1T08:10","2003/08/13",1,2,23,NA,"PICO","L","X",9.1,7,NA,NA," poleq2_all","","Yes","","","","","",0,0,0,"2025/10/22","True",0.1,0.1,15,NA,NA,NA,NA,NA,NA,NA,NA,NA,NA
"1017","2025/10/22","FPICO1T08:10","2003/08/13",1,2,24,NA,"PICO","L","X",8,7,NA,NA," poleq2_all","","Yes","","","","","",0,0,0,"2025/10/22","True",0.1,0.1,15,NA,NA,NA,NA,NA,NA,NA,NA,NA,NA
"1018","2025/10/22","FPICO1T08:10","2003/08/13",1,2,26,NA,"PICO","L","X",11.6,8,NA,NA," poleq2_all","","Yes","","","","","",0,0,0,"2025/10/22","True",0.1,0.1,15,NA,NA,NA,NA,NA,NA,NA,NA,NA,NA
"1019","2025/10/22","FPICO1T08:10","2003/08/13",1,2,27,NA,"PICO","L","X",6.8,7,NA,NA," poleq2_all","","Yes","","","","","",0,0,0,"2025/10/22","True",0.1,0.1,15,NA,NA,NA,NA,NA,NA,NA,NA,NA,NA
"1020","2025/10/22","FPICO1T08:10","2003/08/13",1,2,28,NA,"PICO","L","X",11.4,7,NA,NA," poleq2_all","","Yes","","","","","",0,0,0,"2025/10/22","True",0.1,0.1,15,NA,NA,NA,NA,NA,NA,NA,NA,NA,NA
"1021","2025/10/22","FPICO1T08:10","2003/08/13",1,2,29,NA,"POTR5","D","X",11.2,10,NA,NA," poleq2_all","","Yes","","","","","",0,0,0,"2025/10/22","True",0.1,0.1,15,NA,NA,NA,NA,NA,NA,NA,NA,NA,NA
"1022","2025/10/22","FPICO1T08:10","2003/08/13",1,2,30,NA,"PICO","L","X",6.2,5,NA,NA," poleq2_all","","Yes","","","","","",0,0,0,"2025/10/22","True",0.1,0.1,15,NA,NA,NA,NA,NA,NA,NA,NA,NA,NA
"1023","2025/10/22","FPICO1T08:10","2003/08/13",1,2,31,NA,"PICO","L","X",3.9,4,NA,NA," poleq2_all","","Yes","","","","","",0,0,0,"2025/10/22","True",0.1,0.1,15,NA,NA,NA,NA,NA,NA,NA,NA,NA,NA
"1024","2025/10/22","FPICO1T08:10","2003/08/13",1,2,32,NA,"PIEN","L","X",8.5,9,NA,NA," poleq2_all","","Yes","","","","","",0,0,0,"2025/10/22","True",0.1,0.1,15,NA,NA,NA,NA,NA,NA,NA,NA,NA,NA
"1025","2025/10/22","FPICO1T08:10","2003/08/13",1,2,33,NA,"PICO","L","X",7.3,7,NA,NA," poleq2_all","","Yes","","","","","",0,0,0,"2025/10/22","True",0.1,0.1,15,NA,NA,NA,NA,NA,NA,NA,NA,NA,NA
"1026","2025/10/22","FPICO1T08:10","2003/08/13",1,2,34,NA,"PICO","L","X",12.2,10,NA,NA," poleq2_all","","Yes","","","","","",0,0,0,"2025/10/22","True",0.1,0.1,15,NA,NA,NA,NA,NA,NA,NA,NA,NA,NA
"1027","2025/10/22","FPICO1T08:10","2003/08/13",1,2,35,NA,"PICO","L","X",4.4,5,NA,NA," poleq2_all","","Yes","","","","","",0,0,0,"2025/10/22","True",0.1,0.1,15,NA,NA,NA,NA,NA,NA,NA,NA,NA,NA
"1028","2025/10/22","FPICO1T08:10","2003/08/13",1,2,44,NA,"PICO","L","X",10.8,7,NA,NA," poleq2_all","","Yes","","","","","",0,0,0,"2025/10/22","True",0.1,0.1,15,NA,NA,NA,NA,NA,NA,NA,NA,NA,NA
"1029","2025/10/22","FPICO1T08:10","2003/08/13",1,2,45,NA,"PICO","L","X",4,3,NA,NA," poleq2_all","","Yes","","","","","",0,0,0,"2025/10/22","True",0.1,0.1,15,NA,NA,NA,NA,NA,NA,NA,NA,NA,NA
"1030","2025/10/22","FPICO1T08:10","2003/08/13",1,2,46,NA,"ABLA","L","X",2.6,3,NA,NA," poleq2_all","","Yes","","","","","",0,0,0,"2025/10/22","True",0.1,0.1,15,NA,NA,NA,NA,NA,NA,NA,NA,NA,NA
"1031","2025/10/22","FPICO1T08:10","2003/08/13",1,1,35,NA,"POTR5","L","I",17.2,NA,NA,NA," overq1_all","","Yes","MAMM","LEAN","","","",0,0,0,"2025/10/22","True",0.1,0.1,15,NA,NA,NA,NA,NA,NA,NA,NA,NA,NA
"1032","2025/10/22","FPICO1T08:10","2003/08/13",1,1,36,NA,"PICO","L","D",29.3,NA,NA,NA," overq1_all","","Yes","WOND","","","","",0,0,0,"2025/10/22","True",0.1,0.1,15,NA,NA,NA,NA,NA,NA,NA,NA,NA,NA
"1033","2025/10/22","FPICO1T08:10","2003/08/13",1,1,37,NA,"PICO","L","C",24.3,NA,NA,NA," overq1_all","","Yes","CROK","","","","",0,0,0,"2025/10/22","True",0.1,0.1,15,NA,NA,NA,NA,NA,NA,NA,NA,NA,NA
"1034","2025/10/22","FPICO1T08:10","2003/08/13",1,1,38,NA,"PICO","L","D",28.4,NA,NA,NA," overq1_all","","Yes","","","","","",0,0,0,"2025/10/22","True",0.1,0.1,15,NA,NA,NA,NA,NA,NA,NA,NA,NA,NA
"1035","2025/10/22","FPICO1T08:10","2003/08/13",1,1,39,NA,"PICO","L","D",25.5,NA,NA,NA," overq1_all","","Yes","","","","","",0,0,0,"2025/10/22","True",0.1,0.1,15,NA,NA,NA,NA,NA,NA,NA,NA,NA,NA
"1036","2025/10/22","FPICO1T08:10","2003/08/13",1,1,40,NA,"PICO","L","C",15.4,NA,NA,NA," overq1_all","","Yes","WOND","LEAN","SPAR","","",0,0,0,"2025/10/22","True",0.1,0.1,15,NA,NA,NA,NA,NA,NA,NA,NA,NA,NA
"1037","2025/10/22","FPICO1T08:10","2003/08/13",1,1,41,NA,"PICO","L","C",15.3,NA,NA,NA," overq1_all","","Yes","ABGR","CROK","","","",0,0,0,"2025/10/22","True",0.1,0.1,15,NA,NA,NA,NA,NA,NA,NA,NA,NA,NA
"1038","2025/10/22","FPICO1T08:10","2003/08/13",1,1,42,NA,"PICO","L","C",16,NA,NA,NA," overq1_all","","Yes","CROK","SPAR","","","",0,0,0,"2025/10/22","True",0.1,0.1,15,NA,NA,NA,NA,NA,NA,NA,NA,NA,NA
"1039","2025/10/22","FPICO1T08:10","2003/08/13",1,1,43,NA,"PICO","L","D",24.9,NA,NA,NA," overq1_all","","Yes","WOND","","","","",0,0,0,"2025/10/22","True",0.1,0.1,15,NA,NA,NA,NA,NA,NA,NA,NA,NA,NA
"1040","2025/10/22","FPICO1T08:10","2003/08/13",1,1,44,NA,"PICO","L","C",25.9,NA,NA,NA," overq1_all","","Yes","CROK","LICH","ABGR","FORK","",0,0,0,"2025/10/22","True",0.1,0.1,15,NA,NA,NA,NA,NA,NA,NA,NA,NA,NA
"1041","2025/10/22","FPICO1T08:10","2003/08/13",1,1,45,NA,"PICO","L","C",22.3,NA,NA,NA," overq1_all","","Yes","CROK","INSE","","","",0,0,0,"2025/10/22","True",0.1,0.1,15,NA,NA,NA,NA,NA,NA,NA,NA,NA,NA
"1042","2025/10/22","FPICO1T08:10","2003/08/13",1,1,46,NA,"PICO","L","C",24,NA,NA,NA," overq1_all","","Yes","WOND","LICH","CROK","","",0,0,0,"2025/10/22","True",0.1,0.1,15,NA,NA,NA,NA,NA,NA,NA,NA,NA,NA
"1043","2025/10/22","FPICO1T08:10","2003/08/13",1,1,47,NA,"PICO","L","D",26.4,NA,NA,NA," overq1_all","","Yes","WOND","","","","",0,0,0,"2025/10/22","True",0.1,0.1,15,NA,NA,NA,NA,NA,NA,NA,NA,NA,NA
"1044","2025/10/22","FPICO1T08:10","2003/08/13",1,1,48,NA,"PICO","L","I",17.3,NA,NA,NA," overq1_all","","Yes","CROK","SPAR","","","",0,0,0,"2025/10/22","True",0.1,0.1,15,NA,NA,NA,NA,NA,NA,NA,NA,NA,NA
"1045","2025/10/22","FPICO1T08:10","2003/08/13",1,1,49,NA,"PICO","L","I",17.2,NA,NA,NA," overq1_all","","Yes","CROK","","","","",0,0,0,"2025/10/22","True",0.1,0.1,15,NA,NA,NA,NA,NA,NA,NA,NA,NA,NA
"1046","2025/10/22","FPICO1T08:10","2003/08/13",1,1,50,NA,"PICO","L","I",17.2,NA,NA,NA," overq1_all","","Yes","CROK","WOND","","","",0,0,0,"2025/10/22","True",0.1,0.1,15,NA,NA,NA,NA,NA,NA,NA,NA,NA,NA
"1047","2025/10/22","FPICO1T08:10","2003/08/13",1,1,51,NA,"PICO","L","C",16.8,NA,NA,NA," overq1_all","","Yes","FORK","CROK","","","",0,0,0,"2025/10/22","True",0.1,0.1,15,NA,NA,NA,NA,NA,NA,NA,NA,NA,NA
"1048","2025/10/22","FPICO1T08:10","2003/08/13",1,1,52,NA,"PICO","L","I",18.2,NA,NA,NA," overq1_all","","Yes","","","","","",0,0,0,"2025/10/22","True",0.1,0.1,15,NA,NA,NA,NA,NA,NA,NA,NA,NA,NA
"1049","2025/10/22","FPICO1T08:10","2003/08/13",1,1,53,NA,"PICO","L","C",15.3,NA,NA,NA," overq1_all","","Yes","","","","","",0,0,0,"2025/10/22","True",0.1,0.1,15,NA,NA,NA,NA,NA,NA,NA,NA,NA,NA
"1050","2025/10/22","FPICO1T08:10","2003/08/13",1,1,54,NA,"PICO","L","I",18,NA,NA,NA," overq1_all","","Yes","CROK","LEAN","FORK","WOND","",0,0,0,"2025/10/22","True",0.1,0.1,15,NA,NA,NA,NA,NA,NA,NA,NA,NA,NA
"1051","2025/10/22","FPICO1T08:10","2003/08/13",1,1,55,NA,"PIEN","L","D",21,NA,NA,NA," overq1_all","","Yes","MOSS","","","","",0,0,0,"2025/10/22","True",0.1,0.1,15,NA,NA,NA,NA,NA,NA,NA,NA,NA,NA
"1052","2025/10/22","FPICO1T08:10","2003/08/13",1,1,56,NA,"PICO","L","C",21,NA,NA,NA," overq1_all","","Yes","CROK","","","","",0,0,0,"2025/10/22","True",0.1,0.1,15,NA,NA,NA,NA,NA,NA,NA,NA,NA,NA
"1053","2025/10/22","FPICO1T08:10","2003/08/13",1,1,57,NA,"PICO","L","C",17.3,NA,NA,NA," overq1_all","","Yes","INSE","CROK","","","",0,0,0,"2025/10/22","True",0.1,0.1,15,NA,NA,NA,NA,NA,NA,NA,NA,NA,NA
"1054","2025/10/22","FPICO1T08:10","2003/08/13",1,1,58,NA,"PICO","L","D",24.8,NA,NA,NA," overq1_all","","Yes","INSE","","","","",0,0,0,"2025/10/22","True",0.1,0.1,15,NA,NA,NA,NA,NA,NA,NA,NA,NA,NA
"1055","2025/10/22","FPICO1T08:10","2003/08/13",1,2,59,NA,"PICO","L","C",21.1,NA,NA,NA," overq2_all","","Yes","CROK","WOND","","","",0,0,0,"2025/10/22","True",0.1,0.1,15,NA,NA,NA,NA,NA,NA,NA,NA,NA,NA
"1056","2025/10/22","FPICO1T08:10","2003/08/13",1,2,60,NA,"PICO","L","I",17.9,NA,NA,NA," overq2_all","","Yes","WOND","","","","",0,0,0,"2025/10/22","True",0.1,0.1,15,NA,NA,NA,NA,NA,NA,NA,NA,NA,NA
"1057","2025/10/22","FPICO1T08:10","2003/08/13",1,2,61,NA,"PICO","L","I",16.3,NA,NA,NA," overq2_all","","Yes","","","","","",0,0,0,"2025/10/22","True",0.1,0.1,15,NA,NA,NA,NA,NA,NA,NA,NA,NA,NA
"1058","2025/10/22","FPICO1T08:10","2003/08/13",1,2,62,NA,"PICO","L","I",17.2,NA,NA,NA," overq2_all","","Yes","CROK","","","","",0,0,0,"2025/10/22","True",0.1,0.1,15,NA,NA,NA,NA,NA,NA,NA,NA,NA,NA
"1059","2025/10/22","FPICO1T08:10","2003/08/13",1,2,63,NA,"PICO","L","D",32,NA,NA,NA," overq2_all","","Yes","","","","","",0,0,0,"2025/10/22","True",0.1,0.1,15,NA,NA,NA,NA,NA,NA,NA,NA,NA,NA
"1060","2025/10/22","FPICO1T08:10","2003/08/13",1,2,64,NA,"PICO","L","C",26.9,NA,NA,NA," overq2_all","","Yes","WOND","","","","",0,0,0,"2025/10/22","True",0.1,0.1,15,NA,NA,NA,NA,NA,NA,NA,NA,NA,NA
"1061","2025/10/22","FPICO1T08:10","2003/08/13",1,2,65,NA,"PICO","L","C",21.6,NA,NA,NA," overq2_all","","Yes","FORK","CROK","","","",0,0,0,"2025/10/22","True",0.1,0.1,15,NA,NA,NA,NA,NA,NA,NA,NA,NA,NA
"1062","2025/10/22","FPICO1T08:10","2003/08/13",1,2,66,NA,"PICO","L","C",32.9,NA,NA,NA," overq2_all","","Yes","CROK","FIRE","WOND","INSE","FORK",0,0,0,"2025/10/22","True",0.1,0.1,15,NA,NA,NA,NA,NA,NA,NA,NA,NA,NA
"1063","2025/10/22","FPICO1T08:10","2003/08/13",1,2,67,NA,"PICO","L","I",17,NA,NA,NA," overq2_all","","Yes","LEAN","WOND","FORK","","",0,0,0,"2025/10/22","True",0.1,0.1,15,NA,NA,NA,NA,NA,NA,NA,NA,NA,NA
"1064","2025/10/22","FPICO1T08:11","2001/09/14",1,1,1,NA,"ABLA","L","X",6.3,6,NA,NA," poleq1_all","","Yes","","",NA,NA,NA,NA,NA,NA,"2025/10/22","True",0.1,0.1,15,NA,NA,NA,NA,NA,NA,NA,NA,NA,NA
"1065","2025/10/22","FPICO1T08:11","2001/09/14",1,1,2,NA,"ABLA","L","X",3.3,4,NA,NA," poleq1_all","","Yes","","",NA,NA,NA,NA,NA,NA,"2025/10/22","True",0.1,0.1,15,NA,NA,NA,NA,NA,NA,NA,NA,NA,NA
"1066","2025/10/22","FPICO1T08:11","2001/09/14",1,1,3,NA,"ABLA","L","X",13.1,10,NA,NA," poleq1_all","","Yes","","",NA,NA,NA,NA,NA,NA,"2025/10/22","True",0.1,0.1,15,NA,NA,NA,NA,NA,NA,NA,NA,NA,NA
"1067","2025/10/22","FPICO1T08:11","2001/09/14",1,1,4,NA,"ABLA","L","X",8.3,8,NA,NA," poleq1_all","","Yes","","",NA,NA,NA,NA,NA,NA,"2025/10/22","True",0.1,0.1,15,NA,NA,NA,NA,NA,NA,NA,NA,NA,NA
"1068","2025/10/22","FPICO1T08:11","2001/09/14",1,1,5,NA,"ABLA","L","X",9.5,7,NA,NA," poleq1_all","","Yes","","",NA,NA,NA,NA,NA,NA,"2025/10/22","True",0.1,0.1,15,NA,NA,NA,NA,NA,NA,NA,NA,NA,NA
"1069","2025/10/22","FPICO1T08:11","2001/09/14",1,1,6,NA,"ABLA","L","X",4.4,4,NA,NA," poleq1_all","","Yes","","",NA,NA,NA,NA,NA,NA,"2025/10/22","True",0.1,0.1,15,NA,NA,NA,NA,NA,NA,NA,NA,NA,NA
"1070","2025/10/22","FPICO1T08:11","2001/09/14",1,1,7,NA,"PICO","L","X",7.6,7,NA,NA," poleq1_all","","Yes","","",NA,NA,NA,NA,NA,NA,"2025/10/22","True",0.1,0.1,15,NA,NA,NA,NA,NA,NA,NA,NA,NA,NA
"1071","2025/10/22","FPICO1T08:11","2001/09/14",1,1,8,NA,"PICO","L","X",4.7,5,NA,NA," poleq1_all","","Yes","","",NA,NA,NA,NA,NA,NA,"2025/10/22","True",0.1,0.1,15,NA,NA,NA,NA,NA,NA,NA,NA,NA,NA
"1072","2025/10/22","FPICO1T08:11","2001/09/14",1,1,9,NA,"ABLA","L","X",10.8,6,NA,NA," poleq1_all","","Yes","","",NA,NA,NA,NA,NA,NA,"2025/10/22","True",0.1,0.1,15,NA,NA,NA,NA,NA,NA,NA,NA,NA,NA
"1073","2025/10/22","FPICO1T08:11","2001/09/14",1,1,10,NA,"PICO","D","X",12.2,10,NA,NA," poleq1_all","","Yes","","",NA,NA,NA,NA,NA,NA,"2025/10/22","True",0.1,0.1,15,NA,NA,NA,NA,NA,NA,NA,NA,NA,NA
"1074","2025/10/22","FPICO1T08:11","2001/09/14",1,1,11,NA,"ABLA","L","X",9.7,6,NA,NA," poleq1_all","","Yes","","",NA,NA,NA,NA,NA,NA,"2025/10/22","True",0.1,0.1,15,NA,NA,NA,NA,NA,NA,NA,NA,NA,NA
"1075","2025/10/22","FPICO1T08:11","2001/09/14",1,1,12,NA,"ABLA","L","X",10.6,9,NA,NA," poleq1_all","","Yes","","",NA,NA,NA,NA,NA,NA,"2025/10/22","True",0.1,0.1,15,NA,NA,NA,NA,NA,NA,NA,NA,NA,NA
"1076","2025/10/22","FPICO1T08:11","2001/09/14",1,1,13,NA,"ABLA","L","X",8,6,NA,NA," poleq1_all","","Yes","","",NA,NA,NA,NA,NA,NA,"2025/10/22","True",0.1,0.1,15,NA,NA,NA,NA,NA,NA,NA,NA,NA,NA
"1077","2025/10/22","FPICO1T08:11","2001/09/14",1,1,14,NA,"PIEN","L","X",12.1,8,NA,NA," poleq1_all","","Yes","","",NA,NA,NA,NA,NA,NA,"2025/10/22","True",0.1,0.1,15,NA,NA,NA,NA,NA,NA,NA,NA,NA,NA
"1078","2025/10/22","FPICO1T08:11","2001/09/14",1,1,15,NA,"ABLA","L","X",4.2,6,NA,NA," poleq1_all","","Yes","","",NA,NA,NA,NA,NA,NA,"2025/10/22","True",0.1,0.1,15,NA,NA,NA,NA,NA,NA,NA,NA,NA,NA
"1079","2025/10/22","FPICO1T08:11","2001/09/14",1,1,16,NA,"ABLA","L","X",9.8,8,NA,NA," poleq1_all","","Yes","","",NA,NA,NA,NA,NA,NA,"2025/10/22","True",0.1,0.1,15,NA,NA,NA,NA,NA,NA,NA,NA,NA,NA
"1080","2025/10/22","FPICO1T08:11","2001/09/14",1,1,17,NA,"ABLA","L","X",2.5,4,NA,NA," poleq1_all","","Yes","","",NA,NA,NA,NA,NA,NA,"2025/10/22","True",0.1,0.1,15,NA,NA,NA,NA,NA,NA,NA,NA,NA,NA
"1081","2025/10/22","FPICO1T08:11","2001/09/14",1,1,18,NA,"PICO","D","X",13.4,8,NA,NA," poleq1_all","","Yes","","",NA,NA,NA,NA,NA,NA,"2025/10/22","True",0.1,0.1,15,NA,NA,NA,NA,NA,NA,NA,NA,NA,NA
"1082","2025/10/22","FPICO1T08:11","2001/09/14",1,1,19,NA,"PICO","D","X",7.1,6,NA,NA," poleq1_all","","Yes","","",NA,NA,NA,NA,NA,NA,"2025/10/22","True",0.1,0.1,15,NA,NA,NA,NA,NA,NA,NA,NA,NA,NA
"1083","2025/10/22","FPICO1T08:11","2001/09/14",1,1,20,NA,"ABLA","L","X",7.9,5,NA,NA," poleq1_all","","Yes","","",NA,NA,NA,NA,NA,NA,"2025/10/22","True",0.1,0.1,15,NA,NA,NA,NA,NA,NA,NA,NA,NA,NA
"1084","2025/10/22","FPICO1T08:11","2001/09/14",1,1,21,NA,"ABLA","D","X",3.8,4,NA,NA," poleq1_all","","Yes","","",NA,NA,NA,NA,NA,NA,"2025/10/22","True",0.1,0.1,15,NA,NA,NA,NA,NA,NA,NA,NA,NA,NA
"1085","2025/10/22","FPICO1T08:11","2001/09/14",1,1,22,NA,"ABLA","D","X",5.7,6,NA,NA," poleq1_all","","Yes","","",NA,NA,NA,NA,NA,NA,"2025/10/22","True",0.1,0.1,15,NA,NA,NA,NA,NA,NA,NA,NA,NA,NA
"1086","2025/10/22","FPICO1T08:11","2001/09/14",1,1,23,NA,"ABLA","L","X",6,6,NA,NA," poleq1_all","","Yes","","",NA,NA,NA,NA,NA,NA,"2025/10/22","True",0.1,0.1,15,NA,NA,NA,NA,NA,NA,NA,NA,NA,NA
"1087","2025/10/22","FPICO1T08:11","2001/09/14",1,2,24,NA,"ABLA","L","X",12.3,9,NA,NA," poleq2_all","","Yes","","",NA,NA,NA,NA,NA,NA,"2025/10/22","True",0.1,0.1,15,NA,NA,NA,NA,NA,NA,NA,NA,NA,NA
"1088","2025/10/22","FPICO1T08:11","2001/09/14",1,2,25,NA,"ABLA","L","X",9.1,8,NA,NA," poleq2_all","","Yes","","",NA,NA,NA,NA,NA,NA,"2025/10/22","True",0.1,0.1,15,NA,NA,NA,NA,NA,NA,NA,NA,NA,NA
"1089","2025/10/22","FPICO1T08:11","2001/09/14",1,2,26,NA,"ABLA","L","X",8.3,8,NA,NA," poleq2_all","","Yes","","",NA,NA,NA,NA,NA,NA,"2025/10/22","True",0.1,0.1,15,NA,NA,NA,NA,NA,NA,NA,NA,NA,NA
"1090","2025/10/22","FPICO1T08:11","2001/09/14",1,2,27,NA,"ABLA","L","X",2.8,3,NA,NA," poleq2_all","","Yes","","",NA,NA,NA,NA,NA,NA,"2025/10/22","True",0.1,0.1,15,NA,NA,NA,NA,NA,NA,NA,NA,NA,NA
"1091","2025/10/22","FPICO1T08:11","2001/09/14",1,2,28,NA,"ABLA","L","X",9.4,9,NA,NA," poleq2_all","","Yes","","",NA,NA,NA,NA,NA,NA,"2025/10/22","True",0.1,0.1,15,NA,NA,NA,NA,NA,NA,NA,NA,NA,NA
"1092","2025/10/22","FPICO1T08:11","2001/09/14",1,2,29,NA,"PIEN","L","X",10.1,9,NA,NA," poleq2_all","","Yes","","",NA,NA,NA,NA,NA,NA,"2025/10/22","True",0.1,0.1,15,NA,NA,NA,NA,NA,NA,NA,NA,NA,NA
"1093","2025/10/22","FPICO1T08:11","2001/09/14",1,2,30,NA,"PIEN","L","X",2.7,3,NA,NA," poleq2_all","","Yes","","",NA,NA,NA,NA,NA,NA,"2025/10/22","True",0.1,0.1,15,NA,NA,NA,NA,NA,NA,NA,NA,NA,NA
"1094","2025/10/22","FPICO1T08:11","2001/09/14",1,2,31,NA,"PIEN","L","X",10.5,9,NA,NA," poleq2_all","","Yes","","",NA,NA,NA,NA,NA,NA,"2025/10/22","True",0.1,0.1,15,NA,NA,NA,NA,NA,NA,NA,NA,NA,NA
"1095","2025/10/22","FPICO1T08:11","2001/09/14",1,2,32,NA,"PICO","L","X",4.8,5,NA,NA," poleq2_all","","Yes","","",NA,NA,NA,NA,NA,NA,"2025/10/22","True",0.1,0.1,15,NA,NA,NA,NA,NA,NA,NA,NA,NA,NA
"1096","2025/10/22","FPICO1T08:11","2001/09/14",1,2,33,NA,"ABLA","L","X",12.1,10,NA,NA," poleq2_all","","Yes","","",NA,NA,NA,NA,NA,NA,"2025/10/22","True",0.1,0.1,15,NA,NA,NA,NA,NA,NA,NA,NA,NA,NA
"1097","2025/10/22","FPICO1T08:11","2001/09/14",1,2,34,NA,"ABLA","L","X",5.2,6,NA,NA," poleq2_all","","Yes","","",NA,NA,NA,NA,NA,NA,"2025/10/22","True",0.1,0.1,15,NA,NA,NA,NA,NA,NA,NA,NA,NA,NA
"1098","2025/10/22","FPICO1T08:11","2001/09/14",1,2,35,NA,"ABLA","L","X",13.8,10,NA,NA," poleq2_all","","Yes","","",NA,NA,NA,NA,NA,NA,"2025/10/22","True",0.1,0.1,15,NA,NA,NA,NA,NA,NA,NA,NA,NA,NA
"1099","2025/10/22","FPICO1T08:11","2001/09/14",1,2,36,NA,"ABLA","L","X",4.1,4,NA,NA," poleq2_all","","Yes","","",NA,NA,NA,NA,NA,NA,"2025/10/22","True",0.1,0.1,15,NA,NA,NA,NA,NA,NA,NA,NA,NA,NA
"1100","2025/10/22","FPICO1T08:11","2001/09/14",1,2,37,NA,"ABLA","L","X",12,9,NA,NA," poleq2_all","","Yes","","",NA,NA,NA,NA,NA,NA,"2025/10/22","True",0.1,0.1,15,NA,NA,NA,NA,NA,NA,NA,NA,NA,NA
"1101","2025/10/22","FPICO1T08:11","2001/09/14",1,2,38,NA,"ABLA","L","X",7,5,NA,NA," poleq2_all","","Yes","","",NA,NA,NA,NA,NA,NA,"2025/10/22","True",0.1,0.1,15,NA,NA,NA,NA,NA,NA,NA,NA,NA,NA
"1102","2025/10/22","FPICO1T08:11","2001/09/14",1,2,39,NA,"ABLA","L","X",4.8,5,NA,NA," poleq2_all","","Yes","","",NA,NA,NA,NA,NA,NA,"2025/10/22","True",0.1,0.1,15,NA,NA,NA,NA,NA,NA,NA,NA,NA,NA
"1103","2025/10/22","FPICO1T08:11","2001/09/14",1,2,40,NA,"ABLA","L","X",6.3,6,NA,NA," poleq2_all","","Yes","","",NA,NA,NA,NA,NA,NA,"2025/10/22","True",0.1,0.1,15,NA,NA,NA,NA,NA,NA,NA,NA,NA,NA
"1104","2025/10/22","FPICO1T08:11","2001/09/14",1,2,41,NA,"PIEN","L","X",8.4,2,NA,NA," poleq2_all","","Yes","","",NA,NA,NA,NA,NA,NA,"2025/10/22","True",0.1,0.1,15,NA,NA,NA,NA,NA,NA,NA,NA,NA,NA
"1105","2025/10/22","FPICO1T08:11","2001/09/14",1,2,42,NA,"PIEN","L","X",2.6,3,NA,NA," poleq2_all","","Yes","","",NA,NA,NA,NA,NA,NA,"2025/10/22","True",0.1,0.1,15,NA,NA,NA,NA,NA,NA,NA,NA,NA,NA
"1106","2025/10/22","FPICO1T08:11","2001/09/14",1,2,43,NA,"PIEN","L","X",2.8,3,NA,NA," poleq2_all","","Yes","","",NA,NA,NA,NA,NA,NA,"2025/10/22","True",0.1,0.1,15,NA,NA,NA,NA,NA,NA,NA,NA,NA,NA
"1107","2025/10/22","FPICO1T08:11","2001/09/14",1,2,44,NA,"PIEN","L","X",10.8,8,NA,NA," poleq2_all","","Yes","","",NA,NA,NA,NA,NA,NA,"2025/10/22","True",0.1,0.1,15,NA,NA,NA,NA,NA,NA,NA,NA,NA,NA
"1108","2025/10/22","FPICO1T08:11","2001/09/14",1,2,45,NA,"PIEN","L","X",6.6,6,NA,NA," poleq2_all","","Yes","","",NA,NA,NA,NA,NA,NA,"2025/10/22","True",0.1,0.1,15,NA,NA,NA,NA,NA,NA,NA,NA,NA,NA
"1109","2025/10/22","FPICO1T08:11","2001/09/14",1,2,46,NA,"PIEN","L","X",12.8,8,NA,NA," poleq2_all","","Yes","","",NA,NA,NA,NA,NA,NA,"2025/10/22","True",0.1,0.1,15,NA,NA,NA,NA,NA,NA,NA,NA,NA,NA
"1110","2025/10/22","FPICO1T08:11","2001/09/14",1,2,47,NA,"PIEN","L","X",9.2,7,NA,NA," poleq2_all","","Yes","","",NA,NA,NA,NA,NA,NA,"2025/10/22","True",0.1,0.1,15,NA,NA,NA,NA,NA,NA,NA,NA,NA,NA
"1111","2025/10/22","FPICO1T08:11","2001/09/14",1,2,48,NA,"ABLA","L","X",12.6,8,NA,NA," poleq2_all","","Yes","","",NA,NA,NA,NA,NA,NA,"2025/10/22","True",0.1,0.1,15,NA,NA,NA,NA,NA,NA,NA,NA,NA,NA
"1112","2025/10/22","FPICO1T08:11","2001/09/14",1,2,49,NA,"ABLA","L","X",7.5,8,NA,NA," poleq2_all","","Yes","","",NA,NA,NA,NA,NA,NA,"2025/10/22","True",0.1,0.1,15,NA,NA,NA,NA,NA,NA,NA,NA,NA,NA
"1113","2025/10/22","FPICO1T08:11","2001/09/14",1,2,50,NA,"ABLA","L","X",11.8,10,NA,NA," poleq2_all","","Yes","","",NA,NA,NA,NA,NA,NA,"2025/10/22","True",0.1,0.1,15,NA,NA,NA,NA,NA,NA,NA,NA,NA,NA
"1114","2025/10/22","FPICO1T08:11","2001/09/14",1,2,51,NA,"ABLA","L","X",15,8,NA,NA," poleq2_all","","Yes","","",NA,NA,NA,NA,NA,NA,"2025/10/22","True",0.1,0.1,15,NA,NA,NA,NA,NA,NA,NA,NA,NA,NA
"1115","2025/10/22","FPICO1T08:11","2001/09/14",1,1,1,NA,"PIEN","L","I",15.5,NA,NA,NA," overq1_all","","Yes","","",NA,NA,NA,NA,NA,NA,"2025/10/22","True",0.1,0.1,15,NA,NA,NA,NA,NA,NA,NA,NA,NA,NA
"1116","2025/10/22","FPICO1T08:11","2001/09/14",1,1,2,NA,"PIEN","L","I",22.7,NA,NA,NA," overq1_all","","Yes","","",NA,NA,NA,NA,NA,NA,"2025/10/22","True",0.1,0.1,15,NA,NA,NA,NA,NA,NA,NA,NA,NA,NA
"1117","2025/10/22","FPICO1T08:11","2001/09/14",1,1,3,NA,"ABLA","L","I",15.5,NA,NA,NA," overq1_all","","Yes","","",NA,NA,NA,NA,NA,NA,"2025/10/22","True",0.1,0.1,15,NA,NA,NA,NA,NA,NA,NA,NA,NA,NA
"1118","2025/10/22","FPICO1T08:11","2001/09/14",1,1,4,NA,"ABLA","L","I",16,NA,NA,NA," overq1_all","","Yes","","",NA,NA,NA,NA,NA,NA,"2025/10/22","True",0.1,0.1,15,NA,NA,NA,NA,NA,NA,NA,NA,NA,NA
"1119","2025/10/22","FPICO1T08:11","2001/09/14",1,1,5,NA,"PIEN","D","RS",17.2,NA,NA,NA," overq1_all","","Yes","","",NA,NA,NA,NA,NA,NA,"2025/10/22","True",0.1,0.1,15,NA,NA,NA,NA,NA,NA,NA,NA,NA,NA
"1120","2025/10/22","FPICO1T08:11","2001/09/14",1,1,6,NA,"PICO","D","LBS",17.3,NA,NA,NA," overq1_all","","Yes","LEAN","",NA,NA,NA,NA,NA,NA,"2025/10/22","True",0.1,0.1,15,NA,NA,NA,NA,NA,NA,NA,NA,NA,NA
"1121","2025/10/22","FPICO1T08:11","2001/09/14",1,1,7,NA,"PICO","L","D",22.8,NA,NA,NA," overq1_all","","Yes","SPAR","",NA,NA,NA,NA,NA,NA,"2025/10/22","True",0.1,0.1,15,NA,NA,NA,NA,NA,NA,NA,NA,NA,NA
"1122","2025/10/22","FPICO1T08:11","2001/09/14",1,1,8,NA,"PICO","L","D",28.5,NA,NA,NA," overq1_all","","Yes","SPAR","WOND",NA,NA,NA,NA,NA,NA,"2025/10/22","True",0.1,0.1,15,NA,NA,NA,NA,NA,NA,NA,NA,NA,NA
"1123","2025/10/22","FPICO1T08:11","2001/09/14",1,1,9,NA,"PICO","D","RS",15.8,NA,NA,NA," overq1_all","","Yes","","",NA,NA,NA,NA,NA,NA,"2025/10/22","True",0.1,0.1,15,NA,NA,NA,NA,NA,NA,NA,NA,NA,NA
"1124","2025/10/22","FPICO1T08:11","2001/09/14",1,1,10,NA,"PIEN","L","C",24.3,NA,NA,NA," overq1_all","","Yes","","",NA,NA,NA,NA,NA,NA,"2025/10/22","True",0.1,0.1,15,NA,NA,NA,NA,NA,NA,NA,NA,NA,NA
"1125","2025/10/22","FPICO1T08:11","2001/09/14",1,1,11,NA,"ABLA","L","C",22.6,NA,NA,NA," overq1_all","","Yes","","",NA,NA,NA,NA,NA,NA,"2025/10/22","True",0.1,0.1,15,NA,NA,NA,NA,NA,NA,NA,NA,NA,NA
"1126","2025/10/22","FPICO1T08:11","2001/09/14",1,1,12,NA,"PIEN","D","RS",18.7,NA,NA,NA," overq1_all","","Yes","","",NA,NA,NA,NA,NA,NA,"2025/10/22","True",0.1,0.1,15,NA,NA,NA,NA,NA,NA,NA,NA,NA,NA
"1127","2025/10/22","FPICO1T08:11","2001/09/14",1,1,13,NA,"PIEN","L","C",18.2,NA,NA,NA," overq1_all","","Yes","","",NA,NA,NA,NA,NA,NA,"2025/10/22","True",0.1,0.1,15,NA,NA,NA,NA,NA,NA,NA,NA,NA,NA
"1128","2025/10/22","FPICO1T08:11","2001/09/14",1,1,14,NA,"PICO","L","C",16.4,NA,NA,NA," overq1_all","","Yes","WOND","LEAN",NA,NA,NA,NA,NA,NA,"2025/10/22","True",0.1,0.1,15,NA,NA,NA,NA,NA,NA,NA,NA,NA,NA
"1129","2025/10/22","FPICO1T08:11","2001/09/14",1,1,15,NA,"PIEN","L","C",23.4,NA,NA,NA," overq1_all","","Yes","","",NA,NA,NA,NA,NA,NA,"2025/10/22","True",0.1,0.1,15,NA,NA,NA,NA,NA,NA,NA,NA,NA,NA
"1130","2025/10/22","FPICO1T08:11","2001/09/14",1,1,16,NA,"PICO","D","LBS",16.3,NA,NA,NA," overq1_all","","Yes","","",NA,NA,NA,NA,NA,NA,"2025/10/22","True",0.1,0.1,15,NA,NA,NA,NA,NA,NA,NA,NA,NA,NA
"1131","2025/10/22","FPICO1T08:11","2001/09/14",1,1,17,NA,"PIEN","L","I",21.2,NA,NA,NA," overq1_all","","Yes","","",NA,NA,NA,NA,NA,NA,"2025/10/22","True",0.1,0.1,15,NA,NA,NA,NA,NA,NA,NA,NA,NA,NA
"1132","2025/10/22","FPICO1T08:11","2001/09/14",1,1,18,NA,"ABLA","L","I",16.2,NA,NA,NA," overq1_all","","Yes","","",NA,NA,NA,NA,NA,NA,"2025/10/22","True",0.1,0.1,15,NA,NA,NA,NA,NA,NA,NA,NA,NA,NA
"1133","2025/10/22","FPICO1T08:11","2001/09/14",1,1,19,NA,"PICO","D","LBS",23.3,NA,NA,NA," overq1_all","","Yes","","",NA,NA,NA,NA,NA,NA,"2025/10/22","True",0.1,0.1,15,NA,NA,NA,NA,NA,NA,NA,NA,NA,NA
"1134","2025/10/22","FPICO1T08:11","2001/09/14",1,1,20,NA,"PIEN","L","D",20.8,NA,NA,NA," overq1_all","","Yes","LEAN","",NA,NA,NA,NA,NA,NA,"2025/10/22","True",0.1,0.1,15,NA,NA,NA,NA,NA,NA,NA,NA,NA,NA
"1135","2025/10/22","FPICO1T08:11","2001/09/14",1,1,21,NA,"ABLA","D","RS",16.3,NA,NA,NA," overq1_all","","Yes","","",NA,NA,NA,NA,NA,NA,"2025/10/22","True",0.1,0.1,15,NA,NA,NA,NA,NA,NA,NA,NA,NA,NA
"1136","2025/10/22","FPICO1T08:11","2001/09/14",1,1,22,NA,"ABLA","L","C",21,NA,NA,NA," overq1_all","","Yes","","",NA,NA,NA,NA,NA,NA,"2025/10/22","True",0.1,0.1,15,NA,NA,NA,NA,NA,NA,NA,NA,NA,NA
"1137","2025/10/22","FPICO1T08:11","2001/09/14",1,1,23,NA,"PICO","L","I",19.5,NA,NA,NA," overq1_all","","Yes","SPAR","",NA,NA,NA,NA,NA,NA,"2025/10/22","True",0.1,0.1,15,NA,NA,NA,NA,NA,NA,NA,NA,NA,NA
"1138","2025/10/22","FPICO1T08:11","2001/09/14",1,1,24,NA,"PICO","L","D",29.1,NA,NA,NA," overq1_all","","Yes","","",NA,NA,NA,NA,NA,NA,"2025/10/22","True",0.1,0.1,15,NA,NA,NA,NA,NA,NA,NA,NA,NA,NA
"1139","2025/10/22","FPICO1T08:11","2001/09/14",1,1,25,NA,"PIEN","L","D",21.1,NA,NA,NA," overq1_all","","Yes","","",NA,NA,NA,NA,NA,NA,"2025/10/22","True",0.1,0.1,15,NA,NA,NA,NA,NA,NA,NA,NA,NA,NA
"1140","2025/10/22","FPICO1T08:11","2001/09/14",1,2,26,NA,"PICO","L","D",28.3,NA,NA,NA," overq2_all","","Yes","SPAR","",NA,NA,NA,NA,NA,NA,"2025/10/22","True",0.1,0.1,15,NA,NA,NA,NA,NA,NA,NA,NA,NA,NA
"1141","2025/10/22","FPICO1T08:11","2001/09/14",1,2,27,NA,"PICO","D","RS",24.6,NA,NA,NA," overq2_all","","Yes","","",NA,NA,NA,NA,NA,NA,"2025/10/22","True",0.1,0.1,15,NA,NA,NA,NA,NA,NA,NA,NA,NA,NA
"1142","2025/10/22","FPICO1T08:11","2001/09/14",1,2,28,NA,"PICO","L","C",19.4,NA,NA,NA," overq2_all","","Yes","SPAR","WOND",NA,NA,NA,NA,NA,NA,"2025/10/22","True",0.1,0.1,15,NA,NA,NA,NA,NA,NA,NA,NA,NA,NA
"1143","2025/10/22","FPICO1T08:11","2001/09/14",1,2,29,NA,"ABLA","L","C",22.3,NA,NA,NA," overq2_all","","Yes","","",NA,NA,NA,NA,NA,NA,"2025/10/22","True",0.1,0.1,15,NA,NA,NA,NA,NA,NA,NA,NA,NA,NA
"1144","2025/10/22","FPICO1T08:11","2001/09/14",1,2,30,NA,"PICO","D","RS",20.8,NA,NA,NA," overq2_all","","Yes","","",NA,NA,NA,NA,NA,NA,"2025/10/22","True",0.1,0.1,15,NA,NA,NA,NA,NA,NA,NA,NA,NA,NA
"1145","2025/10/22","FPICO1T08:11","2001/09/14",1,2,31,NA,"PIEN","L","I",19.8,NA,NA,NA," overq2_all","","Yes","","",NA,NA,NA,NA,NA,NA,"2025/10/22","True",0.1,0.1,15,NA,NA,NA,NA,NA,NA,NA,NA,NA,NA
"1146","2025/10/22","FPICO1T08:11","2001/09/14",1,2,32,NA,"ABLA","L","I",16.3,NA,NA,NA," overq2_all","","Yes","","",NA,NA,NA,NA,NA,NA,"2025/10/22","True",0.1,0.1,15,NA,NA,NA,NA,NA,NA,NA,NA,NA,NA
"1147","2025/10/22","FPICO1T08:11","2001/09/14",1,2,33,NA,"PIEN","L","C",16.4,NA,NA,NA," overq2_all","","Yes","","",NA,NA,NA,NA,NA,NA,"2025/10/22","True",0.1,0.1,15,NA,NA,NA,NA,NA,NA,NA,NA,NA,NA
"1148","2025/10/22","FPICO1T08:11","2001/09/14",1,2,34,NA,"PICO","D","BBD",21.8,NA,NA,NA," overq2_all","","Yes","SNAG","",NA,NA,NA,NA,NA,NA,"2025/10/22","True",0.1,0.1,15,NA,NA,NA,NA,NA,NA,NA,NA,NA,NA
"1149","2025/10/22","FPICO1T08:11","2001/09/14",1,2,35,NA,"PIEN","L","C",25,NA,NA,NA," overq2_all","","Yes","","",NA,NA,NA,NA,NA,NA,"2025/10/22","True",0.1,0.1,15,NA,NA,NA,NA,NA,NA,NA,NA,NA,NA
"1150","2025/10/22","FPICO1T08:11","2001/09/14",1,2,36,NA,"PIEN","L","C",24.5,NA,NA,NA," overq2_all","","Yes","","",NA,NA,NA,NA,NA,NA,"2025/10/22","True",0.1,0.1,15,NA,NA,NA,NA,NA,NA,NA,NA,NA,NA
"1151","2025/10/22","FPICO1T08:11","2001/09/14",1,2,37,NA,"PICO","L","D",30.2,NA,NA,NA," overq2_all","","Yes","SPAR","",NA,NA,NA,NA,NA,NA,"2025/10/22","True",0.1,0.1,15,NA,NA,NA,NA,NA,NA,NA,NA,NA,NA
"1152","2025/10/22","FPICO1T08:12","1999/07/22",1,1,1,NA,"PICO","L","X",14.7,10,NA,NA," poleq1_all","","Yes","","","",NA,NA,NA,NA,NA,"2025/10/22","True",0.1,0.1,15,NA,NA,NA,NA,NA,NA,NA,NA,NA,NA
"1153","2025/10/22","FPICO1T08:12","1999/07/22",1,1,2,NA,"PICO","L","X",9,5,NA,NA," poleq1_all","","Yes","","","",NA,NA,NA,NA,NA,"2025/10/22","True",0.1,0.1,15,NA,NA,NA,NA,NA,NA,NA,NA,NA,NA
"1154","2025/10/22","FPICO1T08:12","1999/07/22",1,1,3,NA,"PICO","L","X",3.2,3,NA,NA," poleq1_all","","Yes","","","",NA,NA,NA,NA,NA,"2025/10/22","True",0.1,0.1,15,NA,NA,NA,NA,NA,NA,NA,NA,NA,NA
"1155","2025/10/22","FPICO1T08:12","1999/07/22",1,1,4,NA,"PICO","L","X",7.5,6,NA,NA," poleq1_all","","Yes","","","",NA,NA,NA,NA,NA,"2025/10/22","True",0.1,0.1,15,NA,NA,NA,NA,NA,NA,NA,NA,NA,NA
"1156","2025/10/22","FPICO1T08:12","1999/07/22",1,1,5,NA,"PICO","L","X",6.6,4,NA,NA," poleq1_all","","Yes","","","",NA,NA,NA,NA,NA,"2025/10/22","True",0.1,0.1,15,NA,NA,NA,NA,NA,NA,NA,NA,NA,NA
"1157","2025/10/22","FPICO1T08:12","1999/07/22",1,1,6,NA,"PICO","L","X",7.2,4,NA,NA," poleq1_all","","Yes","","","",NA,NA,NA,NA,NA,"2025/10/22","True",0.1,0.1,15,NA,NA,NA,NA,NA,NA,NA,NA,NA,NA
"1158","2025/10/22","FPICO1T08:12","1999/07/22",1,1,7,NA,"PICO","L","X",12.4,10,NA,NA," poleq1_all","","Yes","","","",NA,NA,NA,NA,NA,"2025/10/22","True",0.1,0.1,15,NA,NA,NA,NA,NA,NA,NA,NA,NA,NA
"1159","2025/10/22","FPICO1T08:12","1999/07/22",1,1,8,NA,"PICO","L","X",12.9,9,NA,NA," poleq1_all","","Yes","","","",NA,NA,NA,NA,NA,"2025/10/22","True",0.1,0.1,15,NA,NA,NA,NA,NA,NA,NA,NA,NA,NA
"1160","2025/10/22","FPICO1T08:12","1999/07/22",1,2,10,NA,"PICO","L","X",2.6,2,NA,NA," poleq2_all","","Yes","","","",NA,NA,NA,NA,NA,"2025/10/22","True",0.1,0.1,15,NA,NA,NA,NA,NA,NA,NA,NA,NA,NA
"1161","2025/10/22","FPICO1T08:12","1999/07/22",1,2,11,NA,"PICO","L","X",12.5,10,NA,NA," poleq2_all","","Yes","","","",NA,NA,NA,NA,NA,"2025/10/22","True",0.1,0.1,15,NA,NA,NA,NA,NA,NA,NA,NA,NA,NA
"1162","2025/10/22","FPICO1T08:12","1999/07/22",1,2,12,NA,"PICO","L","X",6,5,NA,NA," poleq2_all","","Yes","","","",NA,NA,NA,NA,NA,"2025/10/22","True",0.1,0.1,15,NA,NA,NA,NA,NA,NA,NA,NA,NA,NA
"1163","2025/10/22","FPICO1T08:12","1999/07/22",1,2,13,NA,"PICO","D","X",7.1,3,NA,NA," poleq2_all","","Yes","","","",NA,NA,NA,NA,NA,"2025/10/22","True",0.1,0.1,15,NA,NA,NA,NA,NA,NA,NA,NA,NA,NA
"1164","2025/10/22","FPICO1T08:12","1999/07/22",1,2,14,NA,"PICO","D","X",3.7,4,NA,NA," poleq2_all","","Yes","","","",NA,NA,NA,NA,NA,"2025/10/22","True",0.1,0.1,15,NA,NA,NA,NA,NA,NA,NA,NA,NA,NA
"1165","2025/10/22","FPICO1T08:12","1999/07/22",1,2,15,NA,"PICO","L","X",11.6,10,NA,NA," poleq2_all","","Yes","","","",NA,NA,NA,NA,NA,"2025/10/22","True",0.1,0.1,15,NA,NA,NA,NA,NA,NA,NA,NA,NA,NA
"1166","2025/10/22","FPICO1T08:12","1999/07/22",1,2,16,NA,"PICO","L","X",5.6,6,NA,NA," poleq2_all","","Yes","","","",NA,NA,NA,NA,NA,"2025/10/22","True",0.1,0.1,15,NA,NA,NA,NA,NA,NA,NA,NA,NA,NA
"1167","2025/10/22","FPICO1T08:12","1999/07/22",1,2,17,NA,"PICO","D","X",2.6,2,NA,NA," poleq2_all","","Yes","","","",NA,NA,NA,NA,NA,"2025/10/22","True",0.1,0.1,15,NA,NA,NA,NA,NA,NA,NA,NA,NA,NA
"1168","2025/10/22","FPICO1T08:12","1999/07/22",1,2,18,NA,"PICO","L","X",6,4,NA,NA," poleq2_all","","Yes","","","",NA,NA,NA,NA,NA,"2025/10/22","True",0.1,0.1,15,NA,NA,NA,NA,NA,NA,NA,NA,NA,NA
"1169","2025/10/22","FPICO1T08:12","1999/07/22",1,2,19,NA,"PICO","L","X",12,9,NA,NA," poleq2_all","","Yes","","","",NA,NA,NA,NA,NA,"2025/10/22","True",0.1,0.1,15,NA,NA,NA,NA,NA,NA,NA,NA,NA,NA
"1170","2025/10/22","FPICO1T08:12","1999/07/22",1,2,20,NA,"PICO","D","X",11.2,9,NA,NA," poleq2_all","","Yes","","","",NA,NA,NA,NA,NA,"2025/10/22","True",0.1,0.1,15,NA,NA,NA,NA,NA,NA,NA,NA,NA,NA
"1171","2025/10/22","FPICO1T08:12","1999/07/22",1,2,21,NA,"PICO","D","X",13.9,10,NA,NA," poleq2_all","","Yes","","","",NA,NA,NA,NA,NA,"2025/10/22","True",0.1,0.1,15,NA,NA,NA,NA,NA,NA,NA,NA,NA,NA
"1172","2025/10/22","FPICO1T08:12","1999/07/22",1,2,22,NA,"PICO","D","X",3.7,3,NA,NA," poleq2_all","","Yes","","","",NA,NA,NA,NA,NA,"2025/10/22","True",0.1,0.1,15,NA,NA,NA,NA,NA,NA,NA,NA,NA,NA
"1173","2025/10/22","FPICO1T08:12","1999/07/22",1,2,23,NA,"PICO","L","X",9.1,10,NA,NA," poleq2_all","","Yes","","","",NA,NA,NA,NA,NA,"2025/10/22","True",0.1,0.1,15,NA,NA,NA,NA,NA,NA,NA,NA,NA,NA
"1174","2025/10/22","FPICO1T08:12","1999/07/22",1,2,24,NA,"PICO","L","X",14.7,10,NA,NA," poleq2_all","","Yes","","","",NA,NA,NA,NA,NA,"2025/10/22","True",0.1,0.1,15,NA,NA,NA,NA,NA,NA,NA,NA,NA,NA
"1175","2025/10/22","FPICO1T08:12","1999/07/22",1,2,25,NA,"PICO","L","X",13.4,10,NA,NA," poleq2_all","","Yes","","","",NA,NA,NA,NA,NA,"2025/10/22","True",0.1,0.1,15,NA,NA,NA,NA,NA,NA,NA,NA,NA,NA
"1176","2025/10/22","FPICO1T08:12","1999/07/22",1,2,26,NA,"PICO","L","X",6.4,7,NA,NA," poleq2_all","","Yes","","","",NA,NA,NA,NA,NA,"2025/10/22","True",0.1,0.1,15,NA,NA,NA,NA,NA,NA,NA,NA,NA,NA
"1177","2025/10/22","FPICO1T08:12","1999/07/22",1,2,27,NA,"PICO","D","X",5.1,3,NA,NA," poleq2_all","","Yes","","","",NA,NA,NA,NA,NA,"2025/10/22","True",0.1,0.1,15,NA,NA,NA,NA,NA,NA,NA,NA,NA,NA
"1178","2025/10/22","FPICO1T08:12","1999/07/22",1,2,28,NA,"PICO","L","X",5.5,5,NA,NA," poleq2_all","","Yes","","","",NA,NA,NA,NA,NA,"2025/10/22","True",0.1,0.1,15,NA,NA,NA,NA,NA,NA,NA,NA,NA,NA
"1179","2025/10/22","FPICO1T08:12","1999/07/22",1,2,29,NA,"PICO","L","X",8.6,8,NA,NA," poleq2_all","","Yes","","","",NA,NA,NA,NA,NA,"2025/10/22","True",0.1,0.1,15,NA,NA,NA,NA,NA,NA,NA,NA,NA,NA
"1180","2025/10/22","FPICO1T08:12","1999/07/22",1,2,30,NA,"PICO","L","X",8.9,8,NA,NA," poleq2_all","","Yes","","","",NA,NA,NA,NA,NA,"2025/10/22","True",0.1,0.1,15,NA,NA,NA,NA,NA,NA,NA,NA,NA,NA
"1181","2025/10/22","FPICO1T08:12","1999/07/22",1,2,31,NA,"PICO","D","X",4.8,5,NA,NA," poleq2_all","","Yes","","","",NA,NA,NA,NA,NA,"2025/10/22","True",0.1,0.1,15,NA,NA,NA,NA,NA,NA,NA,NA,NA,NA
"1182","2025/10/22","FPICO1T08:12","1999/07/22",1,2,32,NA,"PICO","L","X",7.6,6,NA,NA," poleq2_all","","Yes","","","",NA,NA,NA,NA,NA,"2025/10/22","True",0.1,0.1,15,NA,NA,NA,NA,NA,NA,NA,NA,NA,NA
"1183","2025/10/22","FPICO1T08:12","1999/07/22",1,2,33,NA,"PICO","L","X",8.6,6,NA,NA," poleq2_all","","Yes","","","",NA,NA,NA,NA,NA,"2025/10/22","True",0.1,0.1,15,NA,NA,NA,NA,NA,NA,NA,NA,NA,NA
"1184","2025/10/22","FPICO1T08:12","1999/07/22",1,2,34,NA,"PICO","L","X",7.3,5,NA,NA," poleq2_all","","Yes","","","",NA,NA,NA,NA,NA,"2025/10/22","True",0.1,0.1,15,NA,NA,NA,NA,NA,NA,NA,NA,NA,NA
"1185","2025/10/22","FPICO1T08:12","1999/07/22",1,2,35,NA,"PICO","D","X",9.5,10,NA,NA," poleq2_all","","Yes","","","",NA,NA,NA,NA,NA,"2025/10/22","True",0.1,0.1,15,NA,NA,NA,NA,NA,NA,NA,NA,NA,NA
"1186","2025/10/22","FPICO1T08:12","1999/07/22",1,2,36,NA,"PICO","L","X",5.6,4,NA,NA," poleq2_all","","Yes","","","",NA,NA,NA,NA,NA,"2025/10/22","True",0.1,0.1,15,NA,NA,NA,NA,NA,NA,NA,NA,NA,NA
"1187","2025/10/22","FPICO1T08:12","1999/07/22",1,2,37,NA,"PICO","D","X",4.6,6,NA,NA," poleq2_all","","Yes","","","",NA,NA,NA,NA,NA,"2025/10/22","True",0.1,0.1,15,NA,NA,NA,NA,NA,NA,NA,NA,NA,NA
"1188","2025/10/22","FPICO1T08:12","1999/07/22",1,1,1,NA,"PICO","L","C",24.4,NA,NA,NA," overq1_all","","Yes","","","",NA,NA,NA,NA,NA,"2025/10/22","True",0.1,0.1,15,NA,NA,NA,NA,NA,NA,NA,NA,NA,NA
"1189","2025/10/22","FPICO1T08:12","1999/07/22",1,1,2,NA,"PICO","L","D",41.1,NA,NA,NA," overq1_all","","Yes","","","",NA,NA,NA,NA,NA,"2025/10/22","True",0.1,0.1,15,NA,NA,NA,NA,NA,NA,NA,NA,NA,NA
"1190","2025/10/22","FPICO1T08:12","1999/07/22",1,1,3,NA,"PICO","D","RS",33.2,NA,NA,NA," overq1_all","","Yes","","","",NA,NA,NA,NA,NA,"2025/10/22","True",0.1,0.1,15,NA,NA,NA,NA,NA,NA,NA,NA,NA,NA
"1191","2025/10/22","FPICO1T08:12","1999/07/22",1,1,4,NA,"PICO","L","I",26.3,NA,NA,NA," overq1_all","","Yes","","","",NA,NA,NA,NA,NA,"2025/10/22","True",0.1,0.1,15,NA,NA,NA,NA,NA,NA,NA,NA,NA,NA
"1192","2025/10/22","FPICO1T08:12","1999/07/22",1,1,5,NA,"PICO","D","RS",25,NA,NA,NA," overq1_all","","Yes","","","",NA,NA,NA,NA,NA,"2025/10/22","True",0.1,0.1,15,NA,NA,NA,NA,NA,NA,NA,NA,NA,NA
"1193","2025/10/22","FPICO1T08:12","1999/07/22",1,1,6,NA,"PICO","L","C",32.3,NA,NA,NA," overq1_all","","Yes","WOND","CONK","",NA,NA,NA,NA,NA,"2025/10/22","True",0.1,0.1,15,NA,NA,NA,NA,NA,NA,NA,NA,NA,NA
"1194","2025/10/22","FPICO1T08:12","1999/07/22",1,1,7,NA,"ABLA","L","SC",17,NA,NA,NA," overq1_all","","Yes","INSE","","",NA,NA,NA,NA,NA,"2025/10/22","True",0.1,0.1,15,NA,NA,NA,NA,NA,NA,NA,NA,NA,NA
"1195","2025/10/22","FPICO1T08:12","1999/07/22",1,1,8,NA,"PICO","L","D",39.8,NA,NA,NA," overq1_all","","Yes","","","",NA,NA,NA,NA,NA,"2025/10/22","True",0.1,0.1,15,NA,NA,NA,NA,NA,NA,NA,NA,NA,NA
"1196","2025/10/22","FPICO1T08:12","1999/07/22",1,1,9,NA,"PICO","D","LBS",39,NA,NA,NA," overq1_all","","Yes","TWIN","","",NA,NA,NA,NA,NA,"2025/10/22","True",0.1,0.1,15,NA,NA,NA,NA,NA,NA,NA,NA,NA,NA
"1197","2025/10/22","FPICO1T08:12","1999/07/22",1,1,10,NA,"PICO","D","LBS",17.6,NA,NA,NA," overq1_all","","Yes","TWIN","","",NA,NA,NA,NA,NA,"2025/10/22","True",0.1,0.1,15,NA,NA,NA,NA,NA,NA,NA,NA,NA,NA
"1198","2025/10/22","FPICO1T08:12","1999/07/22",1,1,11,NA,"PIEN","L","D",44.2,NA,NA,NA," overq1_all","","Yes","INSE","","",NA,NA,NA,NA,NA,"2025/10/22","True",0.1,0.1,15,NA,NA,NA,NA,NA,NA,NA,NA,NA,NA
"1199","2025/10/22","FPICO1T08:12","1999/07/22",1,1,12,NA,"PICO","L","C",28.8,NA,NA,NA," overq1_all","","Yes","","","",NA,NA,NA,NA,NA,"2025/10/22","True",0.1,0.1,15,NA,NA,NA,NA,NA,NA,NA,NA,NA,NA
"1200","2025/10/22","FPICO1T08:12","1999/07/22",1,1,13,NA,"PICO","L","I",17.2,NA,NA,NA," overq1_all","","Yes","CROK","","",NA,NA,NA,NA,NA,"2025/10/22","True",0.1,0.1,15,NA,NA,NA,NA,NA,NA,NA,NA,NA,NA
"1201","2025/10/22","FPICO1T08:12","1999/07/22",1,2,14,NA,"PICO","L","D",29.2,NA,NA,NA," overq2_all","","Yes","CROK","WOND","INSE",NA,NA,NA,NA,NA,"2025/10/22","True",0.1,0.1,15,NA,NA,NA,NA,NA,NA,NA,NA,NA,NA
"1202","2025/10/22","FPICO1T08:12","1999/07/22",1,2,15,NA,"PICO","L","D",29.7,NA,NA,NA," overq2_all","","Yes","WOND","SPAR","",NA,NA,NA,NA,NA,"2025/10/22","True",0.1,0.1,15,NA,NA,NA,NA,NA,NA,NA,NA,NA,NA
"1203","2025/10/22","FPICO1T08:12","1999/07/22",1,2,16,NA,"PICO","L","C",27.8,NA,NA,NA," overq2_all","","Yes","CROK","SPAR","INSE",NA,NA,NA,NA,NA,"2025/10/22","True",0.1,0.1,15,NA,NA,NA,NA,NA,NA,NA,NA,NA,NA
"1204","2025/10/22","FPICO1T08:12","1999/07/22",1,2,17,NA,"PICO","D","CS",19.1,NA,NA,NA," overq2_all","","Yes","","","",NA,NA,NA,NA,NA,"2025/10/22","True",0.1,0.1,15,NA,NA,NA,NA,NA,NA,NA,NA,NA,NA
"1205","2025/10/22","FPICO1T08:12","1999/07/22",1,2,18,NA,"PICO","L","C",33.6,NA,NA,NA," overq2_all","","Yes","LEAN","WOND","DTOP",NA,NA,NA,NA,NA,"2025/10/22","True",0.1,0.1,15,NA,NA,NA,NA,NA,NA,NA,NA,NA,NA
"1206","2025/10/22","FPICO1T08:12","1999/07/22",1,2,19,NA,"PICO","L","I",20.1,NA,NA,NA," overq2_all","","Yes","SPAR","","",NA,NA,NA,NA,NA,"2025/10/22","True",0.1,0.1,15,NA,NA,NA,NA,NA,NA,NA,NA,NA,NA
"1207","2025/10/22","FPICO1T08:12","1999/07/22",1,2,20,NA,"PICO","D","LBS",16.3,NA,NA,NA," overq2_all","","Yes","","","",NA,NA,NA,NA,NA,"2025/10/22","True",0.1,0.1,15,NA,NA,NA,NA,NA,NA,NA,NA,NA,NA
"1208","2025/10/22","FPICO1T08:12","1999/07/22",1,2,21,NA,"PICO","L","C",20.2,NA,NA,NA," overq2_all","","Yes","","","",NA,NA,NA,NA,NA,"2025/10/22","True",0.1,0.1,15,NA,NA,NA,NA,NA,NA,NA,NA,NA,NA
"1209","2025/10/22","FPICO1T08:12","1999/07/22",1,2,22,NA,"PICO","D","RS",43.8,NA,NA,NA," overq2_all","","Yes","","","",NA,NA,NA,NA,NA,"2025/10/22","True",0.1,0.1,15,NA,NA,NA,NA,NA,NA,NA,NA,NA,NA
"1210","2025/10/22","FPICO1T08:12","1999/07/22",1,2,23,NA,"PICO","L","C",27,NA,NA,NA," overq2_all","","Yes","FORK","","",NA,NA,NA,NA,NA,"2025/10/22","True",0.1,0.1,15,NA,NA,NA,NA,NA,NA,NA,NA,NA,NA
"1211","2025/10/22","FPICO1T08:12","1999/07/22",1,2,24,NA,"PICO","L","I",17.7,NA,NA,NA," overq2_all","","Yes","","","",NA,NA,NA,NA,NA,"2025/10/22","True",0.1,0.1,15,NA,NA,NA,NA,NA,NA,NA,NA,NA,NA
"1212","2025/10/22","FPICO1T08:12","1999/07/22",1,2,25,NA,"PICO","D","CS",27.2,NA,NA,NA," overq2_all","","Yes","","","",NA,NA,NA,NA,NA,"2025/10/22","True",0.1,0.1,15,NA,NA,NA,NA,NA,NA,NA,NA,NA,NA
"1213","2025/10/22","FPICO1T08:12","1999/07/22",1,2,26,NA,"PICO","L","D",52.6,NA,NA,NA," overq2_all","","Yes","CROK","WOND","",NA,NA,NA,NA,NA,"2025/10/22","True",0.1,0.1,15,NA,NA,NA,NA,NA,NA,NA,NA,NA,NA
"1214","2025/10/22","FPICO1T08:12","1999/07/22",1,2,27,NA,"PICO","L","D",45.6,NA,NA,NA," overq2_all","","Yes","FORK","","",NA,NA,NA,NA,NA,"2025/10/22","True",0.1,0.1,15,NA,NA,NA,NA,NA,NA,NA,NA,NA,NA
"1215","2025/10/22","FPICO1T08:12","1999/07/22",1,2,28,NA,"PICO","L","D",45.1,NA,NA,NA," overq2_all","","Yes","FORK","","",NA,NA,NA,NA,NA,"2025/10/22","True",0.1,0.1,15,NA,NA,NA,NA,NA,NA,NA,NA,NA,NA
"1216","2025/10/22","FPICO1T08:12","1999/11/10",1,1,1,NA,"PICO","L","X",14.7,10,NA,NA," poleq1_all","","Yes",NA,NA,NA,NA,NA,0,0,0,"2025/10/22","True",0.1,0.1,15,NA,NA,NA,NA,NA,NA,NA,NA,NA,NA
"1217","2025/10/22","FPICO1T08:12","1999/11/10",1,1,2,NA,"PICO","L","X",9,5,NA,NA," poleq1_all","","Yes",NA,NA,NA,NA,NA,0,0,0,"2025/10/22","True",0.1,0.1,15,NA,NA,NA,NA,NA,NA,NA,NA,NA,NA
"1218","2025/10/22","FPICO1T08:12","1999/11/10",1,1,3,NA,"PICO","L","X",3.2,3,NA,NA," poleq1_all","","Yes",NA,NA,NA,NA,NA,0,0,0,"2025/10/22","True",0.1,0.1,15,NA,NA,NA,NA,NA,NA,NA,NA,NA,NA
"1219","2025/10/22","FPICO1T08:12","1999/11/10",1,1,4,NA,"PICO","L","X",7.5,6,NA,NA," poleq1_all","","Yes",NA,NA,NA,NA,NA,0,0,0,"2025/10/22","True",0.1,0.1,15,NA,NA,NA,NA,NA,NA,NA,NA,NA,NA
"1220","2025/10/22","FPICO1T08:12","1999/11/10",1,1,5,NA,"PICO","L","X",6.6,4,NA,NA," poleq1_all","","Yes",NA,NA,NA,NA,NA,0,0,0,"2025/10/22","True",0.1,0.1,15,NA,NA,NA,NA,NA,NA,NA,NA,NA,NA
"1221","2025/10/22","FPICO1T08:12","1999/11/10",1,1,6,NA,"PICO","L","X",7.2,4,NA,NA," poleq1_all","","Yes",NA,NA,NA,NA,NA,0,0,0,"2025/10/22","True",0.1,0.1,15,NA,NA,NA,NA,NA,NA,NA,NA,NA,NA
"1222","2025/10/22","FPICO1T08:12","1999/11/10",1,1,7,NA,"PICO","L","X",12.4,10,NA,NA," poleq1_all","","Yes",NA,NA,NA,NA,NA,0,0,0,"2025/10/22","True",0.1,0.1,15,NA,NA,NA,NA,NA,NA,NA,NA,NA,NA
"1223","2025/10/22","FPICO1T08:12","1999/11/10",1,1,8,NA,"PICO","L","X",12.9,9,NA,NA," poleq1_all","","Yes",NA,NA,NA,NA,NA,0,0,0,"2025/10/22","True",0.1,0.1,15,NA,NA,NA,NA,NA,NA,NA,NA,NA,NA
"1224","2025/10/22","FPICO1T08:12","1999/11/10",1,2,10,NA,"PICO","L","X",2.6,2,NA,NA," poleq2_all","","Yes",NA,NA,NA,NA,NA,0,0,0,"2025/10/22","True",0.1,0.1,15,NA,NA,NA,NA,NA,NA,NA,NA,NA,NA
"1225","2025/10/22","FPICO1T08:12","1999/11/10",1,2,11,NA,"PICO","L","X",12.5,10,NA,NA," poleq2_all","","Yes",NA,NA,NA,NA,NA,0,0,0,"2025/10/22","True",0.1,0.1,15,NA,NA,NA,NA,NA,NA,NA,NA,NA,NA
"1226","2025/10/22","FPICO1T08:12","1999/11/10",1,2,12,NA,"PICO","L","X",6,5,NA,NA," poleq2_all","","Yes",NA,NA,NA,NA,NA,0,0,0,"2025/10/22","True",0.1,0.1,15,NA,NA,NA,NA,NA,NA,NA,NA,NA,NA
"1227","2025/10/22","FPICO1T08:12","1999/11/10",1,2,13,NA,"PICO","D","X",7.1,3,NA,NA," poleq2_all","","Yes",NA,NA,NA,NA,NA,0,0,0,"2025/10/22","True",0.1,0.1,15,NA,NA,NA,NA,NA,NA,NA,NA,NA,NA
"1228","2025/10/22","FPICO1T08:12","1999/11/10",1,2,14,NA,"PICO","D","X",3.7,4,NA,NA," poleq2_all","","Yes",NA,NA,NA,NA,NA,0,0,0,"2025/10/22","True",0.1,0.1,15,NA,NA,NA,NA,NA,NA,NA,NA,NA,NA
"1229","2025/10/22","FPICO1T08:12","1999/11/10",1,2,15,NA,"PICO","L","X",11.6,10,NA,NA," poleq2_all","","Yes",NA,NA,NA,NA,NA,0,0,0,"2025/10/22","True",0.1,0.1,15,NA,NA,NA,NA,NA,NA,NA,NA,NA,NA
"1230","2025/10/22","FPICO1T08:12","1999/11/10",1,2,16,NA,"PICO","L","X",5.6,6,NA,NA," poleq2_all","","Yes",NA,NA,NA,NA,NA,0,0,0,"2025/10/22","True",0.1,0.1,15,NA,NA,NA,NA,NA,NA,NA,NA,NA,NA
"1231","2025/10/22","FPICO1T08:12","1999/11/10",1,2,17,NA,"PICO","D","X",2.6,2,NA,NA," poleq2_all","","Yes",NA,NA,NA,NA,NA,0,0,0,"2025/10/22","True",0.1,0.1,15,NA,NA,NA,NA,NA,NA,NA,NA,NA,NA
"1232","2025/10/22","FPICO1T08:12","1999/11/10",1,2,18,NA,"PICO","L","X",6,4,NA,NA," poleq2_all","","Yes",NA,NA,NA,NA,NA,0,0,0,"2025/10/22","True",0.1,0.1,15,NA,NA,NA,NA,NA,NA,NA,NA,NA,NA
"1233","2025/10/22","FPICO1T08:12","1999/11/10",1,2,19,NA,"PICO","L","X",12,9,NA,NA," poleq2_all","","Yes",NA,NA,NA,NA,NA,0,0,0,"2025/10/22","True",0.1,0.1,15,NA,NA,NA,NA,NA,NA,NA,NA,NA,NA
"1234","2025/10/22","FPICO1T08:12","1999/11/10",1,2,20,NA,"PICO","D","X",11.2,9,NA,NA," poleq2_all","","Yes",NA,NA,NA,NA,NA,0,0,0,"2025/10/22","True",0.1,0.1,15,NA,NA,NA,NA,NA,NA,NA,NA,NA,NA
"1235","2025/10/22","FPICO1T08:12","1999/11/10",1,2,21,NA,"PICO","D","X",13.9,10,NA,NA," poleq2_all","","Yes",NA,NA,NA,NA,NA,0,0,0,"2025/10/22","True",0.1,0.1,15,NA,NA,NA,NA,NA,NA,NA,NA,NA,NA
"1236","2025/10/22","FPICO1T08:12","1999/11/10",1,2,22,NA,"PICO","D","X",3.7,3,NA,NA," poleq2_all","","Yes",NA,NA,NA,NA,NA,0,0,0,"2025/10/22","True",0.1,0.1,15,NA,NA,NA,NA,NA,NA,NA,NA,NA,NA
"1237","2025/10/22","FPICO1T08:12","1999/11/10",1,2,23,NA,"PICO","L","X",9.1,10,NA,NA," poleq2_all","","Yes",NA,NA,NA,NA,NA,0,0,0,"2025/10/22","True",0.1,0.1,15,NA,NA,NA,NA,NA,NA,NA,NA,NA,NA
"1238","2025/10/22","FPICO1T08:12","1999/11/10",1,2,24,NA,"PICO","L","X",14.7,10,NA,NA," poleq2_all","","Yes",NA,NA,NA,NA,NA,0,0,0,"2025/10/22","True",0.1,0.1,15,NA,NA,NA,NA,NA,NA,NA,NA,NA,NA
"1239","2025/10/22","FPICO1T08:12","1999/11/10",1,2,25,NA,"PICO","L","X",13.4,10,NA,NA," poleq2_all","","Yes",NA,NA,NA,NA,NA,0,0,0,"2025/10/22","True",0.1,0.1,15,NA,NA,NA,NA,NA,NA,NA,NA,NA,NA
"1240","2025/10/22","FPICO1T08:12","1999/11/10",1,2,26,NA,"PICO","L","X",6.4,7,NA,NA," poleq2_all","","Yes",NA,NA,NA,NA,NA,0,0,0,"2025/10/22","True",0.1,0.1,15,NA,NA,NA,NA,NA,NA,NA,NA,NA,NA
"1241","2025/10/22","FPICO1T08:12","1999/11/10",1,2,27,NA,"PICO","D","X",5.1,3,NA,NA," poleq2_all","","Yes",NA,NA,NA,NA,NA,0,0,0,"2025/10/22","True",0.1,0.1,15,NA,NA,NA,NA,NA,NA,NA,NA,NA,NA
"1242","2025/10/22","FPICO1T08:12","1999/11/10",1,2,28,NA,"PICO","L","X",5.5,5,NA,NA," poleq2_all","","Yes",NA,NA,NA,NA,NA,0,0,0,"2025/10/22","True",0.1,0.1,15,NA,NA,NA,NA,NA,NA,NA,NA,NA,NA
"1243","2025/10/22","FPICO1T08:12","1999/11/10",1,2,29,NA,"PICO","L","X",8.6,8,NA,NA," poleq2_all","","Yes",NA,NA,NA,NA,NA,0,0,0,"2025/10/22","True",0.1,0.1,15,NA,NA,NA,NA,NA,NA,NA,NA,NA,NA
"1244","2025/10/22","FPICO1T08:12","1999/11/10",1,2,30,NA,"PICO","L","X",8.9,8,NA,NA," poleq2_all","","Yes",NA,NA,NA,NA,NA,0,0,0,"2025/10/22","True",0.1,0.1,15,NA,NA,NA,NA,NA,NA,NA,NA,NA,NA
"1245","2025/10/22","FPICO1T08:12","1999/11/10",1,2,31,NA,"PICO","D","X",4.8,5,NA,NA," poleq2_all","","Yes",NA,NA,NA,NA,NA,0,0,0,"2025/10/22","True",0.1,0.1,15,NA,NA,NA,NA,NA,NA,NA,NA,NA,NA
"1246","2025/10/22","FPICO1T08:12","1999/11/10",1,2,32,NA,"PICO","L","X",7.6,6,NA,NA," poleq2_all","","Yes",NA,NA,NA,NA,NA,0,0,0,"2025/10/22","True",0.1,0.1,15,NA,NA,NA,NA,NA,NA,NA,NA,NA,NA
"1247","2025/10/22","FPICO1T08:12","1999/11/10",1,2,33,NA,"PICO","L","X",8.6,6,NA,NA," poleq2_all","","Yes",NA,NA,NA,NA,NA,0,0,0,"2025/10/22","True",0.1,0.1,15,NA,NA,NA,NA,NA,NA,NA,NA,NA,NA
"1248","2025/10/22","FPICO1T08:12","1999/11/10",1,2,34,NA,"PICO","L","X",7.3,5,NA,NA," poleq2_all","","Yes",NA,NA,NA,NA,NA,0,0,0,"2025/10/22","True",0.1,0.1,15,NA,NA,NA,NA,NA,NA,NA,NA,NA,NA
"1249","2025/10/22","FPICO1T08:12","1999/11/10",1,2,35,NA,"PICO","D","X",9.5,10,NA,NA," poleq2_all","","Yes",NA,NA,NA,NA,NA,0,0,0,"2025/10/22","True",0.1,0.1,15,NA,NA,NA,NA,NA,NA,NA,NA,NA,NA
"1250","2025/10/22","FPICO1T08:12","1999/11/10",1,2,36,NA,"PICO","L","X",5.6,4,NA,NA," poleq2_all","","Yes",NA,NA,NA,NA,NA,0,0,0,"2025/10/22","True",0.1,0.1,15,NA,NA,NA,NA,NA,NA,NA,NA,NA,NA
"1251","2025/10/22","FPICO1T08:12","1999/11/10",1,2,37,NA,"PICO","D","X",4.6,6,NA,NA," poleq2_all","","Yes",NA,NA,NA,NA,NA,0,0,0,"2025/10/22","True",0.1,0.1,15,NA,NA,NA,NA,NA,NA,NA,NA,NA,NA
"1252","2025/10/22","FPICO1T08:12","1999/11/10",1,1,1,NA,"PICO","L","X",NA,NA,NA,NA," overq1_all","","Yes",NA,NA,NA,NA,NA,0,0,0,"2025/10/22","True",0.1,0.1,15,NA,NA,NA,NA,NA,NA,NA,NA,NA,NA
"1253","2025/10/22","FPICO1T08:12","1999/11/10",1,1,2,NA,"PICO","L","X",NA,NA,NA,NA," overq1_all","","Yes",NA,NA,NA,NA,NA,0,0,0,"2025/10/22","True",0.1,0.1,15,NA,NA,NA,NA,NA,NA,NA,NA,NA,NA
"1254","2025/10/22","FPICO1T08:12","1999/11/10",1,1,3,NA,"PICO","D","X",NA,NA,NA,NA," overq1_all","","Yes",NA,NA,NA,NA,NA,0,0,0,"2025/10/22","True",0.1,0.1,15,NA,NA,NA,NA,NA,NA,NA,NA,NA,NA
"1255","2025/10/22","FPICO1T08:12","1999/11/10",1,1,4,NA,"PICO","L","X",NA,NA,NA,NA," overq1_all","","Yes",NA,NA,NA,NA,NA,0,0,0,"2025/10/22","True",0.1,0.1,15,NA,NA,NA,NA,NA,NA,NA,NA,NA,NA
"1256","2025/10/22","FPICO1T08:12","1999/11/10",1,1,5,NA,"PICO","D","X",NA,NA,NA,NA," overq1_all","","Yes",NA,NA,NA,NA,NA,0,0,0,"2025/10/22","True",0.1,0.1,15,NA,NA,NA,NA,NA,NA,NA,NA,NA,NA
"1257","2025/10/22","FPICO1T08:12","1999/11/10",1,1,6,NA,"PICO","L","X",NA,NA,NA,NA," overq1_all","","Yes",NA,NA,NA,NA,NA,0,0,0,"2025/10/22","True",0.1,0.1,15,NA,NA,NA,NA,NA,NA,NA,NA,NA,NA
"1258","2025/10/22","FPICO1T08:12","1999/11/10",1,1,7,NA,"ABLA","L","X",NA,NA,NA,NA," overq1_all","","Yes",NA,NA,NA,NA,NA,0,0,0,"2025/10/22","True",0.1,0.1,15,NA,NA,NA,NA,NA,NA,NA,NA,NA,NA
"1259","2025/10/22","FPICO1T08:12","1999/11/10",1,1,8,NA,"PICO","L","X",NA,NA,NA,NA," overq1_all","","Yes",NA,NA,NA,NA,NA,0,0,0,"2025/10/22","True",0.1,0.1,15,NA,NA,NA,NA,NA,NA,NA,NA,NA,NA
"1260","2025/10/22","FPICO1T08:12","1999/11/10",1,1,9,NA,"PICO","D","X",NA,NA,NA,NA," overq1_all","","Yes",NA,NA,NA,NA,NA,0,0,0,"2025/10/22","True",0.1,0.1,15,NA,NA,NA,NA,NA,NA,NA,NA,NA,NA
"1261","2025/10/22","FPICO1T08:12","1999/11/10",1,1,10,NA,"PICO","D","X",NA,NA,NA,NA," overq1_all","","Yes",NA,NA,NA,NA,NA,0,0,0,"2025/10/22","True",0.1,0.1,15,NA,NA,NA,NA,NA,NA,NA,NA,NA,NA
"1262","2025/10/22","FPICO1T08:12","1999/11/10",1,1,11,NA,"PIEN","L","X",NA,NA,NA,NA," overq1_all","","Yes",NA,NA,NA,NA,NA,0.2,1.3,0.01,"2025/10/22","True",0.1,0.1,15,NA,NA,NA,NA,NA,NA,NA,NA,NA,NA
"1263","2025/10/22","FPICO1T08:12","1999/11/10",1,1,12,NA,"PICO","L","X",NA,NA,NA,NA," overq1_all","","Yes",NA,NA,NA,NA,NA,0,0,0,"2025/10/22","True",0.1,0.1,15,NA,NA,NA,NA,NA,NA,NA,NA,NA,NA
"1264","2025/10/22","FPICO1T08:12","1999/11/10",1,1,13,NA,"PICO","L","X",NA,NA,NA,NA," overq1_all","","Yes",NA,NA,NA,NA,NA,0,0,0,"2025/10/22","True",0.1,0.1,15,NA,NA,NA,NA,NA,NA,NA,NA,NA,NA
"1265","2025/10/22","FPICO1T08:12","1999/11/10",1,2,14,NA,"PICO","L","X",NA,NA,NA,NA," overq2_all","","Yes",NA,NA,NA,NA,NA,0,0,0,"2025/10/22","True",0.1,0.1,15,NA,NA,NA,NA,NA,NA,NA,NA,NA,NA
"1266","2025/10/22","FPICO1T08:12","1999/11/10",1,2,15,NA,"PICO","L","X",NA,NA,NA,NA," overq2_all","","Yes",NA,NA,NA,NA,NA,0,0,0,"2025/10/22","True",0.1,0.1,15,NA,NA,NA,NA,NA,NA,NA,NA,NA,NA
"1267","2025/10/22","FPICO1T08:12","1999/11/10",1,2,16,NA,"PICO","L","X",NA,NA,NA,NA," overq2_all","","Yes",NA,NA,NA,NA,NA,0,0,0,"2025/10/22","True",0.1,0.1,15,NA,NA,NA,NA,NA,NA,NA,NA,NA,NA
"1268","2025/10/22","FPICO1T08:12","1999/11/10",1,2,17,NA,"PICO","D","X",NA,NA,NA,NA," overq2_all","","Yes",NA,NA,NA,NA,NA,0,0,0,"2025/10/22","True",0.1,0.1,15,NA,NA,NA,NA,NA,NA,NA,NA,NA,NA
"1269","2025/10/22","FPICO1T08:12","1999/11/10",1,2,18,NA,"PICO","L","X",NA,NA,NA,NA," overq2_all","","Yes",NA,NA,NA,NA,NA,0,0,0,"2025/10/22","True",0.1,0.1,15,NA,NA,NA,NA,NA,NA,NA,NA,NA,NA
"1270","2025/10/22","FPICO1T08:12","1999/11/10",1,2,19,NA,"PICO","L","X",NA,NA,NA,NA," overq2_all","","Yes",NA,NA,NA,NA,NA,0,0,0,"2025/10/22","True",0.1,0.1,15,NA,NA,NA,NA,NA,NA,NA,NA,NA,NA
"1271","2025/10/22","FPICO1T08:12","1999/11/10",1,2,20,NA,"PICO","D","X",NA,NA,NA,NA," overq2_all","","Yes",NA,NA,NA,NA,NA,0,0,0,"2025/10/22","True",0.1,0.1,15,NA,NA,NA,NA,NA,NA,NA,NA,NA,NA
"1272","2025/10/22","FPICO1T08:12","1999/11/10",1,2,21,NA,"PICO","L","X",NA,NA,NA,NA," overq2_all","","Yes",NA,NA,NA,NA,NA,0,0,0,"2025/10/22","True",0.1,0.1,15,NA,NA,NA,NA,NA,NA,NA,NA,NA,NA
"1273","2025/10/22","FPICO1T08:12","1999/11/10",1,2,22,NA,"PICO","D","X",NA,NA,NA,NA," overq2_all","","Yes",NA,NA,NA,NA,NA,0,0,0,"2025/10/22","True",0.1,0.1,15,NA,NA,NA,NA,NA,NA,NA,NA,NA,NA
"1274","2025/10/22","FPICO1T08:12","1999/11/10",1,2,23,NA,"PICO","L","X",NA,NA,NA,NA," overq2_all","","Yes",NA,NA,NA,NA,NA,0,0,0,"2025/10/22","True",0.1,0.1,15,NA,NA,NA,NA,NA,NA,NA,NA,NA,NA
"1275","2025/10/22","FPICO1T08:12","1999/11/10",1,2,24,NA,"PICO","L","X",NA,NA,NA,NA," overq2_all","","Yes",NA,NA,NA,NA,NA,0,0,0,"2025/10/22","True",0.1,0.1,15,NA,NA,NA,NA,NA,NA,NA,NA,NA,NA
"1276","2025/10/22","FPICO1T08:12","1999/11/10",1,2,25,NA,"PICO","D","X",NA,NA,NA,NA," overq2_all","","Yes",NA,NA,NA,NA,NA,0,0,0,"2025/10/22","True",0.1,0.1,15,NA,NA,NA,NA,NA,NA,NA,NA,NA,NA
"1277","2025/10/22","FPICO1T08:12","1999/11/10",1,2,26,NA,"PICO","L","X",NA,NA,NA,NA," overq2_all","","Yes",NA,NA,NA,NA,NA,0,0,0,"2025/10/22","True",0.1,0.1,15,NA,NA,NA,NA,NA,NA,NA,NA,NA,NA
"1278","2025/10/22","FPICO1T08:12","1999/11/10",1,2,27,NA,"PICO","L","X",NA,NA,NA,NA," overq2_all","","Yes",NA,NA,NA,NA,NA,0,0,0,"2025/10/22","True",0.1,0.1,15,NA,NA,NA,NA,NA,NA,NA,NA,NA,NA
"1279","2025/10/22","FPICO1T08:12","1999/11/10",1,2,28,NA,"PICO","L","X",NA,NA,NA,NA," overq2_all","","Yes",NA,NA,NA,NA,NA,0,0,0,"2025/10/22","True",0.1,0.1,15,NA,NA,NA,NA,NA,NA,NA,NA,NA,NA
"1280","2025/10/22","FPICO1T08:12","2000/08/16",1,1,1,NA,"PICO","L","X",14.8,10,NA,NA," poleq1_all","","Yes","","",NA,NA,NA,0,0,0,"2025/10/22","True",0.1,0.1,15,NA,NA,NA,NA,NA,NA,NA,NA,NA,NA
"1281","2025/10/22","FPICO1T08:12","2000/08/16",1,1,2,NA,"PICO","L","X",9.1,5,NA,NA," poleq1_all","","Yes","","",NA,NA,NA,0,0,0,"2025/10/22","True",0.1,0.1,15,NA,NA,NA,NA,NA,NA,NA,NA,NA,NA
"1282","2025/10/22","FPICO1T08:12","2000/08/16",1,1,3,NA,"PICO","L","X",3.3,3,NA,NA," poleq1_all","","Yes","","",NA,NA,NA,0,0,0,"2025/10/22","True",0.1,0.1,15,NA,NA,NA,NA,NA,NA,NA,NA,NA,NA
"1283","2025/10/22","FPICO1T08:12","2000/08/16",1,1,4,NA,"PICO","L","X",7.3,4,NA,NA," poleq1_all","","Yes","","",NA,NA,NA,0,0,0,"2025/10/22","True",0.1,0.1,15,NA,NA,NA,NA,NA,NA,NA,NA,NA,NA
"1284","2025/10/22","FPICO1T08:12","2000/08/16",1,1,5,NA,"PICO","L","X",6.6,4,NA,NA," poleq1_all","","Yes","","",NA,NA,NA,0,0,0,"2025/10/22","True",0.1,0.1,15,NA,NA,NA,NA,NA,NA,NA,NA,NA,NA
"1285","2025/10/22","FPICO1T08:12","2000/08/16",1,1,6,NA,"PICO","L","X",7.2,4,NA,NA," poleq1_all","","Yes","","",NA,NA,NA,0,0,0,"2025/10/22","True",0.1,0.1,15,NA,NA,NA,NA,NA,NA,NA,NA,NA,NA
"1286","2025/10/22","FPICO1T08:12","2000/08/16",1,1,7,NA,"PICO","L","X",12.5,10,NA,NA," poleq1_all","","Yes","","",NA,NA,NA,0,0,0,"2025/10/22","True",0.1,0.1,15,NA,NA,NA,NA,NA,NA,NA,NA,NA,NA
"1287","2025/10/22","FPICO1T08:12","2000/08/16",1,1,8,NA,"PICO","L","X",12.8,9,NA,NA," poleq1_all","","Yes","","",NA,NA,NA,0,0,0,"2025/10/22","True",0.1,0.1,15,NA,NA,NA,NA,NA,NA,NA,NA,NA,NA
"1288","2025/10/22","FPICO1T08:12","2000/08/16",1,2,10,NA,"PICO","L","X",2.7,2,NA,NA," poleq2_all","","Yes","","",NA,NA,NA,0,0,0,"2025/10/22","True",0.1,0.1,15,NA,NA,NA,NA,NA,NA,NA,NA,NA,NA
"1289","2025/10/22","FPICO1T08:12","2000/08/16",1,2,11,NA,"PICO","L","X",12.4,10,NA,NA," poleq2_all","","Yes","","",NA,NA,NA,0,0,0,"2025/10/22","True",0.1,0.1,15,NA,NA,NA,NA,NA,NA,NA,NA,NA,NA
"1290","2025/10/22","FPICO1T08:12","2000/08/16",1,2,12,NA,"PICO","L","X",5.9,5,NA,NA," poleq2_all","","Yes","","",NA,NA,NA,0,0,0,"2025/10/22","True",0.1,0.1,15,NA,NA,NA,NA,NA,NA,NA,NA,NA,NA
"1291","2025/10/22","FPICO1T08:12","2000/08/16",1,2,13,NA,"PICO","D","X",6.9,7,NA,NA," poleq2_all","","Yes","","",NA,NA,NA,0,0,0,"2025/10/22","True",0.1,0.1,15,NA,NA,NA,NA,NA,NA,NA,NA,NA,NA
"1292","2025/10/22","FPICO1T08:12","2000/08/16",1,2,14,NA,"PICO","D","X",3.7,4,NA,NA," poleq2_all","","Yes","","",NA,NA,NA,0,0,0,"2025/10/22","True",0.1,0.1,15,NA,NA,NA,NA,NA,NA,NA,NA,NA,NA
"1293","2025/10/22","FPICO1T08:12","2000/08/16",1,2,15,NA,"PICO","L","X",11.6,10,NA,NA," poleq2_all","","Yes","","",NA,NA,NA,0,0,0,"2025/10/22","True",0.1,0.1,15,NA,NA,NA,NA,NA,NA,NA,NA,NA,NA
"1294","2025/10/22","FPICO1T08:12","2000/08/16",1,2,16,NA,"PICO","L","X",5.8,4,NA,NA," poleq2_all","","Yes","","",NA,NA,NA,0,0,0,"2025/10/22","True",0.1,0.1,15,NA,NA,NA,NA,NA,NA,NA,NA,NA,NA
"1295","2025/10/22","FPICO1T08:12","2000/08/16",1,2,17,NA,"PICO","D","X",2.6,2,NA,NA," poleq2_all","","Yes","","",NA,NA,NA,0,0,0,"2025/10/22","True",0.1,0.1,15,NA,NA,NA,NA,NA,NA,NA,NA,NA,NA
"1296","2025/10/22","FPICO1T08:12","2000/08/16",1,2,18,NA,"PICO","L","X",6,3,NA,NA," poleq2_all","","Yes","","",NA,NA,NA,0,0,0,"2025/10/22","True",0.1,0.1,15,NA,NA,NA,NA,NA,NA,NA,NA,NA,NA
"1297","2025/10/22","FPICO1T08:12","2000/08/16",1,2,19,NA,"PICO","L","X",12,8,NA,NA," poleq2_all","","Yes","","",NA,NA,NA,0,0,0,"2025/10/22","True",0.1,0.1,15,NA,NA,NA,NA,NA,NA,NA,NA,NA,NA
"1298","2025/10/22","FPICO1T08:12","2000/08/16",1,2,20,NA,"PICO","D","X",11,9,NA,NA," poleq2_all","","Yes","","",NA,NA,NA,0,0,0,"2025/10/22","True",0.1,0.1,15,NA,NA,NA,NA,NA,NA,NA,NA,NA,NA
"1299","2025/10/22","FPICO1T08:12","2000/08/16",1,2,21,NA,"PICO","D","X",13.7,10,NA,NA," poleq2_all","","Yes","","",NA,NA,NA,0,0,0,"2025/10/22","True",0.1,0.1,15,NA,NA,NA,NA,NA,NA,NA,NA,NA,NA
"1300","2025/10/22","FPICO1T08:12","2000/08/16",1,2,22,NA,"PICO","D","X",3.7,3,NA,NA," poleq2_all","","Yes","","",NA,NA,NA,0,0,0,"2025/10/22","True",0.1,0.1,15,NA,NA,NA,NA,NA,NA,NA,NA,NA,NA
"1301","2025/10/22","FPICO1T08:12","2000/08/16",1,2,23,NA,"PICO","L","X",9,7,NA,NA," poleq2_all","","Yes","","",NA,NA,NA,0,0,0,"2025/10/22","True",0.1,0.1,15,NA,NA,NA,NA,NA,NA,NA,NA,NA,NA
"1302","2025/10/22","FPICO1T08:12","2000/08/16",1,2,24,NA,"PICO","L","X",14.5,10,NA,NA," poleq2_all","","Yes","","",NA,NA,NA,0,0,0,"2025/10/22","True",0.1,0.1,15,NA,NA,NA,NA,NA,NA,NA,NA,NA,NA
"1303","2025/10/22","FPICO1T08:12","2000/08/16",1,2,25,NA,"PICO","L","X",13.4,10,NA,NA," poleq2_all","","Yes","","",NA,NA,NA,0,0,0,"2025/10/22","True",0.1,0.1,15,NA,NA,NA,NA,NA,NA,NA,NA,NA,NA
"1304","2025/10/22","FPICO1T08:12","2000/08/16",1,2,26,NA,"PICO","L","X",6.2,7,NA,NA," poleq2_all","","Yes","","",NA,NA,NA,0,0,0,"2025/10/22","True",0.1,0.1,15,NA,NA,NA,NA,NA,NA,NA,NA,NA,NA
"1305","2025/10/22","FPICO1T08:12","2000/08/16",1,2,27,NA,"PICO","D","X",5,3,NA,NA," poleq2_all","","Yes","","",NA,NA,NA,0,0,0,"2025/10/22","True",0.1,0.1,15,NA,NA,NA,NA,NA,NA,NA,NA,NA,NA
"1306","2025/10/22","FPICO1T08:12","2000/08/16",1,2,28,NA,"PICO","L","X",5.5,4,NA,NA," poleq2_all","","Yes","","",NA,NA,NA,0,0,0,"2025/10/22","True",0.1,0.1,15,NA,NA,NA,NA,NA,NA,NA,NA,NA,NA
"1307","2025/10/22","FPICO1T08:12","2000/08/16",1,2,29,NA,"PICO","L","X",8.8,8,NA,NA," poleq2_all","","Yes","","",NA,NA,NA,0,0,0,"2025/10/22","True",0.1,0.1,15,NA,NA,NA,NA,NA,NA,NA,NA,NA,NA
"1308","2025/10/22","FPICO1T08:12","2000/08/16",1,2,30,NA,"PICO","L","X",8.8,7,NA,NA," poleq2_all","","Yes","","",NA,NA,NA,0,0,0,"2025/10/22","True",0.1,0.1,15,NA,NA,NA,NA,NA,NA,NA,NA,NA,NA
"1309","2025/10/22","FPICO1T08:12","2000/08/16",1,2,31,NA,"PICO","D","X",4.6,4,NA,NA," poleq2_all","","Yes","","",NA,NA,NA,0,0,0,"2025/10/22","True",0.1,0.1,15,NA,NA,NA,NA,NA,NA,NA,NA,NA,NA
"1310","2025/10/22","FPICO1T08:12","2000/08/16",1,2,32,NA,"PICO","L","X",7.5,6,NA,NA," poleq2_all","","Yes","","",NA,NA,NA,0,0,0,"2025/10/22","True",0.1,0.1,15,NA,NA,NA,NA,NA,NA,NA,NA,NA,NA
"1311","2025/10/22","FPICO1T08:12","2000/08/16",1,2,33,NA,"PICO","L","X",8.7,7,NA,NA," poleq2_all","","Yes","","",NA,NA,NA,0,0,0,"2025/10/22","True",0.1,0.1,15,NA,NA,NA,NA,NA,NA,NA,NA,NA,NA
"1312","2025/10/22","FPICO1T08:12","2000/08/16",1,2,34,NA,"PICO","L","X",7.3,5,NA,NA," poleq2_all","","Yes","","",NA,NA,NA,0,0,0,"2025/10/22","True",0.1,0.1,15,NA,NA,NA,NA,NA,NA,NA,NA,NA,NA
"1313","2025/10/22","FPICO1T08:12","2000/08/16",1,2,35,NA,"PICO","D","X",9.2,10,NA,NA," poleq2_all","","Yes","","",NA,NA,NA,0,0,0,"2025/10/22","True",0.1,0.1,15,NA,NA,NA,NA,NA,NA,NA,NA,NA,NA
"1314","2025/10/22","FPICO1T08:12","2000/08/16",1,2,36,NA,"PICO","L","X",5.6,4,NA,NA," poleq2_all","","Yes","","",NA,NA,NA,0,0,0,"2025/10/22","True",0.1,0.1,15,NA,NA,NA,NA,NA,NA,NA,NA,NA,NA
"1315","2025/10/22","FPICO1T08:12","2000/08/16",1,2,37,NA,"PICO","D","X",4.6,6,NA,NA," poleq2_all","","Yes","","",NA,NA,NA,0,0,0,"2025/10/22","True",0.1,0.1,15,NA,NA,NA,NA,NA,NA,NA,NA,NA,NA
"1316","2025/10/22","FPICO1T08:12","2000/08/16",1,1,1,NA,"PICO","L","C",24.5,NA,NA,NA," overq1_all","","Yes","","",NA,NA,NA,0,0,0,"2025/10/22","True",0.1,0.1,15,NA,NA,NA,NA,NA,NA,NA,NA,NA,NA
"1317","2025/10/22","FPICO1T08:12","2000/08/16",1,1,2,NA,"PICO","L","D",41.4,NA,NA,NA," overq1_all","","Yes","","",NA,NA,NA,0,0,0,"2025/10/22","True",0.1,0.1,15,NA,NA,NA,NA,NA,NA,NA,NA,NA,NA
"1318","2025/10/22","FPICO1T08:12","2000/08/16",1,1,3,NA,"PICO","D","RS",32.4,NA,NA,NA," overq1_all","","Yes","LIGT","",NA,NA,NA,0,0,0,"2025/10/22","True",0.1,0.1,15,NA,NA,NA,NA,NA,NA,NA,NA,NA,NA
"1319","2025/10/22","FPICO1T08:12","2000/08/16",1,1,4,NA,"PICO","L","C",25.7,NA,NA,NA," overq1_all","","Yes","","",NA,NA,NA,0,0,0,"2025/10/22","True",0.1,0.1,15,NA,NA,NA,NA,NA,NA,NA,NA,NA,NA
"1320","2025/10/22","FPICO1T08:12","2000/08/16",1,1,5,NA,"PICO","D","RS",24.7,NA,NA,NA," overq1_all","","Yes","LIGT","",NA,NA,NA,0,0,0,"2025/10/22","True",0.1,0.1,15,NA,NA,NA,NA,NA,NA,NA,NA,NA,NA
"1321","2025/10/22","FPICO1T08:12","2000/08/16",1,1,6,NA,"PICO","L","C",32.2,NA,NA,NA," overq1_all","","Yes","FIRE","",NA,NA,NA,0,0,0,"2025/10/22","True",0.1,0.1,15,NA,NA,NA,NA,NA,NA,NA,NA,NA,NA
"1322","2025/10/22","FPICO1T08:12","2000/08/16",1,1,7,NA,"ABLA","L","I",16.3,NA,NA,NA," overq1_all","","Yes","","",NA,NA,NA,0,0,0,"2025/10/22","True",0.1,0.1,15,NA,NA,NA,NA,NA,NA,NA,NA,NA,NA
"1323","2025/10/22","FPICO1T08:12","2000/08/16",1,1,8,NA,"PICO","L","D",40.1,NA,NA,NA," overq1_all","","Yes","FIRE","",NA,NA,NA,0,0,0,"2025/10/22","True",0.1,0.1,15,NA,NA,NA,NA,NA,NA,NA,NA,NA,NA
"1324","2025/10/22","FPICO1T08:12","2000/08/16",1,1,9,NA,"PICO","D","RS",38.5,NA,NA,NA," overq1_all","","Yes","TWIN","LIGT",NA,NA,NA,0,0,0,"2025/10/22","True",0.1,0.1,15,NA,NA,NA,NA,NA,NA,NA,NA,NA,NA
"1325","2025/10/22","FPICO1T08:12","2000/08/16",1,1,10,NA,"PICO","D","RS",17.5,NA,NA,NA," overq1_all","","Yes","TWIN","WOND",NA,NA,NA,0,0,0,"2025/10/22","True",0.1,0.1,15,NA,NA,NA,NA,NA,NA,NA,NA,NA,NA
"1326","2025/10/22","FPICO1T08:12","2000/08/16",1,1,11,NA,"PIEN","L","D",43.8,NA,NA,NA," overq1_all","","Yes","LEAN","",NA,NA,NA,0,0,0,"2025/10/22","True",0.1,0.1,15,NA,NA,NA,NA,NA,NA,NA,NA,NA,NA
"1327","2025/10/22","FPICO1T08:12","2000/08/16",1,1,12,NA,"PICO","L","C",29,NA,NA,NA," overq1_all","","Yes","MAMM","",NA,NA,NA,0,0,0,"2025/10/22","True",0.1,0.1,15,NA,NA,NA,NA,NA,NA,NA,NA,NA,NA
"1328","2025/10/22","FPICO1T08:12","2000/08/16",1,1,13,NA,"PICO","L","I",17.5,NA,NA,NA," overq1_all","","Yes","CROK","",NA,NA,NA,0,0,0,"2025/10/22","True",0.1,0.1,15,NA,NA,NA,NA,NA,NA,NA,NA,NA,NA
"1329","2025/10/22","FPICO1T08:12","2000/08/16",1,2,14,NA,"PICO","L","C",29,NA,NA,NA," overq2_all","","Yes","WOND","CROK",NA,NA,NA,0,0,0,"2025/10/22","True",0.1,0.1,15,NA,NA,NA,NA,NA,NA,NA,NA,NA,NA
"1330","2025/10/22","FPICO1T08:12","2000/08/16",1,2,15,NA,"PICO","L","C",29.7,NA,NA,NA," overq2_all","","Yes","FIRE","WOND",NA,NA,NA,0,0,0,"2025/10/22","True",0.1,0.1,15,NA,NA,NA,NA,NA,NA,NA,NA,NA,NA
"1331","2025/10/22","FPICO1T08:12","2000/08/16",1,2,16,NA,"PICO","L","C",27.8,NA,NA,NA," overq2_all","","Yes","CROK","",NA,NA,NA,0,0,0,"2025/10/22","True",0.1,0.1,15,NA,NA,NA,NA,NA,NA,NA,NA,NA,NA
"1332","2025/10/22","FPICO1T08:12","2000/08/16",1,2,17,NA,"PICO","D","CS",19.8,NA,NA,NA," overq2_all","","Yes","","",NA,NA,NA,0,0,0,"2025/10/22","True",0.1,0.1,15,NA,NA,NA,NA,NA,NA,NA,NA,NA,NA
"1333","2025/10/22","FPICO1T08:12","2000/08/16",1,2,18,NA,"PICO","L","C",33.3,NA,NA,NA," overq2_all","","Yes","WOND","CROK",NA,NA,NA,0,0,0,"2025/10/22","True",0.1,0.1,15,NA,NA,NA,NA,NA,NA,NA,NA,NA,NA
"1334","2025/10/22","FPICO1T08:12","2000/08/16",1,2,19,NA,"PICO","L","I",19.1,NA,NA,NA," overq2_all","","Yes","","",NA,NA,NA,0,0,0,"2025/10/22","True",0.1,0.1,15,NA,NA,NA,NA,NA,NA,NA,NA,NA,NA
"1335","2025/10/22","FPICO1T08:12","2000/08/16",1,2,20,NA,"PICO","D","CS",15.7,NA,NA,NA," overq2_all","","Yes","","",NA,NA,NA,0,0,0,"2025/10/22","True",0.1,0.1,15,NA,NA,NA,NA,NA,NA,NA,NA,NA,NA
"1336","2025/10/22","FPICO1T08:12","2000/08/16",1,2,21,NA,"PICO","L","I",20,NA,NA,NA," overq2_all","","Yes","","",NA,NA,NA,0,0,0,"2025/10/22","True",0.1,0.1,15,NA,NA,NA,NA,NA,NA,NA,NA,NA,NA
"1337","2025/10/22","FPICO1T08:12","2000/08/16",1,2,22,NA,"PICO","D","RS",43.9,NA,NA,NA," overq2_all","","Yes","WOND","",NA,NA,NA,0,0,0,"2025/10/22","True",0.1,0.1,15,NA,NA,NA,NA,NA,NA,NA,NA,NA,NA
"1338","2025/10/22","FPICO1T08:12","2000/08/16",1,2,23,NA,"PICO","L","C",27.2,NA,NA,NA," overq2_all","","Yes","","",NA,NA,NA,0,0,0,"2025/10/22","True",0.1,0.1,15,NA,NA,NA,NA,NA,NA,NA,NA,NA,NA
"1339","2025/10/22","FPICO1T08:12","2000/08/16",1,2,24,NA,"PICO","L","I",18,NA,NA,NA," overq2_all","","Yes","","",NA,NA,NA,0,0,0,"2025/10/22","True",0.1,0.1,15,NA,NA,NA,NA,NA,NA,NA,NA,NA,NA
"1340","2025/10/22","FPICO1T08:12","2000/08/16",1,2,25,NA,"PICO","D","CS",27.5,NA,NA,NA," overq2_all","","Yes","","",NA,NA,NA,0,0,0,"2025/10/22","True",0.1,0.1,15,NA,NA,NA,NA,NA,NA,NA,NA,NA,NA
"1341","2025/10/22","FPICO1T08:12","2000/08/16",1,2,26,NA,"PICO","L","D",52.6,NA,NA,NA," overq2_all","","Yes","CROK","",NA,NA,NA,0,0,0,"2025/10/22","True",0.1,0.1,15,NA,NA,NA,NA,NA,NA,NA,NA,NA,NA
"1342","2025/10/22","FPICO1T08:12","2000/08/16",1,2,27,NA,"PICO","L","D",45.5,NA,NA,NA," overq2_all","","Yes","","",NA,NA,NA,0,0,0,"2025/10/22","True",0.1,0.1,15,NA,NA,NA,NA,NA,NA,NA,NA,NA,NA
"1343","2025/10/22","FPICO1T08:12","2000/08/16",1,2,28,NA,"PICO","L","D",45.4,NA,NA,NA," overq2_all","","Yes","FORK","",NA,NA,NA,0,0,0,"2025/10/22","True",0.1,0.1,15,NA,NA,NA,NA,NA,NA,NA,NA,NA,NA
"1344","2025/10/22","FPICO1T08:12","2001/08/14",1,1,1,NA,"PICO","L","X",14.8,10,NA,NA," poleq1_all","","Yes","","","","",NA,0,0,0,"2025/10/22","True",0.1,0.1,15,NA,NA,NA,NA,NA,NA,NA,NA,NA,NA
"1345","2025/10/22","FPICO1T08:12","2001/08/14",1,1,2,NA,"PICO","L","X",9,5,NA,NA," poleq1_all","","Yes","","","","",NA,0,0,0,"2025/10/22","True",0.1,0.1,15,NA,NA,NA,NA,NA,NA,NA,NA,NA,NA
"1346","2025/10/22","FPICO1T08:12","2001/08/14",1,1,3,NA,"PICO","L","X",3.1,3,NA,NA," poleq1_all","","Yes","","","","",NA,0,0,0,"2025/10/22","True",0.1,0.1,15,NA,NA,NA,NA,NA,NA,NA,NA,NA,NA
"1347","2025/10/22","FPICO1T08:12","2001/08/14",1,1,4,NA,"PICO","L","X",7.4,4,NA,NA," poleq1_all","","Yes","","","","",NA,0,0,0,"2025/10/22","True",0.1,0.1,15,NA,NA,NA,NA,NA,NA,NA,NA,NA,NA
"1348","2025/10/22","FPICO1T08:12","2001/08/14",1,1,5,NA,"PICO","L","X",6.5,4,NA,NA," poleq1_all","","Yes","","","","",NA,0,0,0,"2025/10/22","True",0.1,0.1,15,NA,NA,NA,NA,NA,NA,NA,NA,NA,NA
"1349","2025/10/22","FPICO1T08:12","2001/08/14",1,1,6,NA,"PICO","L","X",7.5,4,NA,NA," poleq1_all","","Yes","","","","",NA,0,0,0,"2025/10/22","True",0.1,0.1,15,NA,NA,NA,NA,NA,NA,NA,NA,NA,NA
"1350","2025/10/22","FPICO1T08:12","2001/08/14",1,1,7,NA,"PICO","L","X",12.7,10,NA,NA," poleq1_all","","Yes","","","","",NA,0,0,0,"2025/10/22","True",0.1,0.1,15,NA,NA,NA,NA,NA,NA,NA,NA,NA,NA
"1351","2025/10/22","FPICO1T08:12","2001/08/14",1,1,8,NA,"PICO","L","X",12.9,9,NA,NA," poleq1_all","","Yes","","","","",NA,0,0,0,"2025/10/22","True",0.1,0.1,15,NA,NA,NA,NA,NA,NA,NA,NA,NA,NA
"1352","2025/10/22","FPICO1T08:12","2001/08/14",1,2,10,NA,"PICO","L","X",2.9,2,NA,NA," poleq2_all","","Yes","","","","",NA,0,0,0,"2025/10/22","True",0.1,0.1,15,NA,NA,NA,NA,NA,NA,NA,NA,NA,NA
"1353","2025/10/22","FPICO1T08:12","2001/08/14",1,2,11,NA,"PICO","L","X",12.7,10,NA,NA," poleq2_all","","Yes","","","","",NA,0,0,0,"2025/10/22","True",0.1,0.1,15,NA,NA,NA,NA,NA,NA,NA,NA,NA,NA
"1354","2025/10/22","FPICO1T08:12","2001/08/14",1,2,12,NA,"PICO","L","X",5.9,5,NA,NA," poleq2_all","","Yes","","","","",NA,0,0,0,"2025/10/22","True",0.1,0.1,15,NA,NA,NA,NA,NA,NA,NA,NA,NA,NA
"1355","2025/10/22","FPICO1T08:12","2001/08/14",1,2,13,NA,"PICO","L","X",6.9,7,NA,NA," poleq2_all","","Yes","","","","",NA,0,0,0,"2025/10/22","True",0.1,0.1,15,NA,NA,NA,NA,NA,NA,NA,NA,NA,NA
"1356","2025/10/22","FPICO1T08:12","2001/08/14",1,2,14,NA,"PICO","D","X",3.8,4,NA,NA," poleq2_all","","Yes","","","","",NA,0,0,0,"2025/10/22","True",0.1,0.1,15,NA,NA,NA,NA,NA,NA,NA,NA,NA,NA
"1357","2025/10/22","FPICO1T08:12","2001/08/14",1,2,15,NA,"PICO","L","X",11.7,10,NA,NA," poleq2_all","","Yes","","","","",NA,0,0,0,"2025/10/22","True",0.1,0.1,15,NA,NA,NA,NA,NA,NA,NA,NA,NA,NA
"1358","2025/10/22","FPICO1T08:12","2001/08/14",1,2,16,NA,"PICO","L","X",5.7,4,NA,NA," poleq2_all","","Yes","","","","",NA,0,0,0,"2025/10/22","True",0.1,0.1,15,NA,NA,NA,NA,NA,NA,NA,NA,NA,NA
"1359","2025/10/22","FPICO1T08:12","2001/08/14",1,2,17,NA,"PICO","L","X",2.7,2,NA,NA," poleq2_all","","Yes","","","","",NA,0,0,0,"2025/10/22","True",0.1,0.1,15,NA,NA,NA,NA,NA,NA,NA,NA,NA,NA
"1360","2025/10/22","FPICO1T08:12","2001/08/14",1,2,18,NA,"PICO","L","X",6,3,NA,NA," poleq2_all","","Yes","","","","",NA,0,0,0,"2025/10/22","True",0.1,0.1,15,NA,NA,NA,NA,NA,NA,NA,NA,NA,NA
"1361","2025/10/22","FPICO1T08:12","2001/08/14",1,2,19,NA,"PICO","L","X",12.3,8,NA,NA," poleq2_all","","Yes","","","","",NA,0,0,0,"2025/10/22","True",0.1,0.1,15,NA,NA,NA,NA,NA,NA,NA,NA,NA,NA
"1362","2025/10/22","FPICO1T08:12","2001/08/14",1,2,20,NA,"PICO","D","X",11.1,9,NA,NA," poleq2_all","","Yes","","","","",NA,0,0,0,"2025/10/22","True",0.1,0.1,15,NA,NA,NA,NA,NA,NA,NA,NA,NA,NA
"1363","2025/10/22","FPICO1T08:12","2001/08/14",1,2,21,NA,"PICO","D","X",13.8,10,NA,NA," poleq2_all","","Yes","","","","",NA,0,0,0,"2025/10/22","True",0.1,0.1,15,NA,NA,NA,NA,NA,NA,NA,NA,NA,NA
"1364","2025/10/22","FPICO1T08:12","2001/08/14",1,2,22,NA,"PICO","D","X",3.7,3,NA,NA," poleq2_all","","Yes","","","","",NA,0,0,0,"2025/10/22","True",0.1,0.1,15,NA,NA,NA,NA,NA,NA,NA,NA,NA,NA
"1365","2025/10/22","FPICO1T08:12","2001/08/14",1,2,23,NA,"PICO","L","X",9,7,NA,NA," poleq2_all","","Yes","","","","",NA,0,0,0,"2025/10/22","True",0.1,0.1,15,NA,NA,NA,NA,NA,NA,NA,NA,NA,NA
"1366","2025/10/22","FPICO1T08:12","2001/08/14",1,2,24,NA,"PICO","L","X",14.7,10,NA,NA," poleq2_all","","Yes","","","","",NA,0,0,0,"2025/10/22","True",0.1,0.1,15,NA,NA,NA,NA,NA,NA,NA,NA,NA,NA
"1367","2025/10/22","FPICO1T08:12","2001/08/14",1,2,25,NA,"PICO","L","X",13.5,10,NA,NA," poleq2_all","","Yes","","","","",NA,0,0,0,"2025/10/22","True",0.1,0.1,15,NA,NA,NA,NA,NA,NA,NA,NA,NA,NA
"1368","2025/10/22","FPICO1T08:12","2001/08/14",1,2,26,NA,"PICO","L","X",6.2,7,NA,NA," poleq2_all","","Yes","","","","",NA,0,0,0,"2025/10/22","True",0.1,0.1,15,NA,NA,NA,NA,NA,NA,NA,NA,NA,NA
"1369","2025/10/22","FPICO1T08:12","2001/08/14",1,2,27,NA,"PICO","D","X",5.1,3,NA,NA," poleq2_all","","Yes","","","","",NA,0,0,0,"2025/10/22","True",0.1,0.1,15,NA,NA,NA,NA,NA,NA,NA,NA,NA,NA
"1370","2025/10/22","FPICO1T08:12","2001/08/14",1,2,28,NA,"PICO","L","X",5.5,4,NA,NA," poleq2_all","","Yes","","","","",NA,0,0,0,"2025/10/22","True",0.1,0.1,15,NA,NA,NA,NA,NA,NA,NA,NA,NA,NA
"1371","2025/10/22","FPICO1T08:12","2001/08/14",1,2,29,NA,"PICO","L","X",8.8,8,NA,NA," poleq2_all","","Yes","","","","",NA,0,0,0,"2025/10/22","True",0.1,0.1,15,NA,NA,NA,NA,NA,NA,NA,NA,NA,NA
"1372","2025/10/22","FPICO1T08:12","2001/08/14",1,2,30,NA,"PICO","L","X",8.8,7,NA,NA," poleq2_all","","Yes","","","","",NA,0,0,0,"2025/10/22","True",0.1,0.1,15,NA,NA,NA,NA,NA,NA,NA,NA,NA,NA
"1373","2025/10/22","FPICO1T08:12","2001/08/14",1,2,31,NA,"PICO","D","X",4.6,4,NA,NA," poleq2_all","","Yes","","","","",NA,0,0,0,"2025/10/22","True",0.1,0.1,15,NA,NA,NA,NA,NA,NA,NA,NA,NA,NA
"1374","2025/10/22","FPICO1T08:12","2001/08/14",1,2,32,NA,"PICO","L","X",7.7,6,NA,NA," poleq2_all","","Yes","","","","",NA,0,0,0,"2025/10/22","True",0.1,0.1,15,NA,NA,NA,NA,NA,NA,NA,NA,NA,NA
"1375","2025/10/22","FPICO1T08:12","2001/08/14",1,2,33,NA,"PICO","L","X",8.7,7,NA,NA," poleq2_all","","Yes","","","","",NA,0,0,0,"2025/10/22","True",0.1,0.1,15,NA,NA,NA,NA,NA,NA,NA,NA,NA,NA
"1376","2025/10/22","FPICO1T08:12","2001/08/14",1,2,34,NA,"PICO","L","X",7.4,5,NA,NA," poleq2_all","","Yes","","","","",NA,0,0,0,"2025/10/22","True",0.1,0.1,15,NA,NA,NA,NA,NA,NA,NA,NA,NA,NA
"1377","2025/10/22","FPICO1T08:12","2001/08/14",1,2,35,NA,"PICO","D","X",9.2,10,NA,NA," poleq2_all","","Yes","","","","",NA,0,0,0,"2025/10/22","True",0.1,0.1,15,NA,NA,NA,NA,NA,NA,NA,NA,NA,NA
"1378","2025/10/22","FPICO1T08:12","2001/08/14",1,2,36,NA,"PICO","L","X",5.7,4,NA,NA," poleq2_all","","Yes","","","","",NA,0,0,0,"2025/10/22","True",0.1,0.1,15,NA,NA,NA,NA,NA,NA,NA,NA,NA,NA
"1379","2025/10/22","FPICO1T08:12","2001/08/14",1,2,37,NA,"PICO","D","X",4.7,6,NA,NA," poleq2_all","","Yes","","","","",NA,0,0,0,"2025/10/22","True",0.1,0.1,15,NA,NA,NA,NA,NA,NA,NA,NA,NA,NA
"1380","2025/10/22","FPICO1T08:12","2001/08/14",1,1,1,NA,"PICO","L","C",24.5,NA,NA,NA," overq1_all","","Yes","","","","",NA,0,0,0,"2025/10/22","True",0.1,0.1,15,NA,NA,NA,NA,NA,NA,NA,NA,NA,NA
"1381","2025/10/22","FPICO1T08:12","2001/08/14",1,1,2,NA,"PICO","L","D",41.4,NA,NA,NA," overq1_all","","Yes","","","","",NA,0,0,0,"2025/10/22","True",0.1,0.1,15,NA,NA,NA,NA,NA,NA,NA,NA,NA,NA
"1382","2025/10/22","FPICO1T08:12","2001/08/14",1,1,3,NA,"PICO","D","RS",32.2,NA,NA,NA," overq1_all","","Yes","LIGT","","","",NA,0,0,0,"2025/10/22","True",0.1,0.1,15,NA,NA,NA,NA,NA,NA,NA,NA,NA,NA
"1383","2025/10/22","FPICO1T08:12","2001/08/14",1,1,4,NA,"PICO","L","C",25.8,NA,NA,NA," overq1_all","","Yes","CROK","","","",NA,0,0,0,"2025/10/22","True",0.1,0.1,15,NA,NA,NA,NA,NA,NA,NA,NA,NA,NA
"1384","2025/10/22","FPICO1T08:12","2001/08/14",1,1,5,NA,"PICO","D","RS",24.8,NA,NA,NA," overq1_all","","Yes","LIGT","","","",NA,0,0,0,"2025/10/22","True",0.1,0.1,15,NA,NA,NA,NA,NA,NA,NA,NA,NA,NA
"1385","2025/10/22","FPICO1T08:12","2001/08/14",1,1,6,NA,"PICO","L","C",32.6,NA,NA,NA," overq1_all","","Yes","FIRE","","","",NA,0,0,0,"2025/10/22","True",0.1,0.1,15,NA,NA,NA,NA,NA,NA,NA,NA,NA,NA
"1386","2025/10/22","FPICO1T08:12","2001/08/14",1,1,7,NA,"ABLA","L","I",17.5,NA,NA,NA," overq1_all","","Yes","","","","",NA,0,0,0,"2025/10/22","True",0.1,0.1,15,NA,NA,NA,NA,NA,NA,NA,NA,NA,NA
"1387","2025/10/22","FPICO1T08:12","2001/08/14",1,1,8,NA,"PICO","L","D",40.2,NA,NA,NA," overq1_all","","Yes","FIRE","","","",NA,0,0,0,"2025/10/22","True",0.1,0.1,15,NA,NA,NA,NA,NA,NA,NA,NA,NA,NA
"1388","2025/10/22","FPICO1T08:12","2001/08/14",1,1,9,NA,"PICO","D","RS",38.7,NA,NA,NA," overq1_all","","Yes","TWIN","LIGT","INSE","",NA,0,0,0,"2025/10/22","True",0.1,0.1,15,NA,NA,NA,NA,NA,NA,NA,NA,NA,NA
"1389","2025/10/22","FPICO1T08:12","2001/08/14",1,1,10,NA,"PICO","D","RS",17.8,NA,NA,NA," overq1_all","","Yes","TWIN","WOND","","",NA,0,0,0,"2025/10/22","True",0.1,0.1,15,NA,NA,NA,NA,NA,NA,NA,NA,NA,NA
"1390","2025/10/22","FPICO1T08:12","2001/08/14",1,1,11,NA,"PIEN","L","D",43.6,NA,NA,NA," overq1_all","","Yes","LEAN","","","",NA,0,0,0,"2025/10/22","True",0.1,0.1,15,NA,NA,NA,NA,NA,NA,NA,NA,NA,NA
"1391","2025/10/22","FPICO1T08:12","2001/08/14",1,1,12,NA,"PICO","L","C",29.1,NA,NA,NA," overq1_all","","Yes","MAMM","WOND","","",NA,0,0,0,"2025/10/22","True",0.1,0.1,15,NA,NA,NA,NA,NA,NA,NA,NA,NA,NA
"1392","2025/10/22","FPICO1T08:12","2001/08/14",1,1,13,NA,"PICO","L","I",18,NA,NA,NA," overq1_all","","Yes","CROK","LEAN","","",NA,0,0,0,"2025/10/22","True",0.1,0.1,15,NA,NA,NA,NA,NA,NA,NA,NA,NA,NA
"1393","2025/10/22","FPICO1T08:12","2001/08/14",1,2,14,NA,"PICO","L","C",29.5,NA,NA,NA," overq2_all","","Yes","WOND","CROK","","",NA,0,0,0,"2025/10/22","True",0.1,0.1,15,NA,NA,NA,NA,NA,NA,NA,NA,NA,NA
"1394","2025/10/22","FPICO1T08:12","2001/08/14",1,2,15,NA,"PICO","L","C",30,NA,NA,NA," overq2_all","","Yes","LEAN","WOND","FIRE","",NA,0,0,0,"2025/10/22","True",0.1,0.1,15,NA,NA,NA,NA,NA,NA,NA,NA,NA,NA
"1395","2025/10/22","FPICO1T08:12","2001/08/14",1,2,16,NA,"PICO","L","C",27.6,NA,NA,NA," overq2_all","","Yes","CROK","SPAR","INSE","WOND",NA,0,0,0,"2025/10/22","True",0.1,0.1,15,NA,NA,NA,NA,NA,NA,NA,NA,NA,NA
"1396","2025/10/22","FPICO1T08:12","2001/08/14",1,2,17,NA,"PICO","D","CS",19.8,NA,NA,NA," overq2_all","","Yes","","","","",NA,0,0,0,"2025/10/22","True",0.1,0.1,15,NA,NA,NA,NA,NA,NA,NA,NA,NA,NA
"1397","2025/10/22","FPICO1T08:12","2001/08/14",1,2,18,NA,"PICO","L","C",33.4,NA,NA,NA," overq2_all","","Yes","CROK","GALL","WOND","",NA,0,0,0,"2025/10/22","True",0.1,0.1,15,NA,NA,NA,NA,NA,NA,NA,NA,NA,NA
"1398","2025/10/22","FPICO1T08:12","2001/08/14",1,2,19,NA,"PICO","L","I",19.5,NA,NA,NA," overq2_all","","Yes","CROK","","","",NA,0,0,0,"2025/10/22","True",0.1,0.1,15,NA,NA,NA,NA,NA,NA,NA,NA,NA,NA
"1399","2025/10/22","FPICO1T08:12","2001/08/14",1,2,20,NA,"PICO","D","CS",15.7,NA,NA,NA," overq2_all","","Yes","","","","",NA,0,0,0,"2025/10/22","True",0.1,0.1,15,NA,NA,NA,NA,NA,NA,NA,NA,NA,NA
"1400","2025/10/22","FPICO1T08:12","2001/08/14",1,2,21,NA,"PICO","L","I",20.2,NA,NA,NA," overq2_all","","Yes","CROK","","","",NA,0,0,0,"2025/10/22","True",0.1,0.1,15,NA,NA,NA,NA,NA,NA,NA,NA,NA,NA
"1401","2025/10/22","FPICO1T08:12","2001/08/14",1,2,22,NA,"PICO","D","RS",43.9,NA,NA,NA," overq2_all","","Yes","WOND","","","",NA,0,0,0,"2025/10/22","True",0.1,0.1,15,NA,NA,NA,NA,NA,NA,NA,NA,NA,NA
"1402","2025/10/22","FPICO1T08:12","2001/08/14",1,2,23,NA,"PICO","L","C",27.5,NA,NA,NA," overq2_all","","Yes","","","","",NA,0,0,0,"2025/10/22","True",0.1,0.1,15,NA,NA,NA,NA,NA,NA,NA,NA,NA,NA
"1403","2025/10/22","FPICO1T08:12","2001/08/14",1,2,24,NA,"PICO","L","I",18.3,NA,NA,NA," overq2_all","","Yes","CROK","","","",NA,0,0,0,"2025/10/22","True",0.1,0.1,15,NA,NA,NA,NA,NA,NA,NA,NA,NA,NA
"1404","2025/10/22","FPICO1T08:12","2001/08/14",1,2,25,NA,"PICO","D","CS",27.6,NA,NA,NA," overq2_all","","Yes","","","","",NA,0,0,0,"2025/10/22","True",0.1,0.1,15,NA,NA,NA,NA,NA,NA,NA,NA,NA,NA
"1405","2025/10/22","FPICO1T08:12","2001/08/14",1,2,26,NA,"PICO","L","D",52.7,NA,NA,NA," overq2_all","","Yes","LEAN","INSE","","",NA,0,0,0,"2025/10/22","True",0.1,0.1,15,NA,NA,NA,NA,NA,NA,NA,NA,NA,NA
"1406","2025/10/22","FPICO1T08:12","2001/08/14",1,2,27,NA,"PICO","L","D",45.7,NA,NA,NA," overq2_all","","Yes","INSE","","","",NA,0,0,0,"2025/10/22","True",0.1,0.1,15,NA,NA,NA,NA,NA,NA,NA,NA,NA,NA
"1407","2025/10/22","FPICO1T08:12","2001/08/14",1,2,28,NA,"PICO","L","D",45.5,NA,NA,NA," overq2_all","","Yes","FIRE","LEAN","FORK","",NA,0,0,0,"2025/10/22","True",0.1,0.1,15,NA,NA,NA,NA,NA,NA,NA,NA,NA,NA
"1408","2025/10/22","FPICO1T08:13","2001/09/12",1,1,1,NA,"PIEN","L","X",7,5,NA,NA," poleq1_all","","Yes","","","","",NA,NA,NA,NA,"2025/10/22","True",0.1,0.1,15,NA,NA,NA,NA,NA,NA,NA,NA,NA,NA
"1409","2025/10/22","FPICO1T08:13","2001/09/12",1,1,2,NA,"PIEN","D","X",5.1,2,NA,NA," poleq1_all","","Yes","","","","",NA,NA,NA,NA,"2025/10/22","True",0.1,0.1,15,NA,NA,NA,NA,NA,NA,NA,NA,NA,NA
"1410","2025/10/22","FPICO1T08:13","2001/09/12",1,1,3,NA,"PIEN","L","X",2.6,3,NA,NA," poleq1_all","","Yes","","","","",NA,NA,NA,NA,"2025/10/22","True",0.1,0.1,15,NA,NA,NA,NA,NA,NA,NA,NA,NA,NA
"1411","2025/10/22","FPICO1T08:13","2001/09/12",1,1,4,NA,"PICO","L","X",10,10,NA,NA," poleq1_all","","Yes","","","","",NA,NA,NA,NA,"2025/10/22","True",0.1,0.1,15,NA,NA,NA,NA,NA,NA,NA,NA,NA,NA
"1412","2025/10/22","FPICO1T08:13","2001/09/12",1,1,5,NA,"PIEN","L","X",11.6,10,NA,NA," poleq1_all","","Yes","","","","",NA,NA,NA,NA,"2025/10/22","True",0.1,0.1,15,NA,NA,NA,NA,NA,NA,NA,NA,NA,NA
"1413","2025/10/22","FPICO1T08:13","2001/09/12",1,1,6,NA,"PIEN","L","X",10.2,9,NA,NA," poleq1_all","","Yes","","","","",NA,NA,NA,NA,"2025/10/22","True",0.1,0.1,15,NA,NA,NA,NA,NA,NA,NA,NA,NA,NA
"1414","2025/10/22","FPICO1T08:13","2001/09/12",1,1,7,NA,"PIEN","L","X",13.5,10,NA,NA," poleq1_all","","Yes","","","","",NA,NA,NA,NA,"2025/10/22","True",0.1,0.1,15,NA,NA,NA,NA,NA,NA,NA,NA,NA,NA
"1415","2025/10/22","FPICO1T08:13","2001/09/12",1,1,8,NA,"PICO","L","X",14.7,10,NA,NA," poleq1_all","","Yes","","","","",NA,NA,NA,NA,"2025/10/22","True",0.1,0.1,15,NA,NA,NA,NA,NA,NA,NA,NA,NA,NA
"1416","2025/10/22","FPICO1T08:13","2001/09/12",1,2,10,NA,"PIEN","L","X",13.1,10,NA,NA," poleq2_all","","Yes","","","","",NA,NA,NA,NA,"2025/10/22","True",0.1,0.1,15,NA,NA,NA,NA,NA,NA,NA,NA,NA,NA
"1417","2025/10/22","FPICO1T08:13","2001/09/12",1,1,1,NA,"PICO","L","C",23.4,NA,NA,NA," overq1_all","","Yes","WOND","LEAN","MAMM","",NA,NA,NA,NA,"2025/10/22","True",0.1,0.1,15,NA,NA,NA,NA,NA,NA,NA,NA,NA,NA
"1418","2025/10/22","FPICO1T08:13","2001/09/12",1,1,2,NA,"PICO","L","C",27.1,NA,NA,NA," overq1_all","","Yes","WOND","CROK","","",NA,NA,NA,NA,"2025/10/22","True",0.1,0.1,15,NA,NA,NA,NA,NA,NA,NA,NA,NA,NA
"1419","2025/10/22","FPICO1T08:13","2001/09/12",1,1,3,NA,"PICO","L","C",18.2,NA,NA,NA," overq1_all","","Yes","WOND","LEAN","SPAR","",NA,NA,NA,NA,"2025/10/22","True",0.1,0.1,15,NA,NA,NA,NA,NA,NA,NA,NA,NA,NA
"1420","2025/10/22","FPICO1T08:13","2001/09/12",1,1,4,NA,"PICO","L","I",19.2,NA,NA,NA," overq1_all","","Yes","WOND","LEAN","SPAR","",NA,NA,NA,NA,"2025/10/22","True",0.1,0.1,15,NA,NA,NA,NA,NA,NA,NA,NA,NA,NA
"1421","2025/10/22","FPICO1T08:13","2001/09/12",1,1,5,NA,"PICO","L","C",18.6,NA,NA,NA," overq1_all","","Yes","WOND","LEAN","","",NA,NA,NA,NA,"2025/10/22","True",0.1,0.1,15,NA,NA,NA,NA,NA,NA,NA,NA,NA,NA
"1422","2025/10/22","FPICO1T08:13","2001/09/12",1,1,6,NA,"PICO","L","I",17.9,NA,NA,NA," overq1_all","","Yes","WOND","LEAN","SPAR","",NA,NA,NA,NA,"2025/10/22","True",0.1,0.1,15,NA,NA,NA,NA,NA,NA,NA,NA,NA,NA
"1423","2025/10/22","FPICO1T08:13","2001/09/12",1,1,7,NA,"PICO","L","I",22.1,NA,NA,NA," overq1_all","","Yes","CROK","","","",NA,NA,NA,NA,"2025/10/22","True",0.1,0.1,15,NA,NA,NA,NA,NA,NA,NA,NA,NA,NA
"1424","2025/10/22","FPICO1T08:13","2001/09/12",1,1,8,NA,"PICO","L","I",17.8,NA,NA,NA," overq1_all","","Yes","WOND","LEAN","SPAR","",NA,NA,NA,NA,"2025/10/22","True",0.1,0.1,15,NA,NA,NA,NA,NA,NA,NA,NA,NA,NA
"1425","2025/10/22","FPICO1T08:13","2001/09/12",1,1,9,NA,"PICO","L","C",23.3,NA,NA,NA," overq1_all","","Yes","LIGT","LEAN","","",NA,NA,NA,NA,"2025/10/22","True",0.1,0.1,15,NA,NA,NA,NA,NA,NA,NA,NA,NA,NA
"1426","2025/10/22","FPICO1T08:13","2001/09/12",1,1,10,NA,"PICO","D","LBS",15.6,NA,NA,NA," overq1_all","","Yes","","","","",NA,NA,NA,NA,"2025/10/22","True",0.1,0.1,15,NA,NA,NA,NA,NA,NA,NA,NA,NA,NA
"1427","2025/10/22","FPICO1T08:13","2001/09/12",1,1,11,NA,"PICO","L","I",17.7,NA,NA,NA," overq1_all","","Yes","FORK","","","",NA,NA,NA,NA,"2025/10/22","True",0.1,0.1,15,NA,NA,NA,NA,NA,NA,NA,NA,NA,NA
"1428","2025/10/22","FPICO1T08:13","2001/09/12",1,1,12,NA,"PIEN","L","I",17.4,NA,NA,NA," overq1_all","","Yes","","","","",NA,NA,NA,NA,"2025/10/22","True",0.1,0.1,15,NA,NA,NA,NA,NA,NA,NA,NA,NA,NA
"1429","2025/10/22","FPICO1T08:13","2001/09/12",1,1,13,NA,"PICO","L","I",17.3,NA,NA,NA," overq1_all","","Yes","WOND","LEAN","","",NA,NA,NA,NA,"2025/10/22","True",0.1,0.1,15,NA,NA,NA,NA,NA,NA,NA,NA,NA,NA
"1430","2025/10/22","FPICO1T08:13","2001/09/12",1,1,14,NA,"PICO","L","C",31.2,NA,NA,NA," overq1_all","","Yes","","","","",NA,NA,NA,NA,"2025/10/22","True",0.1,0.1,15,NA,NA,NA,NA,NA,NA,NA,NA,NA,NA
"1431","2025/10/22","FPICO1T08:13","2001/09/12",1,1,15,NA,"PICO","L","C",30.4,NA,NA,NA," overq1_all","","Yes","LEAN","","","",NA,NA,NA,NA,"2025/10/22","True",0.1,0.1,15,NA,NA,NA,NA,NA,NA,NA,NA,NA,NA
"1432","2025/10/22","FPICO1T08:13","2001/09/12",1,1,17,NA,"PICO","L","C",31.3,NA,NA,NA," overq1_all","","Yes","CROK","","","",NA,NA,NA,NA,"2025/10/22","True",0.1,0.1,15,NA,NA,NA,NA,NA,NA,NA,NA,NA,NA
"1433","2025/10/22","FPICO1T08:13","2001/09/12",1,1,18,NA,"PICO","L","I",22.1,NA,NA,NA," overq1_all","","Yes","","","","",NA,NA,NA,NA,"2025/10/22","True",0.1,0.1,15,NA,NA,NA,NA,NA,NA,NA,NA,NA,NA
"1434","2025/10/22","FPICO1T08:13","2001/09/12",1,1,19,NA,"PICO","L","I",16.9,NA,NA,NA," overq1_all","","Yes","WOND","LEAN","","",NA,NA,NA,NA,"2025/10/22","True",0.1,0.1,15,NA,NA,NA,NA,NA,NA,NA,NA,NA,NA
"1435","2025/10/22","FPICO1T08:13","2001/09/12",1,1,20,NA,"PIEN","L","SC",15.6,NA,NA,NA," overq1_all","","Yes","","","","",NA,NA,NA,NA,"2025/10/22","True",0.1,0.1,15,NA,NA,NA,NA,NA,NA,NA,NA,NA,NA
"1436","2025/10/22","FPICO1T08:13","2001/09/12",1,1,21,NA,"PICO","L","I",18.4,NA,NA,NA," overq1_all","","Yes","WOND","LEAN","CROK","SPAR",NA,NA,NA,NA,"2025/10/22","True",0.1,0.1,15,NA,NA,NA,NA,NA,NA,NA,NA,NA,NA
"1437","2025/10/22","FPICO1T08:13","2001/09/12",1,2,22,NA,"PICO","L","C",26.3,NA,NA,NA," overq2_all","","Yes","LEAN","WOND","","",NA,NA,NA,NA,"2025/10/22","True",0.1,0.1,15,NA,NA,NA,NA,NA,NA,NA,NA,NA,NA
"1438","2025/10/22","FPICO1T08:13","2001/09/12",1,2,23,NA,"PICO","L","I",26.3,NA,NA,NA," overq2_all","","Yes","LEAN","","","",NA,NA,NA,NA,"2025/10/22","True",0.1,0.1,15,NA,NA,NA,NA,NA,NA,NA,NA,NA,NA
"1439","2025/10/22","FPICO1T08:13","2001/09/12",1,2,24,NA,"PICO","L","C",25.5,NA,NA,NA," overq2_all","","Yes","WOND","CROK","LEAN","",NA,NA,NA,NA,"2025/10/22","True",0.1,0.1,15,NA,NA,NA,NA,NA,NA,NA,NA,NA,NA
"1440","2025/10/22","FPICO1T08:13","2001/09/12",1,2,25,NA,"PICO","L","C",26.3,NA,NA,NA," overq2_all","","Yes","LEAN","","","",NA,NA,NA,NA,"2025/10/22","True",0.1,0.1,15,NA,NA,NA,NA,NA,NA,NA,NA,NA,NA
"1441","2025/10/22","FPICO1T08:13","2001/09/12",1,2,26,NA,"PICO","L","C",25.5,NA,NA,NA," overq2_all","","Yes","LEAN","","","",NA,NA,NA,NA,"2025/10/22","True",0.1,0.1,15,NA,NA,NA,NA,NA,NA,NA,NA,NA,NA
"1442","2025/10/22","FPICO1T08:13","2001/09/12",1,2,27,NA,"PICO","L","C",21.3,NA,NA,NA," overq2_all","","Yes","LEAN","","","",NA,NA,NA,NA,"2025/10/22","True",0.1,0.1,15,NA,NA,NA,NA,NA,NA,NA,NA,NA,NA
"1443","2025/10/22","FPICO1T08:13","2001/09/12",1,2,28,NA,"PICO","L","D",31.4,NA,NA,NA," overq2_all","","Yes","BURL","","","",NA,NA,NA,NA,"2025/10/22","True",0.1,0.1,15,NA,NA,NA,NA,NA,NA,NA,NA,NA,NA
"1444","2025/10/22","FPICO1T08:13","2001/09/12",1,2,29,NA,"PIEN","L","I",21.1,NA,NA,NA," overq2_all","","Yes","","","","",NA,NA,NA,NA,"2025/10/22","True",0.1,0.1,15,NA,NA,NA,NA,NA,NA,NA,NA,NA,NA
"1445","2025/10/22","FPICO1T08:13","2001/09/12",1,2,30,NA,"PIEN","L","SC",18.9,NA,NA,NA," overq2_all","","Yes","LEAN","","","",NA,NA,NA,NA,"2025/10/22","True",0.1,0.1,15,NA,NA,NA,NA,NA,NA,NA,NA,NA,NA
"1446","2025/10/22","FPICO1T08:13","2001/09/12",1,2,31,NA,"PICO","L","C",25.7,NA,NA,NA," overq2_all","","Yes","","","","",NA,NA,NA,NA,"2025/10/22","True",0.1,0.1,15,NA,NA,NA,NA,NA,NA,NA,NA,NA,NA
"1447","2025/10/22","FPICO1T08:13","2001/09/12",1,2,32,NA,"PICO","L","C",20.7,NA,NA,NA," overq2_all","","Yes","CROK","","","",NA,NA,NA,NA,"2025/10/22","True",0.1,0.1,15,NA,NA,NA,NA,NA,NA,NA,NA,NA,NA
"1448","2025/10/22","FPICO1T08:13","2001/09/12",1,2,33,NA,"PIEN","L","SC",19.3,NA,NA,NA," overq2_all","","Yes","","","","",NA,NA,NA,NA,"2025/10/22","True",0.1,0.1,15,NA,NA,NA,NA,NA,NA,NA,NA,NA,NA
"1449","2025/10/22","FPICO1T08:13","2001/09/12",1,2,34,NA,"PICO","L","C",20,NA,NA,NA," overq2_all","","Yes","","","","",NA,NA,NA,NA,"2025/10/22","True",0.1,0.1,15,NA,NA,NA,NA,NA,NA,NA,NA,NA,NA
"1450","2025/10/22","FPICO1T08:13","2001/09/12",1,2,35,NA,"PIEN","L","I",23.4,NA,NA,NA," overq2_all","","Yes","","","","",NA,NA,NA,NA,"2025/10/22","True",0.1,0.1,15,NA,NA,NA,NA,NA,NA,NA,NA,NA,NA
"1451","2025/10/22","FPICO1T08:13","2001/09/12",1,2,36,NA,"PICO","D","LBS",18.9,NA,NA,NA," overq2_all","","Yes","","","","",NA,NA,NA,NA,"2025/10/22","True",0.1,0.1,15,NA,NA,NA,NA,NA,NA,NA,NA,NA,NA
"1452","2025/10/22","FPICO1T08:13","2001/09/12",1,2,37,NA,"PICO","L","C",24.6,NA,NA,NA," overq2_all","","Yes","WOND","","","",NA,NA,NA,NA,"2025/10/22","True",0.1,0.1,15,NA,NA,NA,NA,NA,NA,NA,NA,NA,NA
"1453","2025/10/22","FPICO1T08:13","2001/09/12",1,2,38,NA,"PICO","L","I",24.9,NA,NA,NA," overq2_all","","Yes","","","","",NA,NA,NA,NA,"2025/10/22","True",0.1,0.1,15,NA,NA,NA,NA,NA,NA,NA,NA,NA,NA
"1454","2025/10/22","FPICO1T08:13","2001/09/12",1,2,39,NA,"PICO","L","I",23.2,NA,NA,NA," overq2_all","","Yes","FORK","","","",NA,NA,NA,NA,"2025/10/22","True",0.1,0.1,15,NA,NA,NA,NA,NA,NA,NA,NA,NA,NA
"1455","2025/10/22","FPICO1T08:13","2001/09/12",1,2,40,NA,"PIEN","L","SC",20.2,NA,NA,NA," overq2_all","","Yes","","","","",NA,NA,NA,NA,"2025/10/22","True",0.1,0.1,15,NA,NA,NA,NA,NA,NA,NA,NA,NA,NA
"1456","2025/10/22","FPICO1T08:13","2001/09/12",1,2,41,NA,"PICO","L","C",28.2,NA,NA,NA," overq2_all","","Yes","","","","",NA,NA,NA,NA,"2025/10/22","True",0.1,0.1,15,NA,NA,NA,NA,NA,NA,NA,NA,NA,NA
"1457","2025/10/22","FPICO1T08:14","1999/09/14",1,1,1,NA,"PICO","D","X",6.4,10,NA,NA," poleq1_all","","Yes","","",NA,NA,NA,NA,NA,NA,"2025/10/22","True",0.1,0.1,15,NA,NA,NA,NA,NA,NA,NA,NA,NA,NA
"1458","2025/10/22","FPICO1T08:14","1999/09/14",1,1,2,NA,"PICO","L","X",7.8,10,NA,NA," poleq1_all","","Yes","","",NA,NA,NA,NA,NA,NA,"2025/10/22","True",0.1,0.1,15,NA,NA,NA,NA,NA,NA,NA,NA,NA,NA
"1459","2025/10/22","FPICO1T08:14","1999/09/14",1,1,3,NA,"PICO","D","X",9.5,10,NA,NA," poleq1_all","","Yes","","",NA,NA,NA,NA,NA,NA,"2025/10/22","True",0.1,0.1,15,NA,NA,NA,NA,NA,NA,NA,NA,NA,NA
"1460","2025/10/22","FPICO1T08:14","1999/09/14",1,1,4,NA,"PICO","L","X",11.4,10,NA,NA," poleq1_all","","Yes","","",NA,NA,NA,NA,NA,NA,"2025/10/22","True",0.1,0.1,15,NA,NA,NA,NA,NA,NA,NA,NA,NA,NA
"1461","2025/10/22","FPICO1T08:14","1999/09/14",1,1,5,NA,"PICO","L","X",6.6,10,NA,NA," poleq1_all","","Yes","","",NA,NA,NA,NA,NA,NA,"2025/10/22","True",0.1,0.1,15,NA,NA,NA,NA,NA,NA,NA,NA,NA,NA
"1462","2025/10/22","FPICO1T08:14","1999/09/14",1,1,6,NA,"PICO","D","X",9.2,10,NA,NA," poleq1_all","","Yes","","",NA,NA,NA,NA,NA,NA,"2025/10/22","True",0.1,0.1,15,NA,NA,NA,NA,NA,NA,NA,NA,NA,NA
"1463","2025/10/22","FPICO1T08:14","1999/09/14",1,1,7,NA,"PICO","L","X",14.3,10,NA,NA," poleq1_all","","Yes","","",NA,NA,NA,NA,NA,NA,"2025/10/22","True",0.1,0.1,15,NA,NA,NA,NA,NA,NA,NA,NA,NA,NA
"1464","2025/10/22","FPICO1T08:14","1999/09/14",1,1,8,NA,"PICO","D","X",6.4,10,NA,NA," poleq1_all","","Yes","","",NA,NA,NA,NA,NA,NA,"2025/10/22","True",0.1,0.1,15,NA,NA,NA,NA,NA,NA,NA,NA,NA,NA
"1465","2025/10/22","FPICO1T08:14","1999/09/14",1,1,9,NA,"PICO","L","X",12.1,10,NA,NA," poleq1_all","","Yes","","",NA,NA,NA,NA,NA,NA,"2025/10/22","True",0.1,0.1,15,NA,NA,NA,NA,NA,NA,NA,NA,NA,NA
"1466","2025/10/22","FPICO1T08:14","1999/09/14",1,1,10,NA,"PICO","L","X",8.4,8,NA,NA," poleq1_all","","Yes","","",NA,NA,NA,NA,NA,NA,"2025/10/22","True",0.1,0.1,15,NA,NA,NA,NA,NA,NA,NA,NA,NA,NA
"1467","2025/10/22","FPICO1T08:14","1999/09/14",1,1,11,NA,"PICO","D","X",7.3,8,NA,NA," poleq1_all","","Yes","","",NA,NA,NA,NA,NA,NA,"2025/10/22","True",0.1,0.1,15,NA,NA,NA,NA,NA,NA,NA,NA,NA,NA
"1468","2025/10/22","FPICO1T08:14","1999/09/14",1,1,12,NA,"PICO","D","X",6.3,7,NA,NA," poleq1_all","","Yes","","",NA,NA,NA,NA,NA,NA,"2025/10/22","True",0.1,0.1,15,NA,NA,NA,NA,NA,NA,NA,NA,NA,NA
"1469","2025/10/22","FPICO1T08:14","1999/09/14",1,1,13,NA,"PICO","L","X",14.8,10,NA,NA," poleq1_all","","Yes","","",NA,NA,NA,NA,NA,NA,"2025/10/22","True",0.1,0.1,15,NA,NA,NA,NA,NA,NA,NA,NA,NA,NA
"1470","2025/10/22","FPICO1T08:14","1999/09/14",1,1,14,NA,"PICO","L","X",12.8,10,NA,NA," poleq1_all","","Yes","","",NA,NA,NA,NA,NA,NA,"2025/10/22","True",0.1,0.1,15,NA,NA,NA,NA,NA,NA,NA,NA,NA,NA
"1471","2025/10/22","FPICO1T08:14","1999/09/14",1,1,15,NA,"PICO","L","X",14.8,10,NA,NA," poleq1_all","","Yes","","",NA,NA,NA,NA,NA,NA,"2025/10/22","True",0.1,0.1,15,NA,NA,NA,NA,NA,NA,NA,NA,NA,NA
"1472","2025/10/22","FPICO1T08:14","1999/09/14",1,1,17,NA,"PICO","D","X",9.8,10,NA,NA," poleq1_all","","Yes","","",NA,NA,NA,NA,NA,NA,"2025/10/22","True",0.1,0.1,15,NA,NA,NA,NA,NA,NA,NA,NA,NA,NA
"1473","2025/10/22","FPICO1T08:14","1999/09/14",1,1,18,NA,"PICO","L","X",8.9,10,NA,NA," poleq1_all","","Yes","","",NA,NA,NA,NA,NA,NA,"2025/10/22","True",0.1,0.1,15,NA,NA,NA,NA,NA,NA,NA,NA,NA,NA
"1474","2025/10/22","FPICO1T08:14","1999/09/14",1,1,19,NA,"PICO","L","X",13.3,10,NA,NA," poleq1_all","","Yes","","",NA,NA,NA,NA,NA,NA,"2025/10/22","True",0.1,0.1,15,NA,NA,NA,NA,NA,NA,NA,NA,NA,NA
"1475","2025/10/22","FPICO1T08:14","1999/09/14",1,1,20,NA,"PICO","D","X",10.4,9,NA,NA," poleq1_all","","Yes","","",NA,NA,NA,NA,NA,NA,"2025/10/22","True",0.1,0.1,15,NA,NA,NA,NA,NA,NA,NA,NA,NA,NA
"1476","2025/10/22","FPICO1T08:14","1999/09/14",1,1,21,NA,"PICO","D","X",7.3,8,NA,NA," poleq1_all","","Yes","","",NA,NA,NA,NA,NA,NA,"2025/10/22","True",0.1,0.1,15,NA,NA,NA,NA,NA,NA,NA,NA,NA,NA
"1477","2025/10/22","FPICO1T08:14","1999/09/14",1,1,22,NA,"PICO","D","X",9.7,8,NA,NA," poleq1_all","","Yes","","",NA,NA,NA,NA,NA,NA,"2025/10/22","True",0.1,0.1,15,NA,NA,NA,NA,NA,NA,NA,NA,NA,NA
"1478","2025/10/22","FPICO1T08:14","1999/09/14",1,1,23,NA,"PICO","L","X",14.6,10,NA,NA," poleq1_all","","Yes","","",NA,NA,NA,NA,NA,NA,"2025/10/22","True",0.1,0.1,15,NA,NA,NA,NA,NA,NA,NA,NA,NA,NA
"1479","2025/10/22","FPICO1T08:14","1999/09/14",1,1,24,NA,"PICO","L","X",14.4,10,NA,NA," poleq1_all","","Yes","","",NA,NA,NA,NA,NA,NA,"2025/10/22","True",0.1,0.1,15,NA,NA,NA,NA,NA,NA,NA,NA,NA,NA
"1480","2025/10/22","FPICO1T08:14","1999/09/14",1,1,25,NA,"PICO","D","X",10.4,9,NA,NA," poleq1_all","","Yes","","",NA,NA,NA,NA,NA,NA,"2025/10/22","True",0.1,0.1,15,NA,NA,NA,NA,NA,NA,NA,NA,NA,NA
"1481","2025/10/22","FPICO1T08:14","1999/09/14",1,1,26,NA,"PICO","L","X",10.4,10,NA,NA," poleq1_all","","Yes","","",NA,NA,NA,NA,NA,NA,"2025/10/22","True",0.1,0.1,15,NA,NA,NA,NA,NA,NA,NA,NA,NA,NA
"1482","2025/10/22","FPICO1T08:14","1999/09/14",1,1,27,NA,"PICO","L","X",8.8,8,NA,NA," poleq1_all","","Yes","","",NA,NA,NA,NA,NA,NA,"2025/10/22","True",0.1,0.1,15,NA,NA,NA,NA,NA,NA,NA,NA,NA,NA
"1483","2025/10/22","FPICO1T08:14","1999/09/14",1,1,28,NA,"PICO","D","X",10.6,10,NA,NA," poleq1_all","","Yes","","",NA,NA,NA,NA,NA,NA,"2025/10/22","True",0.1,0.1,15,NA,NA,NA,NA,NA,NA,NA,NA,NA,NA
"1484","2025/10/22","FPICO1T08:14","1999/09/14",1,1,29,NA,"PICO","L","X",10.4,10,NA,NA," poleq1_all","","Yes","","",NA,NA,NA,NA,NA,NA,"2025/10/22","True",0.1,0.1,15,NA,NA,NA,NA,NA,NA,NA,NA,NA,NA
"1485","2025/10/22","FPICO1T08:14","1999/09/14",1,1,30,NA,"PICO","L","X",6.4,6,NA,NA," poleq1_all","","Yes","","",NA,NA,NA,NA,NA,NA,"2025/10/22","True",0.1,0.1,15,NA,NA,NA,NA,NA,NA,NA,NA,NA,NA
"1486","2025/10/22","FPICO1T08:14","1999/09/14",1,2,31,NA,"PICO","D","X",10.5,10,NA,NA," poleq2_all","","Yes","","",NA,NA,NA,NA,NA,NA,"2025/10/22","True",0.1,0.1,15,NA,NA,NA,NA,NA,NA,NA,NA,NA,NA
"1487","2025/10/22","FPICO1T08:14","1999/09/14",1,2,32,NA,"PICO","L","X",11.4,10,NA,NA," poleq2_all","","Yes","","",NA,NA,NA,NA,NA,NA,"2025/10/22","True",0.1,0.1,15,NA,NA,NA,NA,NA,NA,NA,NA,NA,NA
"1488","2025/10/22","FPICO1T08:14","1999/09/14",1,2,33,NA,"PICO","D","X",9.8,10,NA,NA," poleq2_all","","Yes","","",NA,NA,NA,NA,NA,NA,"2025/10/22","True",0.1,0.1,15,NA,NA,NA,NA,NA,NA,NA,NA,NA,NA
"1489","2025/10/22","FPICO1T08:14","1999/09/14",1,2,34,NA,"PICO","L","X",5.9,6,NA,NA," poleq2_all","","Yes","","",NA,NA,NA,NA,NA,NA,"2025/10/22","True",0.1,0.1,15,NA,NA,NA,NA,NA,NA,NA,NA,NA,NA
"1490","2025/10/22","FPICO1T08:14","1999/09/14",1,2,35,NA,"PICO","L","X",8,7,NA,NA," poleq2_all","","Yes","","",NA,NA,NA,NA,NA,NA,"2025/10/22","True",0.1,0.1,15,NA,NA,NA,NA,NA,NA,NA,NA,NA,NA
"1491","2025/10/22","FPICO1T08:14","1999/09/14",1,2,36,NA,"PICO","L","X",7,7,NA,NA," poleq2_all","","Yes","","",NA,NA,NA,NA,NA,NA,"2025/10/22","True",0.1,0.1,15,NA,NA,NA,NA,NA,NA,NA,NA,NA,NA
"1492","2025/10/22","FPICO1T08:14","1999/09/14",1,2,37,NA,"PICO","D","X",7.5,7,NA,NA," poleq2_all","","Yes","","",NA,NA,NA,NA,NA,NA,"2025/10/22","True",0.1,0.1,15,NA,NA,NA,NA,NA,NA,NA,NA,NA,NA
"1493","2025/10/22","FPICO1T08:14","1999/09/14",1,2,38,NA,"PICO","L","X",11.5,7,NA,NA," poleq2_all","","Yes","","",NA,NA,NA,NA,NA,NA,"2025/10/22","True",0.1,0.1,15,NA,NA,NA,NA,NA,NA,NA,NA,NA,NA
"1494","2025/10/22","FPICO1T08:14","1999/09/14",1,2,39,NA,"PICO","L","X",14.4,10,NA,NA," poleq2_all","","Yes","","",NA,NA,NA,NA,NA,NA,"2025/10/22","True",0.1,0.1,15,NA,NA,NA,NA,NA,NA,NA,NA,NA,NA
"1495","2025/10/22","FPICO1T08:14","1999/09/14",1,2,40,NA,"PICO","D","X",9.4,9,NA,NA," poleq2_all","","Yes","","",NA,NA,NA,NA,NA,NA,"2025/10/22","True",0.1,0.1,15,NA,NA,NA,NA,NA,NA,NA,NA,NA,NA
"1496","2025/10/22","FPICO1T08:14","1999/09/14",1,2,41,NA,"PICO","L","X",12.9,10,NA,NA," poleq2_all","","Yes","","",NA,NA,NA,NA,NA,NA,"2025/10/22","True",0.1,0.1,15,NA,NA,NA,NA,NA,NA,NA,NA,NA,NA
"1497","2025/10/22","FPICO1T08:14","1999/09/14",1,2,42,NA,"PICO","L","X",11.7,9,NA,NA," poleq2_all","","Yes","","",NA,NA,NA,NA,NA,NA,"2025/10/22","True",0.1,0.1,15,NA,NA,NA,NA,NA,NA,NA,NA,NA,NA
"1498","2025/10/22","FPICO1T08:14","1999/09/14",1,2,43,NA,"PICO","L","X",6.2,6,NA,NA," poleq2_all","","Yes","","",NA,NA,NA,NA,NA,NA,"2025/10/22","True",0.1,0.1,15,NA,NA,NA,NA,NA,NA,NA,NA,NA,NA
"1499","2025/10/22","FPICO1T08:14","1999/09/14",1,2,44,NA,"PICO","D","X",8.8,9,NA,NA," poleq2_all","","Yes","","",NA,NA,NA,NA,NA,NA,"2025/10/22","True",0.1,0.1,15,NA,NA,NA,NA,NA,NA,NA,NA,NA,NA
"1500","2025/10/22","FPICO1T08:14","1999/09/14",1,2,45,NA,"PICO","D","X",5.5,8,NA,NA," poleq2_all","","Yes","","",NA,NA,NA,NA,NA,NA,"2025/10/22","True",0.1,0.1,15,NA,NA,NA,NA,NA,NA,NA,NA,NA,NA
"1501","2025/10/22","FPICO1T08:14","1999/09/14",1,2,46,NA,"PICO","L","X",11.9,10,NA,NA," poleq2_all","","Yes","","",NA,NA,NA,NA,NA,NA,"2025/10/22","True",0.1,0.1,15,NA,NA,NA,NA,NA,NA,NA,NA,NA,NA
"1502","2025/10/22","FPICO1T08:14","1999/09/14",1,2,47,NA,"PICO","L","X",13.9,7,NA,NA," poleq2_all","","Yes","","",NA,NA,NA,NA,NA,NA,"2025/10/22","True",0.1,0.1,15,NA,NA,NA,NA,NA,NA,NA,NA,NA,NA
"1503","2025/10/22","FPICO1T08:14","1999/09/14",1,2,48,NA,"PICO","D","X",9.8,7,NA,NA," poleq2_all","","Yes","","",NA,NA,NA,NA,NA,NA,"2025/10/22","True",0.1,0.1,15,NA,NA,NA,NA,NA,NA,NA,NA,NA,NA
"1504","2025/10/22","FPICO1T08:14","1999/09/14",1,2,49,NA,"PICO","L","X",11,10,NA,NA," poleq2_all","","Yes","","",NA,NA,NA,NA,NA,NA,"2025/10/22","True",0.1,0.1,15,NA,NA,NA,NA,NA,NA,NA,NA,NA,NA
"1505","2025/10/22","FPICO1T08:14","1999/09/14",1,2,50,NA,"PICO","D","X",8.1,6,NA,NA," poleq2_all","","Yes","","",NA,NA,NA,NA,NA,NA,"2025/10/22","True",0.1,0.1,15,NA,NA,NA,NA,NA,NA,NA,NA,NA,NA
"1506","2025/10/22","FPICO1T08:14","1999/09/14",1,2,51,NA,"PICO","L","X",13.3,10,NA,NA," poleq2_all","","Yes","","",NA,NA,NA,NA,NA,NA,"2025/10/22","True",0.1,0.1,15,NA,NA,NA,NA,NA,NA,NA,NA,NA,NA
"1507","2025/10/22","FPICO1T08:14","1999/09/14",1,2,52,NA,"PICO","L","X",12.4,10,NA,NA," poleq2_all","","Yes","","",NA,NA,NA,NA,NA,NA,"2025/10/22","True",0.1,0.1,15,NA,NA,NA,NA,NA,NA,NA,NA,NA,NA
"1508","2025/10/22","FPICO1T08:14","1999/09/14",1,2,53,NA,"PICO","L","X",14,10,NA,NA," poleq2_all","","Yes","","",NA,NA,NA,NA,NA,NA,"2025/10/22","True",0.1,0.1,15,NA,NA,NA,NA,NA,NA,NA,NA,NA,NA
"1509","2025/10/22","FPICO1T08:14","1999/09/14",1,2,54,NA,"PICO","D","X",6.3,6,NA,NA," poleq2_all","","Yes","","",NA,NA,NA,NA,NA,NA,"2025/10/22","True",0.1,0.1,15,NA,NA,NA,NA,NA,NA,NA,NA,NA,NA
"1510","2025/10/22","FPICO1T08:14","1999/09/14",1,2,55,NA,"PICO","L","X",13.6,10,NA,NA," poleq2_all","","Yes","","",NA,NA,NA,NA,NA,NA,"2025/10/22","True",0.1,0.1,15,NA,NA,NA,NA,NA,NA,NA,NA,NA,NA
"1511","2025/10/22","FPICO1T08:14","1999/09/14",1,2,56,NA,"PICO","L","X",8.5,6,NA,NA," poleq2_all","","Yes","","",NA,NA,NA,NA,NA,NA,"2025/10/22","True",0.1,0.1,15,NA,NA,NA,NA,NA,NA,NA,NA,NA,NA
"1512","2025/10/22","FPICO1T08:14","1999/09/14",1,2,57,NA,"PICO","L","X",7.1,5,NA,NA," poleq2_all","","Yes","","",NA,NA,NA,NA,NA,NA,"2025/10/22","True",0.1,0.1,15,NA,NA,NA,NA,NA,NA,NA,NA,NA,NA
"1513","2025/10/22","FPICO1T08:14","1999/09/14",1,2,58,NA,"PICO","L","X",14.5,10,NA,NA," poleq2_all","","Yes","","",NA,NA,NA,NA,NA,NA,"2025/10/22","True",0.1,0.1,15,NA,NA,NA,NA,NA,NA,NA,NA,NA,NA
"1514","2025/10/22","FPICO1T08:14","1999/09/14",1,2,59,NA,"PICO","L","X",13.1,10,NA,NA," poleq2_all","","Yes","","",NA,NA,NA,NA,NA,NA,"2025/10/22","True",0.1,0.1,15,NA,NA,NA,NA,NA,NA,NA,NA,NA,NA
"1515","2025/10/22","FPICO1T08:14","1999/09/14",1,2,60,NA,"PICO","L","X",5.8,6,NA,NA," poleq2_all","","Yes","","",NA,NA,NA,NA,NA,NA,"2025/10/22","True",0.1,0.1,15,NA,NA,NA,NA,NA,NA,NA,NA,NA,NA
"1516","2025/10/22","FPICO1T08:14","1999/09/14",1,2,61,NA,"PICO","L","X",10.5,9,NA,NA," poleq2_all","","Yes","","",NA,NA,NA,NA,NA,NA,"2025/10/22","True",0.1,0.1,15,NA,NA,NA,NA,NA,NA,NA,NA,NA,NA
"1517","2025/10/22","FPICO1T08:14","1999/09/14",1,2,62,NA,"PICO","L","X",13.2,10,NA,NA," poleq2_all","","Yes","","",NA,NA,NA,NA,NA,NA,"2025/10/22","True",0.1,0.1,15,NA,NA,NA,NA,NA,NA,NA,NA,NA,NA
"1518","2025/10/22","FPICO1T08:14","1999/09/14",1,2,63,NA,"PICO","L","X",6,3,NA,NA," poleq2_all","","Yes","","",NA,NA,NA,NA,NA,NA,"2025/10/22","True",0.1,0.1,15,NA,NA,NA,NA,NA,NA,NA,NA,NA,NA
"1519","2025/10/22","FPICO1T08:14","1999/09/14",1,1,1,NA,"PICO","L","C",19.5,NA,NA,NA," overq1_all","","Yes","BROK","",NA,NA,NA,NA,NA,NA,"2025/10/22","True",0.1,0.1,15,NA,NA,NA,NA,NA,NA,NA,NA,NA,NA
"1520","2025/10/22","FPICO1T08:14","1999/09/14",1,1,2,NA,"PICO","L","C",23.7,NA,NA,NA," overq1_all","","Yes","","",NA,NA,NA,NA,NA,NA,"2025/10/22","True",0.1,0.1,15,NA,NA,NA,NA,NA,NA,NA,NA,NA,NA
"1521","2025/10/22","FPICO1T08:14","1999/09/14",1,1,3,NA,"PICO","L","C",20.6,NA,NA,NA," overq1_all","","Yes","LEAN","",NA,NA,NA,NA,NA,NA,"2025/10/22","True",0.1,0.1,15,NA,NA,NA,NA,NA,NA,NA,NA,NA,NA
"1522","2025/10/22","FPICO1T08:14","1999/09/14",1,1,4,NA,"PICO","L","C",22.6,NA,NA,NA," overq1_all","","Yes","","",NA,NA,NA,NA,NA,NA,"2025/10/22","True",0.1,0.1,15,NA,NA,NA,NA,NA,NA,NA,NA,NA,NA
"1523","2025/10/22","FPICO1T08:14","1999/09/14",1,1,5,NA,"PICO","L","C",20.9,NA,NA,NA," overq1_all","","Yes","LEAN","",NA,NA,NA,NA,NA,NA,"2025/10/22","True",0.1,0.1,15,NA,NA,NA,NA,NA,NA,NA,NA,NA,NA
"1524","2025/10/22","FPICO1T08:14","1999/09/14",1,1,6,NA,"PICO","L","C",24,NA,NA,NA," overq1_all","","Yes","","",NA,NA,NA,NA,NA,NA,"2025/10/22","True",0.1,0.1,15,NA,NA,NA,NA,NA,NA,NA,NA,NA,NA
"1525","2025/10/22","FPICO1T08:14","1999/09/14",1,1,7,NA,"PICO","L","C",18.5,NA,NA,NA," overq1_all","","Yes","","",NA,NA,NA,NA,NA,NA,"2025/10/22","True",0.1,0.1,15,NA,NA,NA,NA,NA,NA,NA,NA,NA,NA
"1526","2025/10/22","FPICO1T08:14","1999/09/14",1,1,8,NA,"PICO","L","C",23.5,NA,NA,NA," overq1_all","","Yes","","",NA,NA,NA,NA,NA,NA,"2025/10/22","True",0.1,0.1,15,NA,NA,NA,NA,NA,NA,NA,NA,NA,NA
"1527","2025/10/22","FPICO1T08:14","1999/09/14",1,1,9,NA,"PICO","L","C",16.6,NA,NA,NA," overq1_all","","Yes","LEAN","WOND",NA,NA,NA,NA,NA,NA,"2025/10/22","True",0.1,0.1,15,NA,NA,NA,NA,NA,NA,NA,NA,NA,NA
"1528","2025/10/22","FPICO1T08:14","1999/09/14",1,1,10,NA,"PICO","L","D",21.2,NA,NA,NA," overq1_all","","Yes","","",NA,NA,NA,NA,NA,NA,"2025/10/22","True",0.1,0.1,15,NA,NA,NA,NA,NA,NA,NA,NA,NA,NA
"1529","2025/10/22","FPICO1T08:14","1999/09/14",1,1,11,NA,"PICO","L","C",18,NA,NA,NA," overq1_all","","Yes","LEAN","",NA,NA,NA,NA,NA,NA,"2025/10/22","True",0.1,0.1,15,NA,NA,NA,NA,NA,NA,NA,NA,NA,NA
"1530","2025/10/22","FPICO1T08:14","1999/09/14",1,1,12,NA,"PICO","L","C",18,NA,NA,NA," overq1_all","","Yes","","",NA,NA,NA,NA,NA,NA,"2025/10/22","True",0.1,0.1,15,NA,NA,NA,NA,NA,NA,NA,NA,NA,NA
"1531","2025/10/22","FPICO1T08:14","1999/09/14",1,1,13,NA,"PICO","L","C",23.5,NA,NA,NA," overq1_all","","Yes","","",NA,NA,NA,NA,NA,NA,"2025/10/22","True",0.1,0.1,15,NA,NA,NA,NA,NA,NA,NA,NA,NA,NA
"1532","2025/10/22","FPICO1T08:14","1999/09/14",1,1,14,NA,"PICO","L","C",22.9,NA,NA,NA," overq1_all","","Yes","","",NA,NA,NA,NA,NA,NA,"2025/10/22","True",0.1,0.1,15,NA,NA,NA,NA,NA,NA,NA,NA,NA,NA
"1533","2025/10/22","FPICO1T08:14","1999/09/14",1,1,15,NA,"PICO","L","C",16.8,NA,NA,NA," overq1_all","","Yes","WOND","ABGR",NA,NA,NA,NA,NA,NA,"2025/10/22","True",0.1,0.1,15,NA,NA,NA,NA,NA,NA,NA,NA,NA,NA
"1534","2025/10/22","FPICO1T08:14","1999/09/14",1,1,16,NA,"PICO","L","C",20.7,NA,NA,NA," overq1_all","","Yes","","",NA,NA,NA,NA,NA,NA,"2025/10/22","True",0.1,0.1,15,NA,NA,NA,NA,NA,NA,NA,NA,NA,NA
"1535","2025/10/22","FPICO1T08:14","1999/09/14",1,1,17,NA,"PICO","L","C",22.6,NA,NA,NA," overq1_all","","Yes","","",NA,NA,NA,NA,NA,NA,"2025/10/22","True",0.1,0.1,15,NA,NA,NA,NA,NA,NA,NA,NA,NA,NA
"1536","2025/10/22","FPICO1T08:14","1999/09/14",1,1,18,NA,"PICO","L","I",15.9,NA,NA,NA," overq1_all","","Yes","","",NA,NA,NA,NA,NA,NA,"2025/10/22","True",0.1,0.1,15,NA,NA,NA,NA,NA,NA,NA,NA,NA,NA
"1537","2025/10/22","FPICO1T08:14","1999/09/14",1,1,19,NA,"PICO","L","I",15.1,NA,NA,NA," overq1_all","","Yes","","",NA,NA,NA,NA,NA,NA,"2025/10/22","True",0.1,0.1,15,NA,NA,NA,NA,NA,NA,NA,NA,NA,NA
"1538","2025/10/22","FPICO1T08:14","1999/09/14",1,1,20,NA,"PICO","L","I",17.8,NA,NA,NA," overq1_all","","Yes","INSE","",NA,NA,NA,NA,NA,NA,"2025/10/22","True",0.1,0.1,15,NA,NA,NA,NA,NA,NA,NA,NA,NA,NA
"1539","2025/10/22","FPICO1T08:14","1999/09/14",1,1,21,NA,"PICO","L","C",21,NA,NA,NA," overq1_all","","Yes","","",NA,NA,NA,NA,NA,NA,"2025/10/22","True",0.1,0.1,15,NA,NA,NA,NA,NA,NA,NA,NA,NA,NA
"1540","2025/10/22","FPICO1T08:14","1999/09/14",1,1,22,NA,"PICO","L","C",22.8,NA,NA,NA," overq1_all","","Yes","","",NA,NA,NA,NA,NA,NA,"2025/10/22","True",0.1,0.1,15,NA,NA,NA,NA,NA,NA,NA,NA,NA,NA
"1541","2025/10/22","FPICO1T08:14","1999/09/14",1,1,23,NA,"PICO","L","C",23.2,NA,NA,NA," overq1_all","","Yes","","",NA,NA,NA,NA,NA,NA,"2025/10/22","True",0.1,0.1,15,NA,NA,NA,NA,NA,NA,NA,NA,NA,NA
"1542","2025/10/22","FPICO1T08:14","1999/09/14",1,1,24,NA,"PICO","L","C",23.2,NA,NA,NA," overq1_all","","Yes","WOND","",NA,NA,NA,NA,NA,NA,"2025/10/22","True",0.1,0.1,15,NA,NA,NA,NA,NA,NA,NA,NA,NA,NA
"1543","2025/10/22","FPICO1T08:14","1999/09/14",1,1,25,NA,"PICO","L","C",23.3,NA,NA,NA," overq1_all","","Yes","WOND","LEAN",NA,NA,NA,NA,NA,NA,"2025/10/22","True",0.1,0.1,15,NA,NA,NA,NA,NA,NA,NA,NA,NA,NA
"1544","2025/10/22","FPICO1T08:14","1999/09/14",1,1,26,NA,"PICO","D","RS",19.3,NA,NA,NA," overq1_all","","Yes","","",NA,NA,NA,NA,NA,NA,"2025/10/22","True",0.1,0.1,15,NA,NA,NA,NA,NA,NA,NA,NA,NA,NA
"1545","2025/10/22","FPICO1T08:14","1999/09/14",1,1,27,NA,"PICO","L","C",26.6,NA,NA,NA," overq1_all","","Yes","","",NA,NA,NA,NA,NA,NA,"2025/10/22","True",0.1,0.1,15,NA,NA,NA,NA,NA,NA,NA,NA,NA,NA
"1546","2025/10/22","FPICO1T08:14","1999/09/14",1,1,28,NA,"PICO","L","C",20,NA,NA,NA," overq1_all","","Yes","","",NA,NA,NA,NA,NA,NA,"2025/10/22","True",0.1,0.1,15,NA,NA,NA,NA,NA,NA,NA,NA,NA,NA
"1547","2025/10/22","FPICO1T08:14","1999/09/14",1,1,29,NA,"PICO","L","I",15.2,NA,NA,NA," overq1_all","","Yes","WOND","",NA,NA,NA,NA,NA,NA,"2025/10/22","True",0.1,0.1,15,NA,NA,NA,NA,NA,NA,NA,NA,NA,NA
"1548","2025/10/22","FPICO1T08:14","1999/09/14",1,1,30,NA,"PICO","L","C",22,NA,NA,NA," overq1_all","","Yes","","",NA,NA,NA,NA,NA,NA,"2025/10/22","True",0.1,0.1,15,NA,NA,NA,NA,NA,NA,NA,NA,NA,NA
"1549","2025/10/22","FPICO1T08:14","1999/09/14",1,1,31,NA,"PICO","L","C",24.5,NA,NA,NA," overq1_all","","Yes","","",NA,NA,NA,NA,NA,NA,"2025/10/22","True",0.1,0.1,15,NA,NA,NA,NA,NA,NA,NA,NA,NA,NA
"1550","2025/10/22","FPICO1T08:14","1999/09/14",1,1,32,NA,"PICO","L","D",31.3,NA,NA,NA," overq1_all","","Yes","LEAN","",NA,NA,NA,NA,NA,NA,"2025/10/22","True",0.1,0.1,15,NA,NA,NA,NA,NA,NA,NA,NA,NA,NA
"1551","2025/10/22","FPICO1T08:14","1999/09/14",1,1,33,NA,"PICO","L","C",19.4,NA,NA,NA," overq1_all","","Yes","WOND","",NA,NA,NA,NA,NA,NA,"2025/10/22","True",0.1,0.1,15,NA,NA,NA,NA,NA,NA,NA,NA,NA,NA
"1552","2025/10/22","FPICO1T08:14","1999/09/14",1,1,34,NA,"PICO","L","I",16.7,NA,NA,NA," overq1_all","","Yes","LEAN","WOND",NA,NA,NA,NA,NA,NA,"2025/10/22","True",0.1,0.1,15,NA,NA,NA,NA,NA,NA,NA,NA,NA,NA
"1553","2025/10/22","FPICO1T08:14","1999/09/14",1,1,35,NA,"PICO","L","I",17,NA,NA,NA," overq1_all","","Yes","","",NA,NA,NA,NA,NA,NA,"2025/10/22","True",0.1,0.1,15,NA,NA,NA,NA,NA,NA,NA,NA,NA,NA
"1554","2025/10/22","FPICO1T08:14","1999/09/14",1,1,36,NA,"PICO","L","C",23.4,NA,NA,NA," overq1_all","","Yes","","",NA,NA,NA,NA,NA,NA,"2025/10/22","True",0.1,0.1,15,NA,NA,NA,NA,NA,NA,NA,NA,NA,NA
"1555","2025/10/22","FPICO1T08:14","1999/09/14",1,1,37,NA,"PICO","L","C",27.5,NA,NA,NA," overq1_all","","Yes","","",NA,NA,NA,NA,NA,NA,"2025/10/22","True",0.1,0.1,15,NA,NA,NA,NA,NA,NA,NA,NA,NA,NA
"1556","2025/10/22","FPICO1T08:14","1999/09/14",1,1,38,NA,"PICO","L","C",18.6,NA,NA,NA," overq1_all","","Yes","WOND","",NA,NA,NA,NA,NA,NA,"2025/10/22","True",0.1,0.1,15,NA,NA,NA,NA,NA,NA,NA,NA,NA,NA
"1557","2025/10/22","FPICO1T08:14","1999/09/14",1,1,39,NA,"PICO","L","I",15.9,NA,NA,NA," overq1_all","","Yes","WOND","INSE",NA,NA,NA,NA,NA,NA,"2025/10/22","True",0.1,0.1,15,NA,NA,NA,NA,NA,NA,NA,NA,NA,NA
"1558","2025/10/22","FPICO1T08:14","1999/09/14",1,1,40,NA,"PICO","L","D",33.7,NA,NA,NA," overq1_all","","Yes","","",NA,NA,NA,NA,NA,NA,"2025/10/22","True",0.1,0.1,15,NA,NA,NA,NA,NA,NA,NA,NA,NA,NA
"1559","2025/10/22","FPICO1T08:14","1999/09/14",1,1,41,NA,"PICO","L","I",18.1,NA,NA,NA," overq1_all","","Yes","CROK","",NA,NA,NA,NA,NA,NA,"2025/10/22","True",0.1,0.1,15,NA,NA,NA,NA,NA,NA,NA,NA,NA,NA
"1560","2025/10/22","FPICO1T08:14","1999/09/14",1,1,42,NA,"PICO","L","I",18.6,NA,NA,NA," overq1_all","","Yes","LEAN","",NA,NA,NA,NA,NA,NA,"2025/10/22","True",0.1,0.1,15,NA,NA,NA,NA,NA,NA,NA,NA,NA,NA
"1561","2025/10/22","FPICO1T08:14","1999/09/14",1,1,43,NA,"PICO","L","D",33.1,NA,NA,NA," overq1_all","","Yes","WOND","",NA,NA,NA,NA,NA,NA,"2025/10/22","True",0.1,0.1,15,NA,NA,NA,NA,NA,NA,NA,NA,NA,NA
"1562","2025/10/22","FPICO1T08:14","1999/09/14",1,1,44,NA,"PICO","L","I",18.2,NA,NA,NA," overq1_all","","Yes","WOND","",NA,NA,NA,NA,NA,NA,"2025/10/22","True",0.1,0.1,15,NA,NA,NA,NA,NA,NA,NA,NA,NA,NA
"1563","2025/10/22","FPICO1T08:14","1999/09/14",1,1,45,NA,"PICO","L","C",27.9,NA,NA,NA," overq1_all","","Yes","","",NA,NA,NA,NA,NA,NA,"2025/10/22","True",0.1,0.1,15,NA,NA,NA,NA,NA,NA,NA,NA,NA,NA
"1564","2025/10/22","FPICO1T08:14","1999/09/14",1,1,46,NA,"PICO","L","I",17.2,NA,NA,NA," overq1_all","","Yes","","",NA,NA,NA,NA,NA,NA,"2025/10/22","True",0.1,0.1,15,NA,NA,NA,NA,NA,NA,NA,NA,NA,NA
"1565","2025/10/22","FPICO1T08:14","1999/09/14",1,1,47,NA,"PICO","L","C",30,NA,NA,NA," overq1_all","","Yes","","",NA,NA,NA,NA,NA,NA,"2025/10/22","True",0.1,0.1,15,NA,NA,NA,NA,NA,NA,NA,NA,NA,NA
"1566","2025/10/22","FPICO1T08:15","1999/09/15",1,1,1,NA,"PICO","L","X",14.6,10,NA,NA," poleq1_all","","Yes","","","",NA,NA,NA,NA,NA,"2025/10/22","True",0.1,0.1,15,NA,NA,NA,NA,NA,NA,NA,NA,NA,NA
"1567","2025/10/22","FPICO1T08:15","1999/09/15",1,1,2,NA,"PICO","L","X",13,9,NA,NA," poleq1_all","","Yes","","","",NA,NA,NA,NA,NA,"2025/10/22","True",0.1,0.1,15,NA,NA,NA,NA,NA,NA,NA,NA,NA,NA
"1568","2025/10/22","FPICO1T08:15","1999/09/15",1,1,3,NA,"PICO","L","X",4.2,3,NA,NA," poleq1_all","","Yes","","","",NA,NA,NA,NA,NA,"2025/10/22","True",0.1,0.1,15,NA,NA,NA,NA,NA,NA,NA,NA,NA,NA
"1569","2025/10/22","FPICO1T08:15","1999/09/15",1,1,4,NA,"PICO","L","X",6,3,NA,NA," poleq1_all","","Yes","","","",NA,NA,NA,NA,NA,"2025/10/22","True",0.1,0.1,15,NA,NA,NA,NA,NA,NA,NA,NA,NA,NA
"1570","2025/10/22","FPICO1T08:15","1999/09/15",1,1,5,NA,"PICO","L","X",9,7,NA,NA," poleq1_all","","Yes","","","",NA,NA,NA,NA,NA,"2025/10/22","True",0.1,0.1,15,NA,NA,NA,NA,NA,NA,NA,NA,NA,NA
"1571","2025/10/22","FPICO1T08:15","1999/09/15",1,1,6,NA,"PICO","D","X",9.8,9,NA,NA," poleq1_all","","Yes","","","",NA,NA,NA,NA,NA,"2025/10/22","True",0.1,0.1,15,NA,NA,NA,NA,NA,NA,NA,NA,NA,NA
"1572","2025/10/22","FPICO1T08:15","1999/09/15",1,1,7,NA,"PICO","L","X",6.6,4,NA,NA," poleq1_all","","Yes","","","",NA,NA,NA,NA,NA,"2025/10/22","True",0.1,0.1,15,NA,NA,NA,NA,NA,NA,NA,NA,NA,NA
"1573","2025/10/22","FPICO1T08:15","1999/09/15",1,1,8,NA,"PICO","L","X",12.5,10,NA,NA," poleq1_all","","Yes","","","",NA,NA,NA,NA,NA,"2025/10/22","True",0.1,0.1,15,NA,NA,NA,NA,NA,NA,NA,NA,NA,NA
"1574","2025/10/22","FPICO1T08:15","1999/09/15",1,1,9,NA,"PICO","D","X",14.9,10,NA,NA," poleq1_all","","Yes","","","",NA,NA,NA,NA,NA,"2025/10/22","True",0.1,0.1,15,NA,NA,NA,NA,NA,NA,NA,NA,NA,NA
"1575","2025/10/22","FPICO1T08:15","1999/09/15",1,1,10,NA,"PICO","D","X",12.4,10,NA,NA," poleq1_all","","Yes","","","",NA,NA,NA,NA,NA,"2025/10/22","True",0.1,0.1,15,NA,NA,NA,NA,NA,NA,NA,NA,NA,NA
"1576","2025/10/22","FPICO1T08:15","1999/09/15",1,1,11,NA,"PICO","L","X",9.3,7,NA,NA," poleq1_all","","Yes","","","",NA,NA,NA,NA,NA,"2025/10/22","True",0.1,0.1,15,NA,NA,NA,NA,NA,NA,NA,NA,NA,NA
"1577","2025/10/22","FPICO1T08:15","1999/09/15",1,1,12,NA,"PICO","L","X",11.3,8,NA,NA," poleq1_all","","Yes","","","",NA,NA,NA,NA,NA,"2025/10/22","True",0.1,0.1,15,NA,NA,NA,NA,NA,NA,NA,NA,NA,NA
"1578","2025/10/22","FPICO1T08:15","1999/09/15",1,1,13,NA,"PICO","D","X",13.3,10,NA,NA," poleq1_all","","Yes","","","",NA,NA,NA,NA,NA,"2025/10/22","True",0.1,0.1,15,NA,NA,NA,NA,NA,NA,NA,NA,NA,NA
"1579","2025/10/22","FPICO1T08:15","1999/09/15",1,1,14,NA,"PICO","D","X",8.7,9,NA,NA," poleq1_all","","Yes","","","",NA,NA,NA,NA,NA,"2025/10/22","True",0.1,0.1,15,NA,NA,NA,NA,NA,NA,NA,NA,NA,NA
"1580","2025/10/22","FPICO1T08:15","1999/09/15",1,1,15,NA,"PICO","L","X",11.6,10,NA,NA," poleq1_all","","Yes","","","",NA,NA,NA,NA,NA,"2025/10/22","True",0.1,0.1,15,NA,NA,NA,NA,NA,NA,NA,NA,NA,NA
"1581","2025/10/22","FPICO1T08:15","1999/09/15",1,1,16,NA,"PICO","D","X",9.6,9,NA,NA," poleq1_all","","Yes","","","",NA,NA,NA,NA,NA,"2025/10/22","True",0.1,0.1,15,NA,NA,NA,NA,NA,NA,NA,NA,NA,NA
"1582","2025/10/22","FPICO1T08:15","1999/09/15",1,1,17,NA,"PICO","D","X",6.5,3,NA,NA," poleq1_all","","Yes","","","",NA,NA,NA,NA,NA,"2025/10/22","True",0.1,0.1,15,NA,NA,NA,NA,NA,NA,NA,NA,NA,NA
"1583","2025/10/22","FPICO1T08:15","1999/09/15",1,1,18,NA,"PICO","L","X",7.2,4,NA,NA," poleq1_all","","Yes","","","",NA,NA,NA,NA,NA,"2025/10/22","True",0.1,0.1,15,NA,NA,NA,NA,NA,NA,NA,NA,NA,NA
"1584","2025/10/22","FPICO1T08:15","1999/09/15",1,1,19,NA,"PICO","L","X",14.9,10,NA,NA," poleq1_all","","Yes","","","",NA,NA,NA,NA,NA,"2025/10/22","True",0.1,0.1,15,NA,NA,NA,NA,NA,NA,NA,NA,NA,NA
"1585","2025/10/22","FPICO1T08:15","1999/09/15",1,1,20,NA,"PICO","D","X",9,6,NA,NA," poleq1_all","","Yes","","","",NA,NA,NA,NA,NA,"2025/10/22","True",0.1,0.1,15,NA,NA,NA,NA,NA,NA,NA,NA,NA,NA
"1586","2025/10/22","FPICO1T08:15","1999/09/15",1,1,21,NA,"PICO","L","X",12.3,10,NA,NA," poleq1_all","","Yes","","","",NA,NA,NA,NA,NA,"2025/10/22","True",0.1,0.1,15,NA,NA,NA,NA,NA,NA,NA,NA,NA,NA
"1587","2025/10/22","FPICO1T08:15","1999/09/15",1,1,22,NA,"PICO","D","X",14.4,10,NA,NA," poleq1_all","","Yes","","","",NA,NA,NA,NA,NA,"2025/10/22","True",0.1,0.1,15,NA,NA,NA,NA,NA,NA,NA,NA,NA,NA
"1588","2025/10/22","FPICO1T08:15","1999/09/15",1,1,23,NA,"PICO","D","X",14.5,10,NA,NA," poleq1_all","","Yes","","","",NA,NA,NA,NA,NA,"2025/10/22","True",0.1,0.1,15,NA,NA,NA,NA,NA,NA,NA,NA,NA,NA
"1589","2025/10/22","FPICO1T08:15","1999/09/15",1,1,24,NA,"PICO","D","X",11.7,9,NA,NA," poleq1_all","","Yes","","","",NA,NA,NA,NA,NA,"2025/10/22","True",0.1,0.1,15,NA,NA,NA,NA,NA,NA,NA,NA,NA,NA
"1590","2025/10/22","FPICO1T08:15","1999/09/15",1,1,25,NA,"PICO","L","X",14.5,9,NA,NA," poleq1_all","","Yes","","","",NA,NA,NA,NA,NA,"2025/10/22","True",0.1,0.1,15,NA,NA,NA,NA,NA,NA,NA,NA,NA,NA
"1591","2025/10/22","FPICO1T08:15","1999/09/15",1,1,26,NA,"PICO","D","X",10.8,7,NA,NA," poleq1_all","","Yes","","","",NA,NA,NA,NA,NA,"2025/10/22","True",0.1,0.1,15,NA,NA,NA,NA,NA,NA,NA,NA,NA,NA
"1592","2025/10/22","FPICO1T08:15","1999/09/15",1,1,27,NA,"PICO","D","X",6.7,7,NA,NA," poleq1_all","","Yes","","","",NA,NA,NA,NA,NA,"2025/10/22","True",0.1,0.1,15,NA,NA,NA,NA,NA,NA,NA,NA,NA,NA
"1593","2025/10/22","FPICO1T08:15","1999/09/15",1,1,28,NA,"PICO","L","X",5.1,4,NA,NA," poleq1_all","","Yes","","","",NA,NA,NA,NA,NA,"2025/10/22","True",0.1,0.1,15,NA,NA,NA,NA,NA,NA,NA,NA,NA,NA
"1594","2025/10/22","FPICO1T08:15","1999/09/15",1,1,29,NA,"PICO","D","X",8.3,10,NA,NA," poleq1_all","","Yes","","","",NA,NA,NA,NA,NA,"2025/10/22","True",0.1,0.1,15,NA,NA,NA,NA,NA,NA,NA,NA,NA,NA
"1595","2025/10/22","FPICO1T08:15","1999/09/15",1,1,30,NA,"PICO","D","X",5.8,4,NA,NA," poleq1_all","","Yes","","","",NA,NA,NA,NA,NA,"2025/10/22","True",0.1,0.1,15,NA,NA,NA,NA,NA,NA,NA,NA,NA,NA
"1596","2025/10/22","FPICO1T08:15","1999/09/15",1,1,31,NA,"PICO","L","X",12.3,6,NA,NA," poleq1_all","","Yes","","","",NA,NA,NA,NA,NA,"2025/10/22","True",0.1,0.1,15,NA,NA,NA,NA,NA,NA,NA,NA,NA,NA
"1597","2025/10/22","FPICO1T08:15","1999/09/15",1,1,32,NA,"PICO","D","X",12,10,NA,NA," poleq1_all","","Yes","","","",NA,NA,NA,NA,NA,"2025/10/22","True",0.1,0.1,15,NA,NA,NA,NA,NA,NA,NA,NA,NA,NA
"1598","2025/10/22","FPICO1T08:15","1999/09/15",1,1,33,NA,"PICO","D","X",6,4,NA,NA," poleq1_all","","Yes","","","",NA,NA,NA,NA,NA,"2025/10/22","True",0.1,0.1,15,NA,NA,NA,NA,NA,NA,NA,NA,NA,NA
"1599","2025/10/22","FPICO1T08:15","1999/09/15",1,1,34,NA,"PICO","D","X",9.9,8,NA,NA," poleq1_all","","Yes","","","",NA,NA,NA,NA,NA,"2025/10/22","True",0.1,0.1,15,NA,NA,NA,NA,NA,NA,NA,NA,NA,NA
"1600","2025/10/22","FPICO1T08:15","1999/09/15",1,1,35,NA,"PICO","D","X",8.3,6,NA,NA," poleq1_all","","Yes","","","",NA,NA,NA,NA,NA,"2025/10/22","True",0.1,0.1,15,NA,NA,NA,NA,NA,NA,NA,NA,NA,NA
"1601","2025/10/22","FPICO1T08:15","1999/09/15",1,1,36,NA,"PICO","D","X",7.2,9,NA,NA," poleq1_all","","Yes","","","",NA,NA,NA,NA,NA,"2025/10/22","True",0.1,0.1,15,NA,NA,NA,NA,NA,NA,NA,NA,NA,NA
"1602","2025/10/22","FPICO1T08:15","1999/09/15",1,1,37,NA,"PICO","D","X",9.8,7,NA,NA," poleq1_all","","Yes","","","",NA,NA,NA,NA,NA,"2025/10/22","True",0.1,0.1,15,NA,NA,NA,NA,NA,NA,NA,NA,NA,NA
"1603","2025/10/22","FPICO1T08:15","1999/09/15",1,1,38,NA,"PICO","D","X",8,5,NA,NA," poleq1_all","","Yes","","","",NA,NA,NA,NA,NA,"2025/10/22","True",0.1,0.1,15,NA,NA,NA,NA,NA,NA,NA,NA,NA,NA
"1604","2025/10/22","FPICO1T08:15","1999/09/15",1,1,39,NA,"PICO","L","X",12.3,10,NA,NA," poleq1_all","","Yes","","","",NA,NA,NA,NA,NA,"2025/10/22","True",0.1,0.1,15,NA,NA,NA,NA,NA,NA,NA,NA,NA,NA
"1605","2025/10/22","FPICO1T08:15","1999/09/15",1,1,40,NA,"PICO","D","X",14.8,10,NA,NA," poleq1_all","","Yes","","","",NA,NA,NA,NA,NA,"2025/10/22","True",0.1,0.1,15,NA,NA,NA,NA,NA,NA,NA,NA,NA,NA
"1606","2025/10/22","FPICO1T08:15","1999/09/15",1,1,69,NA,"PICO","L","I",18.7,NA,NA,NA," overq1_all","","Yes","FORK","","",NA,NA,NA,NA,NA,"2025/10/22","True",0.1,0.1,15,NA,NA,NA,NA,NA,NA,NA,NA,NA,NA
"1607","2025/10/22","FPICO1T08:15","1999/09/15",1,1,70,NA,"PICO","L","C",23.9,NA,NA,NA," overq1_all","","Yes","LEAN","MISL","",NA,NA,NA,NA,NA,"2025/10/22","True",0.1,0.1,15,NA,NA,NA,NA,NA,NA,NA,NA,NA,NA
"1608","2025/10/22","FPICO1T08:15","1999/09/15",1,1,71,NA,"PICO","L","C",25.7,NA,NA,NA," overq1_all","","Yes","WOND","","",NA,NA,NA,NA,NA,"2025/10/22","True",0.1,0.1,15,NA,NA,NA,NA,NA,NA,NA,NA,NA,NA
"1609","2025/10/22","FPICO1T08:15","1999/09/15",1,1,72,NA,"PICO","L","C",24,NA,NA,NA," overq1_all","","Yes","TWIN","WOND","",NA,NA,NA,NA,NA,"2025/10/22","True",0.1,0.1,15,NA,NA,NA,NA,NA,NA,NA,NA,NA,NA
"1610","2025/10/22","FPICO1T08:15","1999/09/15",1,1,73,NA,"PICO","L","I",16.5,NA,NA,NA," overq1_all","","Yes","TWIN","WOND","DTOP",NA,NA,NA,NA,NA,"2025/10/22","True",0.1,0.1,15,NA,NA,NA,NA,NA,NA,NA,NA,NA,NA
"1611","2025/10/22","FPICO1T08:15","1999/09/15",1,1,74,NA,"PICO","L","D",27.1,NA,NA,NA," overq1_all","","Yes","","","",NA,NA,NA,NA,NA,"2025/10/22","True",0.1,0.1,15,NA,NA,NA,NA,NA,NA,NA,NA,NA,NA
"1612","2025/10/22","FPICO1T08:15","1999/09/15",1,1,75,NA,"PICO","L","C",18.7,NA,NA,NA," overq1_all","","Yes","","","",NA,NA,NA,NA,NA,"2025/10/22","True",0.1,0.1,15,NA,NA,NA,NA,NA,NA,NA,NA,NA,NA
"1613","2025/10/22","FPICO1T08:15","1999/09/15",1,1,76,NA,"PICO","L","I",17.1,NA,NA,NA," overq1_all","","Yes","","","",NA,NA,NA,NA,NA,"2025/10/22","True",0.1,0.1,15,NA,NA,NA,NA,NA,NA,NA,NA,NA,NA
"1614","2025/10/22","FPICO1T08:15","1999/09/15",1,1,77,NA,"PICO","L","C",23,NA,NA,NA," overq1_all","","Yes","LEAN","","",NA,NA,NA,NA,NA,"2025/10/22","True",0.1,0.1,15,NA,NA,NA,NA,NA,NA,NA,NA,NA,NA
"1615","2025/10/22","FPICO1T08:15","1999/09/15",1,1,78,NA,"PICO","L","C",25.1,NA,NA,NA," overq1_all","","Yes","WOND","","",NA,NA,NA,NA,NA,"2025/10/22","True",0.1,0.1,15,NA,NA,NA,NA,NA,NA,NA,NA,NA,NA
"1616","2025/10/22","FPICO1T08:15","1999/09/15",1,1,79,NA,"PICO","L","C",20.9,NA,NA,NA," overq1_all","","Yes","WOND","","",NA,NA,NA,NA,NA,"2025/10/22","True",0.1,0.1,15,NA,NA,NA,NA,NA,NA,NA,NA,NA,NA
"1617","2025/10/22","FPICO1T08:15","1999/09/15",1,1,80,NA,"PICO","D","RS",16.5,NA,NA,NA," overq1_all","","Yes","","","",NA,NA,NA,NA,NA,"2025/10/22","True",0.1,0.1,15,NA,NA,NA,NA,NA,NA,NA,NA,NA,NA
"1618","2025/10/22","FPICO1T08:15","1999/09/15",1,1,81,NA,"PICO","L","I",16.8,NA,NA,NA," overq1_all","","Yes","WOND","","",NA,NA,NA,NA,NA,"2025/10/22","True",0.1,0.1,15,NA,NA,NA,NA,NA,NA,NA,NA,NA,NA
"1619","2025/10/22","FPICO1T08:15","1999/09/15",1,1,82,NA,"PICO","L","I",23.3,NA,NA,NA," overq1_all","","Yes","WOND","","",NA,NA,NA,NA,NA,"2025/10/22","True",0.1,0.1,15,NA,NA,NA,NA,NA,NA,NA,NA,NA,NA
"1620","2025/10/22","FPICO1T08:15","1999/09/15",1,1,83,NA,"PICO","L","C",23.7,NA,NA,NA," overq1_all","","Yes","","","",NA,NA,NA,NA,NA,"2025/10/22","True",0.1,0.1,15,NA,NA,NA,NA,NA,NA,NA,NA,NA,NA
"1621","2025/10/22","FPICO1T08:15","1999/09/15",1,1,84,NA,"PICO","L","C",21.5,NA,NA,NA," overq1_all","","Yes","WOND","","",NA,NA,NA,NA,NA,"2025/10/22","True",0.1,0.1,15,NA,NA,NA,NA,NA,NA,NA,NA,NA,NA
"1622","2025/10/22","FPICO1T08:15","1999/09/15",1,1,85,NA,"PICO","L","C",27.3,NA,NA,NA," overq1_all","","Yes","BROK","","",NA,NA,NA,NA,NA,"2025/10/22","True",0.1,0.1,15,NA,NA,NA,NA,NA,NA,NA,NA,NA,NA
"1623","2025/10/22","FPICO1T08:15","1999/09/15",1,1,86,NA,"PICO","L","C",22.3,NA,NA,NA," overq1_all","","Yes","","","",NA,NA,NA,NA,NA,"2025/10/22","True",0.1,0.1,15,NA,NA,NA,NA,NA,NA,NA,NA,NA,NA
"1624","2025/10/22","FPICO1T08:15","1999/09/15",1,1,87,NA,"PICO","L","C",16,NA,NA,NA," overq1_all","","Yes","","","",NA,NA,NA,NA,NA,"2025/10/22","True",0.1,0.1,15,NA,NA,NA,NA,NA,NA,NA,NA,NA,NA
"1625","2025/10/22","FPICO1T08:15","1999/09/15",1,1,88,NA,"PICO","L","C",22.7,NA,NA,NA," overq1_all","","Yes","WOND","INSE","",NA,NA,NA,NA,NA,"2025/10/22","True",0.1,0.1,15,NA,NA,NA,NA,NA,NA,NA,NA,NA,NA
"1626","2025/10/22","FPICO1T08:15","1999/09/15",1,1,89,NA,"PICO","L","C",27.5,NA,NA,NA," overq1_all","","Yes","TWIN","","",NA,NA,NA,NA,NA,"2025/10/22","True",0.1,0.1,15,NA,NA,NA,NA,NA,NA,NA,NA,NA,NA
"1627","2025/10/22","FPICO1T08:15","1999/09/15",1,1,90,NA,"PICO","D","RS",16.4,NA,NA,NA," overq1_all","","Yes","TWIN","","",NA,NA,NA,NA,NA,"2025/10/22","True",0.1,0.1,15,NA,NA,NA,NA,NA,NA,NA,NA,NA,NA
"1628","2025/10/22","FPICO1T08:15","1999/09/15",1,1,91,NA,"PICO","L","C",26.8,NA,NA,NA," overq1_all","","Yes","","","",NA,NA,NA,NA,NA,"2025/10/22","True",0.1,0.1,15,NA,NA,NA,NA,NA,NA,NA,NA,NA,NA
"1629","2025/10/22","FPICO1T08:15","1999/09/15",1,1,92,NA,"PICO","L","C",21.8,NA,NA,NA," overq1_all","","Yes","WOND","SPAR","",NA,NA,NA,NA,NA,"2025/10/22","True",0.1,0.1,15,NA,NA,NA,NA,NA,NA,NA,NA,NA,NA
"1630","2025/10/22","FPICO1T08:15","1999/09/15",1,1,93,NA,"PICO","L","C",21.3,NA,NA,NA," overq1_all","","Yes","WOND","","",NA,NA,NA,NA,NA,"2025/10/22","True",0.1,0.1,15,NA,NA,NA,NA,NA,NA,NA,NA,NA,NA
"1631","2025/10/22","FPICO1T08:15","1999/09/15",1,1,94,NA,"PICO","L","I",17.4,NA,NA,NA," overq1_all","","Yes","INSE","FORK","",NA,NA,NA,NA,NA,"2025/10/22","True",0.1,0.1,15,NA,NA,NA,NA,NA,NA,NA,NA,NA,NA
"1632","2025/10/22","FPICO1T08:15","1999/09/15",1,1,95,NA,"PICO","L","C",24.1,NA,NA,NA," overq1_all","","Yes","","","",NA,NA,NA,NA,NA,"2025/10/22","True",0.1,0.1,15,NA,NA,NA,NA,NA,NA,NA,NA,NA,NA
"1633","2025/10/22","FPICO1T08:15","1999/09/15",1,1,96,NA,"PICO","L","C",21.8,NA,NA,NA," overq1_all","","Yes","INSE","","",NA,NA,NA,NA,NA,"2025/10/22","True",0.1,0.1,15,NA,NA,NA,NA,NA,NA,NA,NA,NA,NA
"1634","2025/10/22","FPICO1T08:15","1999/09/15",1,1,97,NA,"PICO","L","C",18.7,NA,NA,NA," overq1_all","","Yes","WOND","","",NA,NA,NA,NA,NA,"2025/10/22","True",0.1,0.1,15,NA,NA,NA,NA,NA,NA,NA,NA,NA,NA
"1635","2025/10/22","FPICO1T08:15","1999/09/15",1,1,98,NA,"PICO","L","C",21.4,NA,NA,NA," overq1_all","","Yes","LEAN","","",NA,NA,NA,NA,NA,"2025/10/22","True",0.1,0.1,15,NA,NA,NA,NA,NA,NA,NA,NA,NA,NA
"1636","2025/10/22","FPICO1T08:15","1999/09/15",1,1,99,NA,"PICO","L","C",24.5,NA,NA,NA," overq1_all","","Yes","","","",NA,NA,NA,NA,NA,"2025/10/22","True",0.1,0.1,15,NA,NA,NA,NA,NA,NA,NA,NA,NA,NA
"1637","2025/10/22","FPICO1T08:15","1999/09/15",1,1,100,NA,"PICO","L","D",23.3,NA,NA,NA," overq1_all","","Yes","","","",NA,NA,NA,NA,NA,"2025/10/22","True",0.1,0.1,15,NA,NA,NA,NA,NA,NA,NA,NA,NA,NA
"1638","2025/10/22","FPICO1T08:15","1999/09/15",1,2,42,NA,"PICO","L","D",20.3,NA,NA,NA," overq2_all","","Yes","MISL","","",NA,NA,NA,NA,NA,"2025/10/22","True",0.1,0.1,15,NA,NA,NA,NA,NA,NA,NA,NA,NA,NA
"1639","2025/10/22","FPICO1T08:15","1999/09/15",1,2,43,NA,"PICO","L","C",27.8,NA,NA,NA," overq2_all","","Yes","WOND","","",NA,NA,NA,NA,NA,"2025/10/22","True",0.1,0.1,15,NA,NA,NA,NA,NA,NA,NA,NA,NA,NA
"1640","2025/10/22","FPICO1T08:15","1999/09/15",1,2,44,NA,"PICO","L","I",17.3,NA,NA,NA," overq2_all","","Yes","","","",NA,NA,NA,NA,NA,"2025/10/22","True",0.1,0.1,15,NA,NA,NA,NA,NA,NA,NA,NA,NA,NA
"1641","2025/10/22","FPICO1T08:15","1999/09/15",1,2,45,NA,"PICO","L","D",29.7,NA,NA,NA," overq2_all","","Yes","WOND","","",NA,NA,NA,NA,NA,"2025/10/22","True",0.1,0.1,15,NA,NA,NA,NA,NA,NA,NA,NA,NA,NA
"1642","2025/10/22","FPICO1T08:15","1999/09/15",1,2,46,NA,"PICO","L","I",15.8,NA,NA,NA," overq2_all","","Yes","","","",NA,NA,NA,NA,NA,"2025/10/22","True",0.1,0.1,15,NA,NA,NA,NA,NA,NA,NA,NA,NA,NA
"1643","2025/10/22","FPICO1T08:15","1999/09/15",1,2,47,NA,"PICO","D","LBS",17.9,NA,NA,NA," overq2_all","","Yes","","","",NA,NA,NA,NA,NA,"2025/10/22","True",0.1,0.1,15,NA,NA,NA,NA,NA,NA,NA,NA,NA,NA
"1644","2025/10/22","FPICO1T08:15","1999/09/15",1,2,48,NA,"PICO","L","I",17.4,NA,NA,NA," overq2_all","","Yes","WOND","","",NA,NA,NA,NA,NA,"2025/10/22","True",0.1,0.1,15,NA,NA,NA,NA,NA,NA,NA,NA,NA,NA
"1645","2025/10/22","FPICO1T08:15","1999/09/15",1,2,49,NA,"PICO","L","C",20.2,NA,NA,NA," overq2_all","","Yes","LEAN","","",NA,NA,NA,NA,NA,"2025/10/22","True",0.1,0.1,15,NA,NA,NA,NA,NA,NA,NA,NA,NA,NA
"1646","2025/10/22","FPICO1T08:15","1999/09/15",1,2,50,NA,"PICO","L","C",19.6,NA,NA,NA," overq2_all","","Yes","CROK","MISL","",NA,NA,NA,NA,NA,"2025/10/22","True",0.1,0.1,15,NA,NA,NA,NA,NA,NA,NA,NA,NA,NA
"1647","2025/10/22","FPICO1T08:15","1999/09/15",1,2,51,NA,"PICO","L","C",26.6,NA,NA,NA," overq2_all","","Yes","","","",NA,NA,NA,NA,NA,"2025/10/22","True",0.1,0.1,15,NA,NA,NA,NA,NA,NA,NA,NA,NA,NA
"1648","2025/10/22","FPICO1T08:15","1999/09/15",1,2,52,NA,"PICO","L","C",25.9,NA,NA,NA," overq2_all","","Yes","","","",NA,NA,NA,NA,NA,"2025/10/22","True",0.1,0.1,15,NA,NA,NA,NA,NA,NA,NA,NA,NA,NA
"1649","2025/10/22","FPICO1T08:15","1999/09/15",1,2,53,NA,"PICO","D","RS",17.9,NA,NA,NA," overq2_all","","Yes","","","",NA,NA,NA,NA,NA,"2025/10/22","True",0.1,0.1,15,NA,NA,NA,NA,NA,NA,NA,NA,NA,NA
"1650","2025/10/22","FPICO1T08:15","1999/09/15",1,2,54,NA,"PICO","L","C",19.6,NA,NA,NA," overq2_all","","Yes","","","",NA,NA,NA,NA,NA,"2025/10/22","True",0.1,0.1,15,NA,NA,NA,NA,NA,NA,NA,NA,NA,NA
"1651","2025/10/22","FPICO1T08:15","1999/09/15",1,2,55,NA,"PICO","L","C",16.9,NA,NA,NA," overq2_all","","Yes","","","",NA,NA,NA,NA,NA,"2025/10/22","True",0.1,0.1,15,NA,NA,NA,NA,NA,NA,NA,NA,NA,NA
"1652","2025/10/22","FPICO1T08:15","1999/09/15",1,2,56,NA,"PICO","L","C",22.6,NA,NA,NA," overq2_all","","Yes","","","",NA,NA,NA,NA,NA,"2025/10/22","True",0.1,0.1,15,NA,NA,NA,NA,NA,NA,NA,NA,NA,NA
"1653","2025/10/22","FPICO1T08:15","1999/09/15",1,2,57,NA,"PICO","L","D",29,NA,NA,NA," overq2_all","","Yes","INSE","WOND","",NA,NA,NA,NA,NA,"2025/10/22","True",0.1,0.1,15,NA,NA,NA,NA,NA,NA,NA,NA,NA,NA
"1654","2025/10/22","FPICO1T08:15","1999/09/15",1,2,58,NA,"PICO","D","LBS",16.5,NA,NA,NA," overq2_all","","Yes","","","",NA,NA,NA,NA,NA,"2025/10/22","True",0.1,0.1,15,NA,NA,NA,NA,NA,NA,NA,NA,NA,NA
"1655","2025/10/22","FPICO1T08:15","1999/09/15",1,2,59,NA,"PICO","D","LBS",16.9,NA,NA,NA," overq2_all","","Yes","","","",NA,NA,NA,NA,NA,"2025/10/22","True",0.1,0.1,15,NA,NA,NA,NA,NA,NA,NA,NA,NA,NA
"1656","2025/10/22","FPICO1T08:15","1999/09/15",1,2,60,NA,"PICO","L","I",16.9,NA,NA,NA," overq2_all","","Yes","SPAR","","",NA,NA,NA,NA,NA,"2025/10/22","True",0.1,0.1,15,NA,NA,NA,NA,NA,NA,NA,NA,NA,NA
"1657","2025/10/22","FPICO1T08:15","1999/09/15",1,2,61,NA,"PICO","L","C",16.5,NA,NA,NA," overq2_all","","Yes","BROK","WOND","",NA,NA,NA,NA,NA,"2025/10/22","True",0.1,0.1,15,NA,NA,NA,NA,NA,NA,NA,NA,NA,NA
"1658","2025/10/22","FPICO1T08:15","1999/09/15",1,2,62,NA,"PICO","D","LBS",17.8,NA,NA,NA," overq2_all","","Yes","","","",NA,NA,NA,NA,NA,"2025/10/22","True",0.1,0.1,15,NA,NA,NA,NA,NA,NA,NA,NA,NA,NA
"1659","2025/10/22","FPICO1T08:15","1999/09/15",1,2,63,NA,"PICO","L","D",27.4,NA,NA,NA," overq2_all","","Yes","","","",NA,NA,NA,NA,NA,"2025/10/22","True",0.1,0.1,15,NA,NA,NA,NA,NA,NA,NA,NA,NA,NA
"1660","2025/10/22","FPICO1T08:15","1999/09/15",1,2,64,NA,"PICO","L","C",20.6,NA,NA,NA," overq2_all","","Yes","","","",NA,NA,NA,NA,NA,"2025/10/22","True",0.1,0.1,15,NA,NA,NA,NA,NA,NA,NA,NA,NA,NA
"1661","2025/10/22","FPICO1T08:15","1999/09/15",1,2,65,NA,"PICO","D","RS",19.5,NA,NA,NA," overq2_all","","Yes","","","",NA,NA,NA,NA,NA,"2025/10/22","True",0.1,0.1,15,NA,NA,NA,NA,NA,NA,NA,NA,NA,NA
"1662","2025/10/22","FPICO1T08:15","1999/09/15",1,2,66,NA,"PICO","L","C",18.2,NA,NA,NA," overq2_all","","Yes","","","",NA,NA,NA,NA,NA,"2025/10/22","True",0.1,0.1,15,NA,NA,NA,NA,NA,NA,NA,NA,NA,NA
"1663","2025/10/22","FPICO1T08:15","1999/09/15",1,2,67,NA,"PICO","D","RS",22,NA,NA,NA," overq2_all","","Yes","","","",NA,NA,NA,NA,NA,"2025/10/22","True",0.1,0.1,15,NA,NA,NA,NA,NA,NA,NA,NA,NA,NA
"1664","2025/10/22","FPICO1T08:15","1999/09/15",1,2,68,NA,"PICO","D","RS",22.7,NA,NA,NA," overq2_all","","Yes","","","",NA,NA,NA,NA,NA,"2025/10/22","True",0.1,0.1,15,NA,NA,NA,NA,NA,NA,NA,NA,NA,NA
"1665","2025/10/22","FPICO1T08:16","1999/09/16",1,1,1,NA,"PICO","L","X",13.1,9,NA,NA," poleq1_all","","Yes","","",NA,NA,NA,NA,NA,NA,"2025/10/22","True",0.1,0.1,15,NA,NA,NA,NA,NA,NA,NA,NA,NA,NA
"1666","2025/10/22","FPICO1T08:16","1999/09/16",1,1,2,NA,"PICO","L","X",10.5,9,NA,NA," poleq1_all","","Yes","","",NA,NA,NA,NA,NA,NA,"2025/10/22","True",0.1,0.1,15,NA,NA,NA,NA,NA,NA,NA,NA,NA,NA
"1667","2025/10/22","FPICO1T08:16","1999/09/16",1,1,3,NA,"PICO","D","X",4.1,7,NA,NA," poleq1_all","","Yes","","",NA,NA,NA,NA,NA,NA,"2025/10/22","True",0.1,0.1,15,NA,NA,NA,NA,NA,NA,NA,NA,NA,NA
"1668","2025/10/22","FPICO1T08:16","1999/09/16",1,1,4,NA,"PICO","L","X",12,9,NA,NA," poleq1_all","","Yes","","",NA,NA,NA,NA,NA,NA,"2025/10/22","True",0.1,0.1,15,NA,NA,NA,NA,NA,NA,NA,NA,NA,NA
"1669","2025/10/22","FPICO1T08:16","1999/09/16",1,1,5,NA,"PICO","L","X",7.3,9,NA,NA," poleq1_all","","Yes","","",NA,NA,NA,NA,NA,NA,"2025/10/22","True",0.1,0.1,15,NA,NA,NA,NA,NA,NA,NA,NA,NA,NA
"1670","2025/10/22","FPICO1T08:16","1999/09/16",1,1,6,NA,"PICO","L","X",12.5,10,NA,NA," poleq1_all","","Yes","","",NA,NA,NA,NA,NA,NA,"2025/10/22","True",0.1,0.1,15,NA,NA,NA,NA,NA,NA,NA,NA,NA,NA
"1671","2025/10/22","FPICO1T08:16","1999/09/16",1,1,7,NA,"PICO","D","X",10.3,10,NA,NA," poleq1_all","","Yes","","",NA,NA,NA,NA,NA,NA,"2025/10/22","True",0.1,0.1,15,NA,NA,NA,NA,NA,NA,NA,NA,NA,NA
"1672","2025/10/22","FPICO1T08:16","1999/09/16",1,1,8,NA,"PICO","L","X",6.2,8,NA,NA," poleq1_all","","Yes","","",NA,NA,NA,NA,NA,NA,"2025/10/22","True",0.1,0.1,15,NA,NA,NA,NA,NA,NA,NA,NA,NA,NA
"1673","2025/10/22","FPICO1T08:16","1999/09/16",1,1,9,NA,"PICO","D","X",6.8,9,NA,NA," poleq1_all","","Yes","","",NA,NA,NA,NA,NA,NA,"2025/10/22","True",0.1,0.1,15,NA,NA,NA,NA,NA,NA,NA,NA,NA,NA
"1674","2025/10/22","FPICO1T08:16","1999/09/16",1,1,10,NA,"PICO","L","X",12.9,10,NA,NA," poleq1_all","","Yes","","",NA,NA,NA,NA,NA,NA,"2025/10/22","True",0.1,0.1,15,NA,NA,NA,NA,NA,NA,NA,NA,NA,NA
"1675","2025/10/22","FPICO1T08:16","1999/09/16",1,1,11,NA,"PICO","L","X",11.5,9,NA,NA," poleq1_all","","Yes","","",NA,NA,NA,NA,NA,NA,"2025/10/22","True",0.1,0.1,15,NA,NA,NA,NA,NA,NA,NA,NA,NA,NA
"1676","2025/10/22","FPICO1T08:16","1999/09/16",1,1,12,NA,"PICO","L","X",13,9,NA,NA," poleq1_all","","Yes","","",NA,NA,NA,NA,NA,NA,"2025/10/22","True",0.1,0.1,15,NA,NA,NA,NA,NA,NA,NA,NA,NA,NA
"1677","2025/10/22","FPICO1T08:16","1999/09/16",1,1,13,NA,"PICO","L","X",11.7,9,NA,NA," poleq1_all","","Yes","","",NA,NA,NA,NA,NA,NA,"2025/10/22","True",0.1,0.1,15,NA,NA,NA,NA,NA,NA,NA,NA,NA,NA
"1678","2025/10/22","FPICO1T08:16","1999/09/16",1,2,14,NA,"PICO","L","X",7.2,6,NA,NA," poleq2_all","","Yes","","",NA,NA,NA,NA,NA,NA,"2025/10/22","True",0.1,0.1,15,NA,NA,NA,NA,NA,NA,NA,NA,NA,NA
"1679","2025/10/22","FPICO1T08:16","1999/09/16",1,2,15,NA,"PICO","D","X",2.6,4,NA,NA," poleq2_all","","Yes","","",NA,NA,NA,NA,NA,NA,"2025/10/22","True",0.1,0.1,15,NA,NA,NA,NA,NA,NA,NA,NA,NA,NA
"1680","2025/10/22","FPICO1T08:16","1999/09/16",1,2,16,NA,"PICO","L","X",5.2,5,NA,NA," poleq2_all","","Yes","","",NA,NA,NA,NA,NA,NA,"2025/10/22","True",0.1,0.1,15,NA,NA,NA,NA,NA,NA,NA,NA,NA,NA
"1681","2025/10/22","FPICO1T08:16","1999/09/16",1,2,17,NA,"PICO","L","X",10.5,10,NA,NA," poleq2_all","","Yes","","",NA,NA,NA,NA,NA,NA,"2025/10/22","True",0.1,0.1,15,NA,NA,NA,NA,NA,NA,NA,NA,NA,NA
"1682","2025/10/22","FPICO1T08:16","1999/09/16",1,2,18,NA,"PICO","L","X",4.3,5,NA,NA," poleq2_all","","Yes","","",NA,NA,NA,NA,NA,NA,"2025/10/22","True",0.1,0.1,15,NA,NA,NA,NA,NA,NA,NA,NA,NA,NA
"1683","2025/10/22","FPICO1T08:16","1999/09/16",1,2,19,NA,"PICO","L","X",11.4,8,NA,NA," poleq2_all","","Yes","","",NA,NA,NA,NA,NA,NA,"2025/10/22","True",0.1,0.1,15,NA,NA,NA,NA,NA,NA,NA,NA,NA,NA
"1684","2025/10/22","FPICO1T08:16","1999/09/16",1,2,20,NA,"PICO","L","X",11.7,10,NA,NA," poleq2_all","","Yes","","",NA,NA,NA,NA,NA,NA,"2025/10/22","True",0.1,0.1,15,NA,NA,NA,NA,NA,NA,NA,NA,NA,NA
"1685","2025/10/22","FPICO1T08:16","1999/09/16",1,2,21,NA,"PICO","D","X",12.1,9,NA,NA," poleq2_all","","Yes","","",NA,NA,NA,NA,NA,NA,"2025/10/22","True",0.1,0.1,15,NA,NA,NA,NA,NA,NA,NA,NA,NA,NA
"1686","2025/10/22","FPICO1T08:16","1999/09/16",1,2,22,NA,"PICO","L","X",8.1,8,NA,NA," poleq2_all","","Yes","","",NA,NA,NA,NA,NA,NA,"2025/10/22","True",0.1,0.1,15,NA,NA,NA,NA,NA,NA,NA,NA,NA,NA
"1687","2025/10/22","FPICO1T08:16","1999/09/16",1,2,23,NA,"PICO","L","X",10.1,8,NA,NA," poleq2_all","","Yes","","",NA,NA,NA,NA,NA,NA,"2025/10/22","True",0.1,0.1,15,NA,NA,NA,NA,NA,NA,NA,NA,NA,NA
"1688","2025/10/22","FPICO1T08:16","1999/09/16",1,2,24,NA,"PICO","L","X",6.4,7,NA,NA," poleq2_all","","Yes","","",NA,NA,NA,NA,NA,NA,"2025/10/22","True",0.1,0.1,15,NA,NA,NA,NA,NA,NA,NA,NA,NA,NA
"1689","2025/10/22","FPICO1T08:16","1999/09/16",1,2,25,NA,"PICO","L","X",10.4,9,NA,NA," poleq2_all","","Yes","","",NA,NA,NA,NA,NA,NA,"2025/10/22","True",0.1,0.1,15,NA,NA,NA,NA,NA,NA,NA,NA,NA,NA
"1690","2025/10/22","FPICO1T08:16","1999/09/16",1,2,26,NA,"PICO","D","X",7.2,7,NA,NA," poleq2_all","","Yes","","",NA,NA,NA,NA,NA,NA,"2025/10/22","True",0.1,0.1,15,NA,NA,NA,NA,NA,NA,NA,NA,NA,NA
"1691","2025/10/22","FPICO1T08:16","1999/09/16",1,2,27,NA,"PICO","L","X",7.1,6,NA,NA," poleq2_all","","Yes","","",NA,NA,NA,NA,NA,NA,"2025/10/22","True",0.1,0.1,15,NA,NA,NA,NA,NA,NA,NA,NA,NA,NA
"1692","2025/10/22","FPICO1T08:16","1999/09/16",1,2,28,NA,"PICO","L","X",11.6,10,NA,NA," poleq2_all","","Yes","","",NA,NA,NA,NA,NA,NA,"2025/10/22","True",0.1,0.1,15,NA,NA,NA,NA,NA,NA,NA,NA,NA,NA
"1693","2025/10/22","FPICO1T08:16","1999/09/16",1,2,29,NA,"PICO","L","X",14.3,10,NA,NA," poleq2_all","","Yes","","",NA,NA,NA,NA,NA,NA,"2025/10/22","True",0.1,0.1,15,NA,NA,NA,NA,NA,NA,NA,NA,NA,NA
"1694","2025/10/22","FPICO1T08:16","1999/09/16",1,1,83,NA,"PICO","L","C",23.9,NA,NA,NA," overq1_all","","Yes","","",NA,NA,NA,NA,NA,NA,"2025/10/22","True",0.1,0.1,15,NA,NA,NA,NA,NA,NA,NA,NA,NA,NA
"1695","2025/10/22","FPICO1T08:16","1999/09/16",1,1,84,NA,"PICO","L","C",17.7,NA,NA,NA," overq1_all","","Yes","","",NA,NA,NA,NA,NA,NA,"2025/10/22","True",0.1,0.1,15,NA,NA,NA,NA,NA,NA,NA,NA,NA,NA
"1696","2025/10/22","FPICO1T08:16","1999/09/16",1,1,85,NA,"PICO","L","C",16,NA,NA,NA," overq1_all","","Yes","","",NA,NA,NA,NA,NA,NA,"2025/10/22","True",0.1,0.1,15,NA,NA,NA,NA,NA,NA,NA,NA,NA,NA
"1697","2025/10/22","FPICO1T08:16","1999/09/16",1,1,86,NA,"PICO","L","C",17.6,NA,NA,NA," overq1_all","","Yes","","",NA,NA,NA,NA,NA,NA,"2025/10/22","True",0.1,0.1,15,NA,NA,NA,NA,NA,NA,NA,NA,NA,NA
"1698","2025/10/22","FPICO1T08:16","1999/09/16",1,1,87,NA,"PICO","L","C",18.5,NA,NA,NA," overq1_all","","Yes","LEAN","",NA,NA,NA,NA,NA,NA,"2025/10/22","True",0.1,0.1,15,NA,NA,NA,NA,NA,NA,NA,NA,NA,NA
"1699","2025/10/22","FPICO1T08:16","1999/09/16",1,1,88,NA,"PICO","L","C",23.3,NA,NA,NA," overq1_all","","Yes","","",NA,NA,NA,NA,NA,NA,"2025/10/22","True",0.1,0.1,15,NA,NA,NA,NA,NA,NA,NA,NA,NA,NA
"1700","2025/10/22","FPICO1T08:16","1999/09/16",1,1,89,NA,"PICO","L","C",25.2,NA,NA,NA," overq1_all","","Yes","CROK","",NA,NA,NA,NA,NA,NA,"2025/10/22","True",0.1,0.1,15,NA,NA,NA,NA,NA,NA,NA,NA,NA,NA
"1701","2025/10/22","FPICO1T08:16","1999/09/16",1,1,90,NA,"PICO","L","C",22.1,NA,NA,NA," overq1_all","","Yes","","",NA,NA,NA,NA,NA,NA,"2025/10/22","True",0.1,0.1,15,NA,NA,NA,NA,NA,NA,NA,NA,NA,NA
"1702","2025/10/22","FPICO1T08:16","1999/09/16",1,1,91,NA,"PICO","L","C",15.2,NA,NA,NA," overq1_all","","Yes","CROK","",NA,NA,NA,NA,NA,NA,"2025/10/22","True",0.1,0.1,15,NA,NA,NA,NA,NA,NA,NA,NA,NA,NA
"1703","2025/10/22","FPICO1T08:16","1999/09/16",1,1,92,NA,"PICO","L","C",21.6,NA,NA,NA," overq1_all","","Yes","","",NA,NA,NA,NA,NA,NA,"2025/10/22","True",0.1,0.1,15,NA,NA,NA,NA,NA,NA,NA,NA,NA,NA
"1704","2025/10/22","FPICO1T08:16","1999/09/16",1,1,93,NA,"PICO","L","C",23,NA,NA,NA," overq1_all","","Yes","","",NA,NA,NA,NA,NA,NA,"2025/10/22","True",0.1,0.1,15,NA,NA,NA,NA,NA,NA,NA,NA,NA,NA
"1705","2025/10/22","FPICO1T08:16","1999/09/16",1,1,94,NA,"PICO","L","C",27.7,NA,NA,NA," overq1_all","","Yes","CROK","",NA,NA,NA,NA,NA,NA,"2025/10/22","True",0.1,0.1,15,NA,NA,NA,NA,NA,NA,NA,NA,NA,NA
"1706","2025/10/22","FPICO1T08:16","1999/09/16",1,1,95,NA,"PICO","L","C",28.8,NA,NA,NA," overq1_all","","Yes","","",NA,NA,NA,NA,NA,NA,"2025/10/22","True",0.1,0.1,15,NA,NA,NA,NA,NA,NA,NA,NA,NA,NA
"1707","2025/10/22","FPICO1T08:16","1999/09/16",1,1,96,NA,"PICO","L","C",28.4,NA,NA,NA," overq1_all","","Yes","","",NA,NA,NA,NA,NA,NA,"2025/10/22","True",0.1,0.1,15,NA,NA,NA,NA,NA,NA,NA,NA,NA,NA
"1708","2025/10/22","FPICO1T08:16","1999/09/16",1,1,97,NA,"PICO","L","C",16,NA,NA,NA," overq1_all","","Yes","","",NA,NA,NA,NA,NA,NA,"2025/10/22","True",0.1,0.1,15,NA,NA,NA,NA,NA,NA,NA,NA,NA,NA
"1709","2025/10/22","FPICO1T08:16","1999/09/16",1,1,98,NA,"PICO","D","RS",33.1,NA,NA,NA," overq1_all","","Yes","LEAN","",NA,NA,NA,NA,NA,NA,"2025/10/22","True",0.1,0.1,15,NA,NA,NA,NA,NA,NA,NA,NA,NA,NA
"1710","2025/10/22","FPICO1T08:16","1999/09/16",1,1,99,NA,"PICO","L","C",36.1,NA,NA,NA," overq1_all","","Yes","FIRE","",NA,NA,NA,NA,NA,NA,"2025/10/22","True",0.1,0.1,15,NA,NA,NA,NA,NA,NA,NA,NA,NA,NA
"1711","2025/10/22","FPICO1T08:16","1999/09/16",1,1,100,NA,"ABLA","L","C",25.7,NA,NA,NA," overq1_all","","Yes","","",NA,NA,NA,NA,NA,NA,"2025/10/22","True",0.1,0.1,15,NA,NA,NA,NA,NA,NA,NA,NA,NA,NA
"1712","2025/10/22","FPICO1T08:16","1999/09/16",1,2,63,NA,"PICO","L","C",24.7,NA,NA,NA," overq2_all","","Yes","WOND","",NA,NA,NA,NA,NA,NA,"2025/10/22","True",0.1,0.1,15,NA,NA,NA,NA,NA,NA,NA,NA,NA,NA
"1713","2025/10/22","FPICO1T08:16","1999/09/16",1,2,64,NA,"PICO","L","C",28.1,NA,NA,NA," overq2_all","","Yes","FORK","",NA,NA,NA,NA,NA,NA,"2025/10/22","True",0.1,0.1,15,NA,NA,NA,NA,NA,NA,NA,NA,NA,NA
"1714","2025/10/22","FPICO1T08:16","1999/09/16",1,2,65,NA,"PICO","L","C",18.9,NA,NA,NA," overq2_all","","Yes","","",NA,NA,NA,NA,NA,NA,"2025/10/22","True",0.1,0.1,15,NA,NA,NA,NA,NA,NA,NA,NA,NA,NA
"1715","2025/10/22","FPICO1T08:16","1999/09/16",1,2,66,NA,"PICO","L","C",18.3,NA,NA,NA," overq2_all","","Yes","CROK","",NA,NA,NA,NA,NA,NA,"2025/10/22","True",0.1,0.1,15,NA,NA,NA,NA,NA,NA,NA,NA,NA,NA
"1716","2025/10/22","FPICO1T08:16","1999/09/16",1,2,67,NA,"PICO","L","C",29.1,NA,NA,NA," overq2_all","","Yes","WOND","",NA,NA,NA,NA,NA,NA,"2025/10/22","True",0.1,0.1,15,NA,NA,NA,NA,NA,NA,NA,NA,NA,NA
"1717","2025/10/22","FPICO1T08:16","1999/09/16",1,2,68,NA,"PICO","L","C",28.4,NA,NA,NA," overq2_all","","Yes","WOND","",NA,NA,NA,NA,NA,NA,"2025/10/22","True",0.1,0.1,15,NA,NA,NA,NA,NA,NA,NA,NA,NA,NA
"1718","2025/10/22","FPICO1T08:16","1999/09/16",1,2,69,NA,"PICO","L","C",19.9,NA,NA,NA," overq2_all","","Yes","WOND","",NA,NA,NA,NA,NA,NA,"2025/10/22","True",0.1,0.1,15,NA,NA,NA,NA,NA,NA,NA,NA,NA,NA
"1719","2025/10/22","FPICO1T08:16","1999/09/16",1,2,70,NA,"PICO","L","C",19.4,NA,NA,NA," overq2_all","","Yes","","",NA,NA,NA,NA,NA,NA,"2025/10/22","True",0.1,0.1,15,NA,NA,NA,NA,NA,NA,NA,NA,NA,NA
"1720","2025/10/22","FPICO1T08:16","1999/09/16",1,2,71,NA,"PICO","L","C",25.6,NA,NA,NA," overq2_all","","Yes","","",NA,NA,NA,NA,NA,NA,"2025/10/22","True",0.1,0.1,15,NA,NA,NA,NA,NA,NA,NA,NA,NA,NA
"1721","2025/10/22","FPICO1T08:16","1999/09/16",1,2,72,NA,"PICO","L","C",17.5,NA,NA,NA," overq2_all","","Yes","WOND","LEAN",NA,NA,NA,NA,NA,NA,"2025/10/22","True",0.1,0.1,15,NA,NA,NA,NA,NA,NA,NA,NA,NA,NA
"1722","2025/10/22","FPICO1T08:16","1999/09/16",1,2,73,NA,"PICO","L","C",15.2,NA,NA,NA," overq2_all","","Yes","LEAN","",NA,NA,NA,NA,NA,NA,"2025/10/22","True",0.1,0.1,15,NA,NA,NA,NA,NA,NA,NA,NA,NA,NA
"1723","2025/10/22","FPICO1T08:16","1999/09/16",1,2,74,NA,"PICO","L","C",15.5,NA,NA,NA," overq2_all","","Yes","WOND","",NA,NA,NA,NA,NA,NA,"2025/10/22","True",0.1,0.1,15,NA,NA,NA,NA,NA,NA,NA,NA,NA,NA
"1724","2025/10/22","FPICO1T08:16","1999/09/16",1,2,75,NA,"PICO","L","C",29.1,NA,NA,NA," overq2_all","","Yes","","",NA,NA,NA,NA,NA,NA,"2025/10/22","True",0.1,0.1,15,NA,NA,NA,NA,NA,NA,NA,NA,NA,NA
"1725","2025/10/22","FPICO1T08:16","1999/09/16",1,2,76,NA,"PICO","L","C",25.1,NA,NA,NA," overq2_all","","Yes","","",NA,NA,NA,NA,NA,NA,"2025/10/22","True",0.1,0.1,15,NA,NA,NA,NA,NA,NA,NA,NA,NA,NA
"1726","2025/10/22","FPICO1T08:16","1999/09/16",1,2,77,NA,"PICO","L","C",16.6,NA,NA,NA," overq2_all","","Yes","","",NA,NA,NA,NA,NA,NA,"2025/10/22","True",0.1,0.1,15,NA,NA,NA,NA,NA,NA,NA,NA,NA,NA
"1727","2025/10/22","FPICO1T08:16","1999/09/16",1,2,78,NA,"PICO","L","C",22.1,NA,NA,NA," overq2_all","","Yes","WOND","",NA,NA,NA,NA,NA,NA,"2025/10/22","True",0.1,0.1,15,NA,NA,NA,NA,NA,NA,NA,NA,NA,NA
"1728","2025/10/22","FPICO1T08:16","1999/09/16",1,2,79,NA,"PICO","L","C",15.5,NA,NA,NA," overq2_all","","Yes","","",NA,NA,NA,NA,NA,NA,"2025/10/22","True",0.1,0.1,15,NA,NA,NA,NA,NA,NA,NA,NA,NA,NA
"1729","2025/10/22","FPICO1T08:16","1999/09/16",1,2,80,NA,"PICO","L","D",33.6,NA,NA,NA," overq2_all","","Yes","WOND","",NA,NA,NA,NA,NA,NA,"2025/10/22","True",0.1,0.1,15,NA,NA,NA,NA,NA,NA,NA,NA,NA,NA
"1730","2025/10/22","FPICO1T08:16","1999/09/16",1,2,81,NA,"PICO","L","D",28.7,NA,NA,NA," overq2_all","","Yes","WOND","",NA,NA,NA,NA,NA,NA,"2025/10/22","True",0.1,0.1,15,NA,NA,NA,NA,NA,NA,NA,NA,NA,NA
"1731","2025/10/22","FPICO1T08:16","1999/09/16",1,2,82,NA,"PICO","L","D",34.7,NA,NA,NA," overq2_all","","Yes","WOND","",NA,NA,NA,NA,NA,NA,"2025/10/22","True",0.1,0.1,15,NA,NA,NA,NA,NA,NA,NA,NA,NA,NA
"1732","2025/10/22","FPICO1T08:19","1999/09/16",1,1,1,NA,"PICO","L","X",3.2,3,NA,NA," poleq1_all","","Yes","","","","",NA,NA,NA,NA,"2025/10/22","True",0.1,0.1,15,NA,NA,NA,NA,NA,NA,NA,NA,NA,NA
"1733","2025/10/22","FPICO1T08:19","1999/09/16",1,1,2,NA,"PICO","L","X",13.1,10,NA,NA," poleq1_all","","Yes","","","","",NA,NA,NA,NA,"2025/10/22","True",0.1,0.1,15,NA,NA,NA,NA,NA,NA,NA,NA,NA,NA
"1734","2025/10/22","FPICO1T08:19","1999/09/16",1,1,3,NA,"PICO","D","X",11.8,8,NA,NA," poleq1_all","","Yes","","","","",NA,NA,NA,NA,"2025/10/22","True",0.1,0.1,15,NA,NA,NA,NA,NA,NA,NA,NA,NA,NA
"1735","2025/10/22","FPICO1T08:19","1999/09/16",1,1,4,NA,"PICO","L","X",6.8,5,NA,NA," poleq1_all","","Yes","","","","",NA,NA,NA,NA,"2025/10/22","True",0.1,0.1,15,NA,NA,NA,NA,NA,NA,NA,NA,NA,NA
"1736","2025/10/22","FPICO1T08:19","1999/09/16",1,1,5,NA,"PICO","L","X",9.5,7,NA,NA," poleq1_all","","Yes","","","","",NA,NA,NA,NA,"2025/10/22","True",0.1,0.1,15,NA,NA,NA,NA,NA,NA,NA,NA,NA,NA
"1737","2025/10/22","FPICO1T08:19","1999/09/16",1,1,6,NA,"PICO","L","X",13,9,NA,NA," poleq1_all","","Yes","","","","",NA,NA,NA,NA,"2025/10/22","True",0.1,0.1,15,NA,NA,NA,NA,NA,NA,NA,NA,NA,NA
"1738","2025/10/22","FPICO1T08:19","1999/09/16",1,1,7,NA,"PICO","D","X",8.3,8,NA,NA," poleq1_all","","Yes","","","","",NA,NA,NA,NA,"2025/10/22","True",0.1,0.1,15,NA,NA,NA,NA,NA,NA,NA,NA,NA,NA
"1739","2025/10/22","FPICO1T08:19","1999/09/16",1,2,8,NA,"PICO","L","X",10.5,7,NA,NA," poleq2_all","","Yes","","","","",NA,NA,NA,NA,"2025/10/22","True",0.1,0.1,15,NA,NA,NA,NA,NA,NA,NA,NA,NA,NA
"1740","2025/10/22","FPICO1T08:19","1999/09/16",1,2,9,NA,"PICO","L","X",10.9,10,NA,NA," poleq2_all","","Yes","","","","",NA,NA,NA,NA,"2025/10/22","True",0.1,0.1,15,NA,NA,NA,NA,NA,NA,NA,NA,NA,NA
"1741","2025/10/22","FPICO1T08:19","1999/09/16",1,2,10,NA,"PICO","L","X",3.8,4,NA,NA," poleq2_all","","Yes","","","","",NA,NA,NA,NA,"2025/10/22","True",0.1,0.1,15,NA,NA,NA,NA,NA,NA,NA,NA,NA,NA
"1742","2025/10/22","FPICO1T08:19","1999/09/16",1,2,11,NA,"PICO","L","X",7.4,6,NA,NA," poleq2_all","","Yes","","","","",NA,NA,NA,NA,"2025/10/22","True",0.1,0.1,15,NA,NA,NA,NA,NA,NA,NA,NA,NA,NA
"1743","2025/10/22","FPICO1T08:19","1999/09/16",1,2,12,NA,"PICO","L","X",9.2,4,NA,NA," poleq2_all","","Yes","","","","",NA,NA,NA,NA,"2025/10/22","True",0.1,0.1,15,NA,NA,NA,NA,NA,NA,NA,NA,NA,NA
"1744","2025/10/22","FPICO1T08:19","1999/09/16",1,2,13,NA,"PICO","L","X",10.8,9,NA,NA," poleq2_all","","Yes","","","","",NA,NA,NA,NA,"2025/10/22","True",0.1,0.1,15,NA,NA,NA,NA,NA,NA,NA,NA,NA,NA
"1745","2025/10/22","FPICO1T08:19","1999/09/16",1,2,14,NA,"PICO","D","X",14.1,8,NA,NA," poleq2_all","","Yes","","","","",NA,NA,NA,NA,"2025/10/22","True",0.1,0.1,15,NA,NA,NA,NA,NA,NA,NA,NA,NA,NA
"1746","2025/10/22","FPICO1T08:19","1999/09/16",1,2,15,NA,"PICO","L","X",13.5,10,NA,NA," poleq2_all","","Yes","","","","",NA,NA,NA,NA,"2025/10/22","True",0.1,0.1,15,NA,NA,NA,NA,NA,NA,NA,NA,NA,NA
"1747","2025/10/22","FPICO1T08:19","1999/09/16",1,2,16,NA,"PICO","L","X",11.4,7,NA,NA," poleq2_all","","Yes","","","","",NA,NA,NA,NA,"2025/10/22","True",0.1,0.1,15,NA,NA,NA,NA,NA,NA,NA,NA,NA,NA
"1748","2025/10/22","FPICO1T08:19","1999/09/16",1,1,1,NA,"PICO","L","C",27.4,NA,NA,NA," overq1_all","","Yes","FORK","","","",NA,NA,NA,NA,"2025/10/22","True",0.1,0.1,15,NA,NA,NA,NA,NA,NA,NA,NA,NA,NA
"1749","2025/10/22","FPICO1T08:19","1999/09/16",1,1,2,NA,"PICO","L","C",20.9,NA,NA,NA," overq1_all","","Yes","WOND","","","",NA,NA,NA,NA,"2025/10/22","True",0.1,0.1,15,NA,NA,NA,NA,NA,NA,NA,NA,NA,NA
"1750","2025/10/22","FPICO1T08:19","1999/09/16",1,1,3,NA,"PICO","L","C",21.4,NA,NA,NA," overq1_all","","Yes","CROK","","","",NA,NA,NA,NA,"2025/10/22","True",0.1,0.1,15,NA,NA,NA,NA,NA,NA,NA,NA,NA,NA
"1751","2025/10/22","FPICO1T08:19","1999/09/16",1,1,4,NA,"PICO","L","C",31.8,NA,NA,NA," overq1_all","","Yes","ABGR","","","",NA,NA,NA,NA,"2025/10/22","True",0.1,0.1,15,NA,NA,NA,NA,NA,NA,NA,NA,NA,NA
"1752","2025/10/22","FPICO1T08:19","1999/09/16",1,1,5,NA,"PICO","L","I",17.2,NA,NA,NA," overq1_all","","Yes","FORK","","","",NA,NA,NA,NA,"2025/10/22","True",0.1,0.1,15,NA,NA,NA,NA,NA,NA,NA,NA,NA,NA
"1753","2025/10/22","FPICO1T08:19","1999/09/16",1,1,6,NA,"PICO","L","C",18.1,NA,NA,NA," overq1_all","","Yes","LEAN","","","",NA,NA,NA,NA,"2025/10/22","True",0.1,0.1,15,NA,NA,NA,NA,NA,NA,NA,NA,NA,NA
"1754","2025/10/22","FPICO1T08:19","1999/09/16",1,1,7,NA,"PICO","L","C",18.6,NA,NA,NA," overq1_all","","Yes","FORK","","","",NA,NA,NA,NA,"2025/10/22","True",0.1,0.1,15,NA,NA,NA,NA,NA,NA,NA,NA,NA,NA
"1755","2025/10/22","FPICO1T08:19","1999/09/16",1,1,8,NA,"PICO","L","C",21,NA,NA,NA," overq1_all","","Yes","","","","",NA,NA,NA,NA,"2025/10/22","True",0.1,0.1,15,NA,NA,NA,NA,NA,NA,NA,NA,NA,NA
"1756","2025/10/22","FPICO1T08:19","1999/09/16",1,1,9,NA,"PICO","D","RS",19.3,NA,NA,NA," overq1_all","","Yes","","","","",NA,NA,NA,NA,"2025/10/22","True",0.1,0.1,15,NA,NA,NA,NA,NA,NA,NA,NA,NA,NA
"1757","2025/10/22","FPICO1T08:19","1999/09/16",1,1,10,NA,"PICO","L","C",26.5,NA,NA,NA," overq1_all","","Yes","FORK","","","",NA,NA,NA,NA,"2025/10/22","True",0.1,0.1,15,NA,NA,NA,NA,NA,NA,NA,NA,NA,NA
"1758","2025/10/22","FPICO1T08:19","1999/09/16",1,1,11,NA,"PICO","L","C",19.5,NA,NA,NA," overq1_all","","Yes","CROK","","","",NA,NA,NA,NA,"2025/10/22","True",0.1,0.1,15,NA,NA,NA,NA,NA,NA,NA,NA,NA,NA
"1759","2025/10/22","FPICO1T08:19","1999/09/16",1,1,12,NA,"PICO","L","C",34.2,NA,NA,NA," overq1_all","","Yes","","","","",NA,NA,NA,NA,"2025/10/22","True",0.1,0.1,15,NA,NA,NA,NA,NA,NA,NA,NA,NA,NA
"1760","2025/10/22","FPICO1T08:19","1999/09/16",1,1,13,NA,"PICO","L","C",31.1,NA,NA,NA," overq1_all","","Yes","WOND","","","",NA,NA,NA,NA,"2025/10/22","True",0.1,0.1,15,NA,NA,NA,NA,NA,NA,NA,NA,NA,NA
"1761","2025/10/22","FPICO1T08:19","1999/09/16",1,1,14,NA,"PICO","L","C",28.9,NA,NA,NA," overq1_all","","Yes","TWIN","","","",NA,NA,NA,NA,"2025/10/22","True",0.1,0.1,15,NA,NA,NA,NA,NA,NA,NA,NA,NA,NA
"1762","2025/10/22","FPICO1T08:19","1999/09/16",1,1,15,NA,"PICO","D","CS",17.4,NA,NA,NA," overq1_all","","Yes","TWIN","","","",NA,NA,NA,NA,"2025/10/22","True",0.1,0.1,15,NA,NA,NA,NA,NA,NA,NA,NA,NA,NA
"1763","2025/10/22","FPICO1T08:19","1999/09/16",1,1,16,NA,"PICO","L","C",24.3,NA,NA,NA," overq1_all","","Yes","WOND","FORK","","",NA,NA,NA,NA,"2025/10/22","True",0.1,0.1,15,NA,NA,NA,NA,NA,NA,NA,NA,NA,NA
"1764","2025/10/22","FPICO1T08:19","1999/09/16",1,1,18,NA,"PICO","L","D",57.4,NA,NA,NA," overq1_all","","Yes","INSE","LIGT","WOND","LICH",NA,NA,NA,NA,"2025/10/22","True",0.1,0.1,15,NA,NA,NA,NA,NA,NA,NA,NA,NA,NA
"1765","2025/10/22","FPICO1T08:19","1999/09/16",1,1,19,NA,"PIEN","L","C",37.5,NA,NA,NA," overq1_all","","Yes","LIGT","","","",NA,NA,NA,NA,"2025/10/22","True",0.1,0.1,15,NA,NA,NA,NA,NA,NA,NA,NA,NA,NA
"1766","2025/10/22","FPICO1T08:19","1999/09/16",1,1,20,NA,"PICO","L","I",16.5,NA,NA,NA," overq1_all","","Yes","WOND","","","",NA,NA,NA,NA,"2025/10/22","True",0.1,0.1,15,NA,NA,NA,NA,NA,NA,NA,NA,NA,NA
"1767","2025/10/22","FPICO1T08:19","1999/09/16",1,1,21,NA,"PICO","D","CS",19.3,NA,NA,NA," overq1_all","","Yes","","","","",NA,NA,NA,NA,"2025/10/22","True",0.1,0.1,15,NA,NA,NA,NA,NA,NA,NA,NA,NA,NA
"1768","2025/10/22","FPICO1T08:19","1999/09/16",1,1,22,NA,"ABLA","L","C",22.8,NA,NA,NA," overq1_all","","Yes","","","","",NA,NA,NA,NA,"2025/10/22","True",0.1,0.1,15,NA,NA,NA,NA,NA,NA,NA,NA,NA,NA
"1769","2025/10/22","FPICO1T08:19","1999/09/16",1,2,23,NA,"PICO","L","C",27.7,NA,NA,NA," overq2_all","","Yes","CROK","","","",NA,NA,NA,NA,"2025/10/22","True",0.1,0.1,15,NA,NA,NA,NA,NA,NA,NA,NA,NA,NA
"1770","2025/10/22","FPICO1T08:19","1999/09/16",1,2,24,NA,"PICO","L","C",31.8,NA,NA,NA," overq2_all","","Yes","LEAN","","","",NA,NA,NA,NA,"2025/10/22","True",0.1,0.1,15,NA,NA,NA,NA,NA,NA,NA,NA,NA,NA
"1771","2025/10/22","FPICO1T08:19","1999/09/16",1,2,25,NA,"PICO","D","CS",19.8,NA,NA,NA," overq2_all","","Yes","","","","",NA,NA,NA,NA,"2025/10/22","True",0.1,0.1,15,NA,NA,NA,NA,NA,NA,NA,NA,NA,NA
"1772","2025/10/22","FPICO1T08:19","1999/09/16",1,2,26,NA,"PIEN","L","C",46.7,NA,NA,NA," overq2_all","","Yes","","","","",NA,NA,NA,NA,"2025/10/22","True",0.1,0.1,15,NA,NA,NA,NA,NA,NA,NA,NA,NA,NA
"1773","2025/10/22","FPICO1T08:19","1999/09/16",1,2,27,NA,"PICO","L","C",20.1,NA,NA,NA," overq2_all","","Yes","WOND","","","",NA,NA,NA,NA,"2025/10/22","True",0.1,0.1,15,NA,NA,NA,NA,NA,NA,NA,NA,NA,NA
"1774","2025/10/22","FPICO1T08:19","1999/09/16",1,2,28,NA,"PICO","D","RS",15.5,NA,NA,NA," overq2_all","","Yes","","","","",NA,NA,NA,NA,"2025/10/22","True",0.1,0.1,15,NA,NA,NA,NA,NA,NA,NA,NA,NA,NA
"1775","2025/10/22","FPICO1T08:19","1999/09/16",1,2,29,NA,"PICO","L","I",15.5,NA,NA,NA," overq2_all","","Yes","WOND","","","",NA,NA,NA,NA,"2025/10/22","True",0.1,0.1,15,NA,NA,NA,NA,NA,NA,NA,NA,NA,NA
"1776","2025/10/22","FPICO1T08:19","1999/09/16",1,2,30,NA,"ABLA","L","C",31,NA,NA,NA," overq2_all","","Yes","","","","",NA,NA,NA,NA,"2025/10/22","True",0.1,0.1,15,NA,NA,NA,NA,NA,NA,NA,NA,NA,NA
"1777","2025/10/22","FPICO1T08:19","1999/09/16",1,2,31,NA,"PICO","L","C",26.8,NA,NA,NA," overq2_all","","Yes","LEAN","","","",NA,NA,NA,NA,"2025/10/22","True",0.1,0.1,15,NA,NA,NA,NA,NA,NA,NA,NA,NA,NA
"1778","2025/10/22","FPICO1T08:19","1999/09/16",1,2,32,NA,"PICO","L","C",28.5,NA,NA,NA," overq2_all","","Yes","","","","",NA,NA,NA,NA,"2025/10/22","True",0.1,0.1,15,NA,NA,NA,NA,NA,NA,NA,NA,NA,NA
"1779","2025/10/22","FPICO1T08:19","1999/09/16",1,2,33,NA,"PICO","L","I",19.4,NA,NA,NA," overq2_all","","Yes","CROK","","","",NA,NA,NA,NA,"2025/10/22","True",0.1,0.1,15,NA,NA,NA,NA,NA,NA,NA,NA,NA,NA
"1780","2025/10/22","FPICO1T08:19","1999/09/16",1,2,34,NA,"PICO","L","I",25.5,NA,NA,NA," overq2_all","","Yes","INSE","FORK","","",NA,NA,NA,NA,"2025/10/22","True",0.1,0.1,15,NA,NA,NA,NA,NA,NA,NA,NA,NA,NA
"1781","2025/10/22","FPICO1T08:19","1999/09/16",1,2,35,NA,"PICO","L","I",23.9,NA,NA,NA," overq2_all","","Yes","","","","",NA,NA,NA,NA,"2025/10/22","True",0.1,0.1,15,NA,NA,NA,NA,NA,NA,NA,NA,NA,NA
"1782","2025/10/22","FPICO1T08:19","1999/09/16",1,2,36,NA,"PICO","L","C",25.5,NA,NA,NA," overq2_all","","Yes","","","","",NA,NA,NA,NA,"2025/10/22","True",0.1,0.1,15,NA,NA,NA,NA,NA,NA,NA,NA,NA,NA
"1783","2025/10/22","FPICO1T08:19","1999/09/16",1,2,37,NA,"PICO","L","I",18.5,NA,NA,NA," overq2_all","","Yes","","","","",NA,NA,NA,NA,"2025/10/22","True",0.1,0.1,15,NA,NA,NA,NA,NA,NA,NA,NA,NA,NA
"1784","2025/10/22","FPICO1T08:19","1999/09/16",1,2,38,NA,"PIEN","L","C",34.5,NA,NA,NA," overq2_all","","Yes","","","","",NA,NA,NA,NA,"2025/10/22","True",0.1,0.1,15,NA,NA,NA,NA,NA,NA,NA,NA,NA,NA
"1785","2025/10/22","FPICO1T08:19","1999/09/16",1,2,39,NA,"PICO","L","C",21.3,NA,NA,NA," overq2_all","","Yes","FORK","","","",NA,NA,NA,NA,"2025/10/22","True",0.1,0.1,15,NA,NA,NA,NA,NA,NA,NA,NA,NA,NA
"1786","2025/10/22","FPICO1T08:20","1999/09/16",1,1,1,NA,"PICO","D","X",12,0.6,NA,NA," poleq1_all","","Yes","","","",NA,NA,NA,NA,NA,"2025/10/22","True",0.1,0.1,15,NA,NA,NA,NA,NA,NA,NA,NA,NA,NA
"1787","2025/10/22","FPICO1T08:20","1999/09/16",1,1,2,NA,"PICO","L","X",6.3,5,NA,NA," poleq1_all","","Yes","","","",NA,NA,NA,NA,NA,"2025/10/22","True",0.1,0.1,15,NA,NA,NA,NA,NA,NA,NA,NA,NA,NA
"1788","2025/10/22","FPICO1T08:20","1999/09/16",1,1,3,NA,"PICO","L","X",5.9,5,NA,NA," poleq1_all","","Yes","","","",NA,NA,NA,NA,NA,"2025/10/22","True",0.1,0.1,15,NA,NA,NA,NA,NA,NA,NA,NA,NA,NA
"1789","2025/10/22","FPICO1T08:20","1999/09/16",1,1,4,NA,"PICO","D","X",11.9,10,NA,NA," poleq1_all","","Yes","","","",NA,NA,NA,NA,NA,"2025/10/22","True",0.1,0.1,15,NA,NA,NA,NA,NA,NA,NA,NA,NA,NA
"1790","2025/10/22","FPICO1T08:20","1999/09/16",1,1,5,NA,"PICO","D","X",3.5,2,NA,NA," poleq1_all","","Yes","","","",NA,NA,NA,NA,NA,"2025/10/22","True",0.1,0.1,15,NA,NA,NA,NA,NA,NA,NA,NA,NA,NA
"1791","2025/10/22","FPICO1T08:20","1999/09/16",1,1,6,NA,"PICO","L","X",8.5,7,NA,NA," poleq1_all","","Yes","","","",NA,NA,NA,NA,NA,"2025/10/22","True",0.1,0.1,15,NA,NA,NA,NA,NA,NA,NA,NA,NA,NA
"1792","2025/10/22","FPICO1T08:20","1999/09/16",1,1,7,NA,"PICO","L","X",5,4,NA,NA," poleq1_all","","Yes","","","",NA,NA,NA,NA,NA,"2025/10/22","True",0.1,0.1,15,NA,NA,NA,NA,NA,NA,NA,NA,NA,NA
"1793","2025/10/22","FPICO1T08:20","1999/09/16",1,1,8,NA,"PICO","L","X",9.1,6,NA,NA," poleq1_all","","Yes","","","",NA,NA,NA,NA,NA,"2025/10/22","True",0.1,0.1,15,NA,NA,NA,NA,NA,NA,NA,NA,NA,NA
"1794","2025/10/22","FPICO1T08:20","1999/09/16",1,1,9,NA,"PICO","L","X",7,5,NA,NA," poleq1_all","","Yes","","","",NA,NA,NA,NA,NA,"2025/10/22","True",0.1,0.1,15,NA,NA,NA,NA,NA,NA,NA,NA,NA,NA
"1795","2025/10/22","FPICO1T08:20","1999/09/16",1,1,10,NA,"PICO","L","X",7.5,7,NA,NA," poleq1_all","","Yes","","","",NA,NA,NA,NA,NA,"2025/10/22","True",0.1,0.1,15,NA,NA,NA,NA,NA,NA,NA,NA,NA,NA
"1796","2025/10/22","FPICO1T08:20","1999/09/16",1,1,11,NA,"PICO","L","X",3.7,3,NA,NA," poleq1_all","","Yes","","","",NA,NA,NA,NA,NA,"2025/10/22","True",0.1,0.1,15,NA,NA,NA,NA,NA,NA,NA,NA,NA,NA
"1797","2025/10/22","FPICO1T08:20","1999/09/16",1,1,12,NA,"PICO","L","X",8.5,6,NA,NA," poleq1_all","","Yes","","","",NA,NA,NA,NA,NA,"2025/10/22","True",0.1,0.1,15,NA,NA,NA,NA,NA,NA,NA,NA,NA,NA
"1798","2025/10/22","FPICO1T08:20","1999/09/16",1,1,13,NA,"PICO","D","X",7.1,2,NA,NA," poleq1_all","","Yes","","","",NA,NA,NA,NA,NA,"2025/10/22","True",0.1,0.1,15,NA,NA,NA,NA,NA,NA,NA,NA,NA,NA
"1799","2025/10/22","FPICO1T08:20","1999/09/16",1,1,14,NA,"PICO","D","X",9.5,5,NA,NA," poleq1_all","","Yes","","","",NA,NA,NA,NA,NA,"2025/10/22","True",0.1,0.1,15,NA,NA,NA,NA,NA,NA,NA,NA,NA,NA
"1800","2025/10/22","FPICO1T08:20","1999/09/16",1,1,15,NA,"PICO","D","X",9.7,9,NA,NA," poleq1_all","","Yes","","","",NA,NA,NA,NA,NA,"2025/10/22","True",0.1,0.1,15,NA,NA,NA,NA,NA,NA,NA,NA,NA,NA
"1801","2025/10/22","FPICO1T08:20","1999/09/16",1,1,16,NA,"PICO","D","X",8.2,4,NA,NA," poleq1_all","","Yes","","","",NA,NA,NA,NA,NA,"2025/10/22","True",0.1,0.1,15,NA,NA,NA,NA,NA,NA,NA,NA,NA,NA
"1802","2025/10/22","FPICO1T08:20","1999/09/16",1,1,17,NA,"PICO","D","X",5,5,NA,NA," poleq1_all","","Yes","","","",NA,NA,NA,NA,NA,"2025/10/22","True",0.1,0.1,15,NA,NA,NA,NA,NA,NA,NA,NA,NA,NA
"1803","2025/10/22","FPICO1T08:20","1999/09/16",1,1,18,NA,"PICO","L","X",10.9,8,NA,NA," poleq1_all","","Yes","","","",NA,NA,NA,NA,NA,"2025/10/22","True",0.1,0.1,15,NA,NA,NA,NA,NA,NA,NA,NA,NA,NA
"1804","2025/10/22","FPICO1T08:20","1999/09/16",1,1,19,NA,"PICO","D","X",7,7,NA,NA," poleq1_all","","Yes","","","",NA,NA,NA,NA,NA,"2025/10/22","True",0.1,0.1,15,NA,NA,NA,NA,NA,NA,NA,NA,NA,NA
"1805","2025/10/22","FPICO1T08:20","1999/09/16",1,1,20,NA,"PICO","D","X",10.7,9,NA,NA," poleq1_all","","Yes","","","",NA,NA,NA,NA,NA,"2025/10/22","True",0.1,0.1,15,NA,NA,NA,NA,NA,NA,NA,NA,NA,NA
"1806","2025/10/22","FPICO1T08:20","1999/09/16",1,1,21,NA,"PICO","D","X",7.2,6,NA,NA," poleq1_all","","Yes","","","",NA,NA,NA,NA,NA,"2025/10/22","True",0.1,0.1,15,NA,NA,NA,NA,NA,NA,NA,NA,NA,NA
"1807","2025/10/22","FPICO1T08:20","1999/09/16",1,1,22,NA,"PICO","L","X",12.8,10,NA,NA," poleq1_all","","Yes","","","",NA,NA,NA,NA,NA,"2025/10/22","True",0.1,0.1,15,NA,NA,NA,NA,NA,NA,NA,NA,NA,NA
"1808","2025/10/22","FPICO1T08:20","1999/09/16",1,1,23,NA,"PICO","L","X",9.9,9,NA,NA," poleq1_all","","Yes","","","",NA,NA,NA,NA,NA,"2025/10/22","True",0.1,0.1,15,NA,NA,NA,NA,NA,NA,NA,NA,NA,NA
"1809","2025/10/22","FPICO1T08:20","1999/09/16",1,1,24,NA,"PICO","L","X",9.7,6,NA,NA," poleq1_all","","Yes","","","",NA,NA,NA,NA,NA,"2025/10/22","True",0.1,0.1,15,NA,NA,NA,NA,NA,NA,NA,NA,NA,NA
"1810","2025/10/22","FPICO1T08:20","1999/09/16",1,2,25,NA,"PICO","L","X",12.4,10,NA,NA," poleq2_all","","Yes","","","",NA,NA,NA,NA,NA,"2025/10/22","True",0.1,0.1,15,NA,NA,NA,NA,NA,NA,NA,NA,NA,NA
"1811","2025/10/22","FPICO1T08:20","1999/09/16",1,2,26,NA,"PICO","L","X",3,2,NA,NA," poleq2_all","","Yes","","","",NA,NA,NA,NA,NA,"2025/10/22","True",0.1,0.1,15,NA,NA,NA,NA,NA,NA,NA,NA,NA,NA
"1812","2025/10/22","FPICO1T08:20","1999/09/16",1,2,27,NA,"PICO","L","X",12.9,10,NA,NA," poleq2_all","","Yes","","","",NA,NA,NA,NA,NA,"2025/10/22","True",0.1,0.1,15,NA,NA,NA,NA,NA,NA,NA,NA,NA,NA
"1813","2025/10/22","FPICO1T08:20","1999/09/16",1,2,28,NA,"PICO","L","X",10.6,10,NA,NA," poleq2_all","","Yes","","","",NA,NA,NA,NA,NA,"2025/10/22","True",0.1,0.1,15,NA,NA,NA,NA,NA,NA,NA,NA,NA,NA
"1814","2025/10/22","FPICO1T08:20","1999/09/16",1,2,29,NA,"PICO","L","X",13.8,10,NA,NA," poleq2_all","","Yes","","","",NA,NA,NA,NA,NA,"2025/10/22","True",0.1,0.1,15,NA,NA,NA,NA,NA,NA,NA,NA,NA,NA
"1815","2025/10/22","FPICO1T08:20","1999/09/16",1,2,30,NA,"PICO","L","X",4.7,4,NA,NA," poleq2_all","","Yes","","","",NA,NA,NA,NA,NA,"2025/10/22","True",0.1,0.1,15,NA,NA,NA,NA,NA,NA,NA,NA,NA,NA
"1816","2025/10/22","FPICO1T08:20","1999/09/16",1,2,31,NA,"PICO","L","X",9.1,5,NA,NA," poleq2_all","","Yes","","","",NA,NA,NA,NA,NA,"2025/10/22","True",0.1,0.1,15,NA,NA,NA,NA,NA,NA,NA,NA,NA,NA
"1817","2025/10/22","FPICO1T08:20","1999/09/16",1,2,32,NA,"PICO","D","X",9.5,9,NA,NA," poleq2_all","","Yes","","","",NA,NA,NA,NA,NA,"2025/10/22","True",0.1,0.1,15,NA,NA,NA,NA,NA,NA,NA,NA,NA,NA
"1818","2025/10/22","FPICO1T08:20","1999/09/16",1,2,33,NA,"PICO","D","X",2.7,3,NA,NA," poleq2_all","","Yes","","","",NA,NA,NA,NA,NA,"2025/10/22","True",0.1,0.1,15,NA,NA,NA,NA,NA,NA,NA,NA,NA,NA
"1819","2025/10/22","FPICO1T08:20","1999/09/16",1,2,34,NA,"PICO","L","X",7.8,5,NA,NA," poleq2_all","","Yes","","","",NA,NA,NA,NA,NA,"2025/10/22","True",0.1,0.1,15,NA,NA,NA,NA,NA,NA,NA,NA,NA,NA
"1820","2025/10/22","FPICO1T08:20","1999/09/16",1,2,35,NA,"PICO","D","X",7.1,4,NA,NA," poleq2_all","","Yes","","","",NA,NA,NA,NA,NA,"2025/10/22","True",0.1,0.1,15,NA,NA,NA,NA,NA,NA,NA,NA,NA,NA
"1821","2025/10/22","FPICO1T08:20","1999/09/16",1,2,36,NA,"PICO","L","X",8.6,6,NA,NA," poleq2_all","","Yes","","","",NA,NA,NA,NA,NA,"2025/10/22","True",0.1,0.1,15,NA,NA,NA,NA,NA,NA,NA,NA,NA,NA
"1822","2025/10/22","FPICO1T08:20","1999/09/16",1,2,37,NA,"PICO","D","X",4.3,3,NA,NA," poleq2_all","","Yes","","","",NA,NA,NA,NA,NA,"2025/10/22","True",0.1,0.1,15,NA,NA,NA,NA,NA,NA,NA,NA,NA,NA
"1823","2025/10/22","FPICO1T08:20","1999/09/16",1,2,38,NA,"PICO","D","X",6.2,5,NA,NA," poleq2_all","","Yes","","","",NA,NA,NA,NA,NA,"2025/10/22","True",0.1,0.1,15,NA,NA,NA,NA,NA,NA,NA,NA,NA,NA
"1824","2025/10/22","FPICO1T08:20","1999/09/16",1,2,39,NA,"PICO","L","X",14.9,10,NA,NA," poleq2_all","","Yes","","","",NA,NA,NA,NA,NA,"2025/10/22","True",0.1,0.1,15,NA,NA,NA,NA,NA,NA,NA,NA,NA,NA
"1825","2025/10/22","FPICO1T08:20","1999/09/16",1,2,40,NA,"PICO","L","X",6.6,4,NA,NA," poleq2_all","","Yes","","","",NA,NA,NA,NA,NA,"2025/10/22","True",0.1,0.1,15,NA,NA,NA,NA,NA,NA,NA,NA,NA,NA
"1826","2025/10/22","FPICO1T08:20","1999/09/16",1,2,41,NA,"PICO","L","X",6.7,5,NA,NA," poleq2_all","","Yes","","","",NA,NA,NA,NA,NA,"2025/10/22","True",0.1,0.1,15,NA,NA,NA,NA,NA,NA,NA,NA,NA,NA
"1827","2025/10/22","FPICO1T08:20","1999/09/16",1,2,42,NA,"PICO","D","X",13,10,NA,NA," poleq2_all","","Yes","","","",NA,NA,NA,NA,NA,"2025/10/22","True",0.1,0.1,15,NA,NA,NA,NA,NA,NA,NA,NA,NA,NA
"1828","2025/10/22","FPICO1T08:20","1999/09/16",1,2,43,NA,"PICO","L","X",9.8,6,NA,NA," poleq2_all","","Yes","","","",NA,NA,NA,NA,NA,"2025/10/22","True",0.1,0.1,15,NA,NA,NA,NA,NA,NA,NA,NA,NA,NA
"1829","2025/10/22","FPICO1T08:20","1999/09/16",1,2,44,NA,"PICO","L","X",6.7,4,NA,NA," poleq2_all","","Yes","","","",NA,NA,NA,NA,NA,"2025/10/22","True",0.1,0.1,15,NA,NA,NA,NA,NA,NA,NA,NA,NA,NA
"1830","2025/10/22","FPICO1T08:20","1999/09/16",1,2,45,NA,"PICO","L","X",11,6,NA,NA," poleq2_all","","Yes","","","",NA,NA,NA,NA,NA,"2025/10/22","True",0.1,0.1,15,NA,NA,NA,NA,NA,NA,NA,NA,NA,NA
"1831","2025/10/22","FPICO1T08:20","1999/09/16",1,2,46,NA,"PICO","L","X",5,3,NA,NA," poleq2_all","","Yes","","","",NA,NA,NA,NA,NA,"2025/10/22","True",0.1,0.1,15,NA,NA,NA,NA,NA,NA,NA,NA,NA,NA
"1832","2025/10/22","FPICO1T08:20","1999/09/16",1,2,47,NA,"PICO","D","X",12.7,10,NA,NA," poleq2_all","","Yes","","","",NA,NA,NA,NA,NA,"2025/10/22","True",0.1,0.1,15,NA,NA,NA,NA,NA,NA,NA,NA,NA,NA
"1833","2025/10/22","FPICO1T08:20","1999/09/16",1,2,48,NA,"PICO","D","X",7.7,2,NA,NA," poleq2_all","","Yes","","","",NA,NA,NA,NA,NA,"2025/10/22","True",0.1,0.1,15,NA,NA,NA,NA,NA,NA,NA,NA,NA,NA
"1834","2025/10/22","FPICO1T08:20","1999/09/16",1,2,49,NA,"PICO","L","X",14.9,10,NA,NA," poleq2_all","","Yes","","","",NA,NA,NA,NA,NA,"2025/10/22","True",0.1,0.1,15,NA,NA,NA,NA,NA,NA,NA,NA,NA,NA
"1835","2025/10/22","FPICO1T08:20","1999/09/16",1,2,50,NA,"PICO","D","X",9.5,7,NA,NA," poleq2_all","","Yes","","","",NA,NA,NA,NA,NA,"2025/10/22","True",0.1,0.1,15,NA,NA,NA,NA,NA,NA,NA,NA,NA,NA
"1836","2025/10/22","FPICO1T08:20","1999/09/16",1,2,51,NA,"PICO","L","X",7.8,6,NA,NA," poleq2_all","","Yes","","","",NA,NA,NA,NA,NA,"2025/10/22","True",0.1,0.1,15,NA,NA,NA,NA,NA,NA,NA,NA,NA,NA
"1837","2025/10/22","FPICO1T08:20","1999/09/16",1,2,52,NA,"PICO","L","X",10.7,6,NA,NA," poleq2_all","","Yes","","","",NA,NA,NA,NA,NA,"2025/10/22","True",0.1,0.1,15,NA,NA,NA,NA,NA,NA,NA,NA,NA,NA
"1838","2025/10/22","FPICO1T08:20","1999/09/16",1,2,53,NA,"PICO","L","X",5.6,5,NA,NA," poleq2_all","","Yes","","","",NA,NA,NA,NA,NA,"2025/10/22","True",0.1,0.1,15,NA,NA,NA,NA,NA,NA,NA,NA,NA,NA
"1839","2025/10/22","FPICO1T08:20","1999/09/16",1,1,40,NA,"PICO","L","I",17.8,NA,NA,NA," overq1_all","","Yes","LEAN","WOND","",NA,NA,NA,NA,NA,"2025/10/22","True",0.1,0.1,15,NA,NA,NA,NA,NA,NA,NA,NA,NA,NA
"1840","2025/10/22","FPICO1T08:20","1999/09/16",1,1,41,NA,"PICO","L","C",28,NA,NA,NA," overq1_all","","Yes","","","",NA,NA,NA,NA,NA,"2025/10/22","True",0.1,0.1,15,NA,NA,NA,NA,NA,NA,NA,NA,NA,NA
"1841","2025/10/22","FPICO1T08:20","1999/09/16",1,1,42,NA,"PICO","D","RS",27,NA,NA,NA," overq1_all","","Yes","WOND","FIRE","",NA,NA,NA,NA,NA,"2025/10/22","True",0.1,0.1,15,NA,NA,NA,NA,NA,NA,NA,NA,NA,NA
"1842","2025/10/22","FPICO1T08:20","1999/09/16",1,1,43,NA,"PICO","L","C",24.7,NA,NA,NA," overq1_all","","Yes","WOND","","",NA,NA,NA,NA,NA,"2025/10/22","True",0.1,0.1,15,NA,NA,NA,NA,NA,NA,NA,NA,NA,NA
"1843","2025/10/22","FPICO1T08:20","1999/09/16",1,1,44,NA,"PICO","D","BAD",15.5,NA,NA,NA," overq1_all","","Yes","","","",NA,NA,NA,NA,NA,"2025/10/22","True",0.1,0.1,15,NA,NA,NA,NA,NA,NA,NA,NA,NA,NA
"1844","2025/10/22","FPICO1T08:20","1999/09/16",1,1,45,NA,"PICO","L","D",21.5,NA,NA,NA," overq1_all","","Yes","","","",NA,NA,NA,NA,NA,"2025/10/22","True",0.1,0.1,15,NA,NA,NA,NA,NA,NA,NA,NA,NA,NA
"1845","2025/10/22","FPICO1T08:20","1999/09/16",1,1,46,NA,"PICO","L","C",22.2,NA,NA,NA," overq1_all","","Yes","WOND","","",NA,NA,NA,NA,NA,"2025/10/22","True",0.1,0.1,15,NA,NA,NA,NA,NA,NA,NA,NA,NA,NA
"1846","2025/10/22","FPICO1T08:20","1999/09/16",1,1,47,NA,"PICO","D","RS",15.7,NA,NA,NA," overq1_all","","Yes","","","",NA,NA,NA,NA,NA,"2025/10/22","True",0.1,0.1,15,NA,NA,NA,NA,NA,NA,NA,NA,NA,NA
"1847","2025/10/22","FPICO1T08:20","1999/09/16",1,1,48,NA,"PICO","L","C",21.3,NA,NA,NA," overq1_all","","Yes","DTOP","FIRE","",NA,NA,NA,NA,NA,"2025/10/22","True",0.1,0.1,15,NA,NA,NA,NA,NA,NA,NA,NA,NA,NA
"1848","2025/10/22","FPICO1T08:20","1999/09/16",1,1,49,NA,"PICO","L","C",24.5,NA,NA,NA," overq1_all","","Yes","LEAN","CROK","SPAR",NA,NA,NA,NA,NA,"2025/10/22","True",0.1,0.1,15,NA,NA,NA,NA,NA,NA,NA,NA,NA,NA
"1849","2025/10/22","FPICO1T08:20","1999/09/16",1,1,50,NA,"PICO","L","D",27.5,NA,NA,NA," overq1_all","","Yes","FORK","CROK","",NA,NA,NA,NA,NA,"2025/10/22","True",0.1,0.1,15,NA,NA,NA,NA,NA,NA,NA,NA,NA,NA
"1850","2025/10/22","FPICO1T08:20","1999/09/16",1,1,51,NA,"PICO","L","C",21.8,NA,NA,NA," overq1_all","","Yes","","","",NA,NA,NA,NA,NA,"2025/10/22","True",0.1,0.1,15,NA,NA,NA,NA,NA,NA,NA,NA,NA,NA
"1851","2025/10/22","FPICO1T08:20","1999/09/16",1,1,52,NA,"PICO","D","RS",22,NA,NA,NA," overq1_all","","Yes","WOND","","",NA,NA,NA,NA,NA,"2025/10/22","True",0.1,0.1,15,NA,NA,NA,NA,NA,NA,NA,NA,NA,NA
"1852","2025/10/22","FPICO1T08:20","1999/09/16",1,1,53,NA,"PICO","L","D",38.9,NA,NA,NA," overq1_all","","Yes","","","",NA,NA,NA,NA,NA,"2025/10/22","True",0.1,0.1,15,NA,NA,NA,NA,NA,NA,NA,NA,NA,NA
"1853","2025/10/22","FPICO1T08:20","1999/09/16",1,1,54,NA,"PICO","L","C",20.9,NA,NA,NA," overq1_all","","Yes","CROK","","",NA,NA,NA,NA,NA,"2025/10/22","True",0.1,0.1,15,NA,NA,NA,NA,NA,NA,NA,NA,NA,NA
"1854","2025/10/22","FPICO1T08:20","1999/09/16",1,1,55,NA,"PICO","L","C",21.7,NA,NA,NA," overq1_all","","Yes","FORK","","",NA,NA,NA,NA,NA,"2025/10/22","True",0.1,0.1,15,NA,NA,NA,NA,NA,NA,NA,NA,NA,NA
"1855","2025/10/22","FPICO1T08:20","1999/09/16",1,1,56,NA,"PICO","L","C",26.2,NA,NA,NA," overq1_all","","Yes","WOND","","",NA,NA,NA,NA,NA,"2025/10/22","True",0.1,0.1,15,NA,NA,NA,NA,NA,NA,NA,NA,NA,NA
"1856","2025/10/22","FPICO1T08:20","1999/09/16",1,1,57,NA,"PICO","L","C",16.2,NA,NA,NA," overq1_all","","Yes","DTOP","","",NA,NA,NA,NA,NA,"2025/10/22","True",0.1,0.1,15,NA,NA,NA,NA,NA,NA,NA,NA,NA,NA
"1857","2025/10/22","FPICO1T08:20","1999/09/16",1,1,58,NA,"PICO","L","C",24,NA,NA,NA," overq1_all","","Yes","","","",NA,NA,NA,NA,NA,"2025/10/22","True",0.1,0.1,15,NA,NA,NA,NA,NA,NA,NA,NA,NA,NA
"1858","2025/10/22","FPICO1T08:20","1999/09/16",1,1,59,NA,"PICO","L","C",20.7,NA,NA,NA," overq1_all","","Yes","","","",NA,NA,NA,NA,NA,"2025/10/22","True",0.1,0.1,15,NA,NA,NA,NA,NA,NA,NA,NA,NA,NA
"1859","2025/10/22","FPICO1T08:20","1999/09/16",1,1,60,NA,"PICO","L","I",18.2,NA,NA,NA," overq1_all","","Yes","","","",NA,NA,NA,NA,NA,"2025/10/22","True",0.1,0.1,15,NA,NA,NA,NA,NA,NA,NA,NA,NA,NA
"1860","2025/10/22","FPICO1T08:20","1999/09/16",1,1,61,NA,"PICO","L","C",18.9,NA,NA,NA," overq1_all","","Yes","WOND","","",NA,NA,NA,NA,NA,"2025/10/22","True",0.1,0.1,15,NA,NA,NA,NA,NA,NA,NA,NA,NA,NA
"1861","2025/10/22","FPICO1T08:20","1999/09/16",1,1,62,NA,"PICO","L","C",24.6,NA,NA,NA," overq1_all","","Yes","CROK","","",NA,NA,NA,NA,NA,"2025/10/22","True",0.1,0.1,15,NA,NA,NA,NA,NA,NA,NA,NA,NA,NA
"1862","2025/10/22","FPICO1T08:20","1999/09/16",1,1,63,NA,"PICO","L","C",17.2,NA,NA,NA," overq1_all","","Yes","","","",NA,NA,NA,NA,NA,"2025/10/22","True",0.1,0.1,15,NA,NA,NA,NA,NA,NA,NA,NA,NA,NA
"1863","2025/10/22","FPICO1T08:20","1999/09/16",1,2,64,NA,"PICO","L","C",23,NA,NA,NA," overq2_all","","Yes","","","",NA,NA,NA,NA,NA,"2025/10/22","True",0.1,0.1,15,NA,NA,NA,NA,NA,NA,NA,NA,NA,NA
"1864","2025/10/22","FPICO1T08:20","1999/09/16",1,2,65,NA,"PICO","L","C",19.2,NA,NA,NA," overq2_all","","Yes","","","",NA,NA,NA,NA,NA,"2025/10/22","True",0.1,0.1,15,NA,NA,NA,NA,NA,NA,NA,NA,NA,NA
"1865","2025/10/22","FPICO1T08:20","1999/09/16",1,2,66,NA,"PICO","L","D",26.5,NA,NA,NA," overq2_all","","Yes","FORK","","",NA,NA,NA,NA,NA,"2025/10/22","True",0.1,0.1,15,NA,NA,NA,NA,NA,NA,NA,NA,NA,NA
"1866","2025/10/22","FPICO1T08:20","1999/09/16",1,2,67,NA,"PICO","L","C",24.3,NA,NA,NA," overq2_all","","Yes","FIRE","","",NA,NA,NA,NA,NA,"2025/10/22","True",0.1,0.1,15,NA,NA,NA,NA,NA,NA,NA,NA,NA,NA
"1867","2025/10/22","FPICO1T08:20","1999/09/16",1,2,68,NA,"PICO","L","C",23.8,NA,NA,NA," overq2_all","","Yes","","","",NA,NA,NA,NA,NA,"2025/10/22","True",0.1,0.1,15,NA,NA,NA,NA,NA,NA,NA,NA,NA,NA
"1868","2025/10/22","FPICO1T08:20","1999/09/16",1,2,69,NA,"PICO","L","C",19.8,NA,NA,NA," overq2_all","","Yes","LEAN","","",NA,NA,NA,NA,NA,"2025/10/22","True",0.1,0.1,15,NA,NA,NA,NA,NA,NA,NA,NA,NA,NA
"1869","2025/10/22","FPICO1T08:20","1999/09/16",1,2,70,NA,"PICO","L","C",24.9,NA,NA,NA," overq2_all","","Yes","LEAN","","",NA,NA,NA,NA,NA,"2025/10/22","True",0.1,0.1,15,NA,NA,NA,NA,NA,NA,NA,NA,NA,NA
"1870","2025/10/22","FPICO1T08:20","1999/09/16",1,2,71,NA,"PICO","D","RS",15.1,NA,NA,NA," overq2_all","","Yes","","","",NA,NA,NA,NA,NA,"2025/10/22","True",0.1,0.1,15,NA,NA,NA,NA,NA,NA,NA,NA,NA,NA
"1871","2025/10/22","FPICO1T08:20","1999/09/16",1,2,72,NA,"PICO","L","D",37.6,NA,NA,NA," overq2_all","","Yes","DTOP","FIRE","",NA,NA,NA,NA,NA,"2025/10/22","True",0.1,0.1,15,NA,NA,NA,NA,NA,NA,NA,NA,NA,NA
"1872","2025/10/22","FPICO1T08:20","1999/09/16",1,2,73,NA,"PICO","L","C",22.5,NA,NA,NA," overq2_all","","Yes","DTOP","","",NA,NA,NA,NA,NA,"2025/10/22","True",0.1,0.1,15,NA,NA,NA,NA,NA,NA,NA,NA,NA,NA
"1873","2025/10/22","FPICO1T08:20","1999/09/16",1,2,74,NA,"PICO","L","D",30.3,NA,NA,NA," overq2_all","","Yes","","","",NA,NA,NA,NA,NA,"2025/10/22","True",0.1,0.1,15,NA,NA,NA,NA,NA,NA,NA,NA,NA,NA
"1874","2025/10/22","FPICO1T08:20","1999/09/16",1,2,75,NA,"PICO","L","C",26.1,NA,NA,NA," overq2_all","","Yes","","","",NA,NA,NA,NA,NA,"2025/10/22","True",0.1,0.1,15,NA,NA,NA,NA,NA,NA,NA,NA,NA,NA
"1875","2025/10/22","FPICO1T08:20","1999/09/16",1,2,76,NA,"PICO","L","C",26.9,NA,NA,NA," overq2_all","","Yes","INSE","LEAN","",NA,NA,NA,NA,NA,"2025/10/22","True",0.1,0.1,15,NA,NA,NA,NA,NA,NA,NA,NA,NA,NA
"1876","2025/10/22","FPICO1T08:20","1999/09/16",1,2,77,NA,"PICO","L","I",19.6,NA,NA,NA," overq2_all","","Yes","FORK","LEAN","WOND",NA,NA,NA,NA,NA,"2025/10/22","True",0.1,0.1,15,NA,NA,NA,NA,NA,NA,NA,NA,NA,NA
"1877","2025/10/22","FPICO1T08:20","1999/09/16",1,2,78,NA,"PICO","L","D",26,NA,NA,NA," overq2_all","","Yes","","","",NA,NA,NA,NA,NA,"2025/10/22","True",0.1,0.1,15,NA,NA,NA,NA,NA,NA,NA,NA,NA,NA
"1878","2025/10/22","FPICO1T08:21","2000/08/19",1,1,1,NA,"PICO","L","X",11.4,9,NA,NA," poleq1_all","","Yes","","","",NA,NA,NA,NA,NA,"2025/10/22","True",0.1,0.1,15,NA,NA,NA,NA,NA,NA,NA,NA,NA,NA
"1879","2025/10/22","FPICO1T08:21","2000/08/19",1,1,2,NA,"PICO","D","X",8.8,7,NA,NA," poleq1_all","","Yes","","","",NA,NA,NA,NA,NA,"2025/10/22","True",0.1,0.1,15,NA,NA,NA,NA,NA,NA,NA,NA,NA,NA
"1880","2025/10/22","FPICO1T08:21","2000/08/19",1,1,3,NA,"PICO","L","X",13.9,10,NA,NA," poleq1_all","","Yes","","","",NA,NA,NA,NA,NA,"2025/10/22","True",0.1,0.1,15,NA,NA,NA,NA,NA,NA,NA,NA,NA,NA
"1881","2025/10/22","FPICO1T08:21","2000/08/19",1,1,4,NA,"PICO","L","X",10.1,9,NA,NA," poleq1_all","","Yes","","","",NA,NA,NA,NA,NA,"2025/10/22","True",0.1,0.1,15,NA,NA,NA,NA,NA,NA,NA,NA,NA,NA
"1882","2025/10/22","FPICO1T08:21","2000/08/19",1,1,5,NA,"PICO","L","X",12.1,9,NA,NA," poleq1_all","","Yes","","","",NA,NA,NA,NA,NA,"2025/10/22","True",0.1,0.1,15,NA,NA,NA,NA,NA,NA,NA,NA,NA,NA
"1883","2025/10/22","FPICO1T08:21","2000/08/19",1,1,6,NA,"PICO","D","X",6.8,5,NA,NA," poleq1_all","","Yes","","","",NA,NA,NA,NA,NA,"2025/10/22","True",0.1,0.1,15,NA,NA,NA,NA,NA,NA,NA,NA,NA,NA
"1884","2025/10/22","FPICO1T08:21","2000/08/19",1,1,7,NA,"PICO","L","X",12.7,9,NA,NA," poleq1_all","","Yes","","","",NA,NA,NA,NA,NA,"2025/10/22","True",0.1,0.1,15,NA,NA,NA,NA,NA,NA,NA,NA,NA,NA
"1885","2025/10/22","FPICO1T08:21","2000/08/19",1,1,8,NA,"PICO","L","X",11.9,9,NA,NA," poleq1_all","","Yes","","","",NA,NA,NA,NA,NA,"2025/10/22","True",0.1,0.1,15,NA,NA,NA,NA,NA,NA,NA,NA,NA,NA
"1886","2025/10/22","FPICO1T08:21","2000/08/19",1,1,9,NA,"PICO","L","X",14.6,9,NA,NA," poleq1_all","","Yes","","","",NA,NA,NA,NA,NA,"2025/10/22","True",0.1,0.1,15,NA,NA,NA,NA,NA,NA,NA,NA,NA,NA
"1887","2025/10/22","FPICO1T08:21","2000/08/19",1,1,10,NA,"PICO","D","X",14.2,9,NA,NA," poleq1_all","","Yes","","","",NA,NA,NA,NA,NA,"2025/10/22","True",0.1,0.1,15,NA,NA,NA,NA,NA,NA,NA,NA,NA,NA
"1888","2025/10/22","FPICO1T08:21","2000/08/19",1,1,11,NA,"PICO","L","X",11.8,8,NA,NA," poleq1_all","","Yes","","","",NA,NA,NA,NA,NA,"2025/10/22","True",0.1,0.1,15,NA,NA,NA,NA,NA,NA,NA,NA,NA,NA
"1889","2025/10/22","FPICO1T08:21","2000/08/19",1,1,12,NA,"PICO","D","X",5.7,6,NA,NA," poleq1_all","","Yes","","","",NA,NA,NA,NA,NA,"2025/10/22","True",0.1,0.1,15,NA,NA,NA,NA,NA,NA,NA,NA,NA,NA
"1890","2025/10/22","FPICO1T08:21","2000/08/19",1,1,13,NA,"PICO","D","X",11.8,8,NA,NA," poleq1_all","","Yes","","","",NA,NA,NA,NA,NA,"2025/10/22","True",0.1,0.1,15,NA,NA,NA,NA,NA,NA,NA,NA,NA,NA
"1891","2025/10/22","FPICO1T08:21","2000/08/19",1,1,14,NA,"PICO","D","X",2.7,3,NA,NA," poleq1_all","","Yes","","","",NA,NA,NA,NA,NA,"2025/10/22","True",0.1,0.1,15,NA,NA,NA,NA,NA,NA,NA,NA,NA,NA
"1892","2025/10/22","FPICO1T08:21","2000/08/19",1,1,15,NA,"PICO","L","X",9.8,8,NA,NA," poleq1_all","","Yes","","","",NA,NA,NA,NA,NA,"2025/10/22","True",0.1,0.1,15,NA,NA,NA,NA,NA,NA,NA,NA,NA,NA
"1893","2025/10/22","FPICO1T08:21","2000/08/19",1,1,16,NA,"PICO","D","X",7.9,6,NA,NA," poleq1_all","","Yes","","","",NA,NA,NA,NA,NA,"2025/10/22","True",0.1,0.1,15,NA,NA,NA,NA,NA,NA,NA,NA,NA,NA
"1894","2025/10/22","FPICO1T08:21","2000/08/19",1,1,17,NA,"PICO","D","X",3.7,4,NA,NA," poleq1_all","","Yes","","","",NA,NA,NA,NA,NA,"2025/10/22","True",0.1,0.1,15,NA,NA,NA,NA,NA,NA,NA,NA,NA,NA
"1895","2025/10/22","FPICO1T08:21","2000/08/19",1,1,18,NA,"PIEN","L","X",14,9,NA,NA," poleq1_all","","Yes","","","",NA,NA,NA,NA,NA,"2025/10/22","True",0.1,0.1,15,NA,NA,NA,NA,NA,NA,NA,NA,NA,NA
"1896","2025/10/22","FPICO1T08:21","2000/08/19",1,1,19,NA,"PICO","D","X",13.4,9,NA,NA," poleq1_all","","Yes","","","",NA,NA,NA,NA,NA,"2025/10/22","True",0.1,0.1,15,NA,NA,NA,NA,NA,NA,NA,NA,NA,NA
"1897","2025/10/22","FPICO1T08:21","2000/08/19",1,1,20,NA,"PICO","D","X",12.3,9,NA,NA," poleq1_all","","Yes","","","",NA,NA,NA,NA,NA,"2025/10/22","True",0.1,0.1,15,NA,NA,NA,NA,NA,NA,NA,NA,NA,NA
"1898","2025/10/22","FPICO1T08:21","2000/08/19",1,1,21,NA,"PICO","D","X",8.8,9,NA,NA," poleq1_all","","Yes","","","",NA,NA,NA,NA,NA,"2025/10/22","True",0.1,0.1,15,NA,NA,NA,NA,NA,NA,NA,NA,NA,NA
"1899","2025/10/22","FPICO1T08:21","2000/08/19",1,1,22,NA,"PICO","D","X",5.7,8,NA,NA," poleq1_all","","Yes","","","",NA,NA,NA,NA,NA,"2025/10/22","True",0.1,0.1,15,NA,NA,NA,NA,NA,NA,NA,NA,NA,NA
"1900","2025/10/22","FPICO1T08:21","2000/08/19",1,1,23,NA,"PICO","D","X",4.9,7,NA,NA," poleq1_all","","Yes","","","",NA,NA,NA,NA,NA,"2025/10/22","True",0.1,0.1,15,NA,NA,NA,NA,NA,NA,NA,NA,NA,NA
"1901","2025/10/22","FPICO1T08:21","2000/08/19",1,1,24,NA,"PICO","D","X",4.5,7,NA,NA," poleq1_all","","Yes","","","",NA,NA,NA,NA,NA,"2025/10/22","True",0.1,0.1,15,NA,NA,NA,NA,NA,NA,NA,NA,NA,NA
"1902","2025/10/22","FPICO1T08:21","2000/08/19",1,1,25,NA,"PICO","D","X",8.6,9,NA,NA," poleq1_all","","Yes","","","",NA,NA,NA,NA,NA,"2025/10/22","True",0.1,0.1,15,NA,NA,NA,NA,NA,NA,NA,NA,NA,NA
"1903","2025/10/22","FPICO1T08:21","2000/08/19",1,1,26,NA,"PICO","D","X",10.8,9,NA,NA," poleq1_all","","Yes","","","",NA,NA,NA,NA,NA,"2025/10/22","True",0.1,0.1,15,NA,NA,NA,NA,NA,NA,NA,NA,NA,NA
"1904","2025/10/22","FPICO1T08:21","2000/08/19",1,1,27,NA,"PICO","D","X",11,7,NA,NA," poleq1_all","","Yes","","","",NA,NA,NA,NA,NA,"2025/10/22","True",0.1,0.1,15,NA,NA,NA,NA,NA,NA,NA,NA,NA,NA
"1905","2025/10/22","FPICO1T08:21","2000/08/19",1,1,28,NA,"PICO","D","X",12.5,10,NA,NA," poleq1_all","","Yes","","","",NA,NA,NA,NA,NA,"2025/10/22","True",0.1,0.1,15,NA,NA,NA,NA,NA,NA,NA,NA,NA,NA
"1906","2025/10/22","FPICO1T08:21","2000/08/19",1,1,114,NA,"PICO","D","X",14.5,10,NA,NA," poleq1_all","","Yes","","","",NA,NA,NA,NA,NA,"2025/10/22","True",0.1,0.1,15,NA,NA,NA,NA,NA,NA,NA,NA,NA,NA
"1907","2025/10/22","FPICO1T08:21","2000/08/19",1,2,29,NA,"PICO","D","X",9.2,8,NA,NA," poleq2_all","","Yes","","","",NA,NA,NA,NA,NA,"2025/10/22","True",0.1,0.1,15,NA,NA,NA,NA,NA,NA,NA,NA,NA,NA
"1908","2025/10/22","FPICO1T08:21","2000/08/19",1,2,30,NA,"PICO","D","X",7.2,8,NA,NA," poleq2_all","","Yes","","","",NA,NA,NA,NA,NA,"2025/10/22","True",0.1,0.1,15,NA,NA,NA,NA,NA,NA,NA,NA,NA,NA
"1909","2025/10/22","FPICO1T08:21","2000/08/19",1,2,31,NA,"PICO","L","X",11.7,10,NA,NA," poleq2_all","","Yes","","","",NA,NA,NA,NA,NA,"2025/10/22","True",0.1,0.1,15,NA,NA,NA,NA,NA,NA,NA,NA,NA,NA
"1910","2025/10/22","FPICO1T08:21","2000/08/19",1,2,32,NA,"PICO","L","X",4.6,6,NA,NA," poleq2_all","","Yes","","","",NA,NA,NA,NA,NA,"2025/10/22","True",0.1,0.1,15,NA,NA,NA,NA,NA,NA,NA,NA,NA,NA
"1911","2025/10/22","FPICO1T08:21","2000/08/19",1,2,33,NA,"PICO","D","X",5.7,5,NA,NA," poleq2_all","","Yes","","","",NA,NA,NA,NA,NA,"2025/10/22","True",0.1,0.1,15,NA,NA,NA,NA,NA,NA,NA,NA,NA,NA
"1912","2025/10/22","FPICO1T08:21","2000/08/19",1,2,34,NA,"PICO","D","X",12.5,9,NA,NA," poleq2_all","","Yes","","","",NA,NA,NA,NA,NA,"2025/10/22","True",0.1,0.1,15,NA,NA,NA,NA,NA,NA,NA,NA,NA,NA
"1913","2025/10/22","FPICO1T08:21","2000/08/19",1,2,35,NA,"PICO","D","X",13.3,8,NA,NA," poleq2_all","","Yes","","","",NA,NA,NA,NA,NA,"2025/10/22","True",0.1,0.1,15,NA,NA,NA,NA,NA,NA,NA,NA,NA,NA
"1914","2025/10/22","FPICO1T08:21","2000/08/19",1,2,36,NA,"PICO","D","X",13.4,10,NA,NA," poleq2_all","","Yes","","","",NA,NA,NA,NA,NA,"2025/10/22","True",0.1,0.1,15,NA,NA,NA,NA,NA,NA,NA,NA,NA,NA
"1915","2025/10/22","FPICO1T08:21","2000/08/19",1,2,37,NA,"PICO","D","X",9.8,8,NA,NA," poleq2_all","","Yes","","","",NA,NA,NA,NA,NA,"2025/10/22","True",0.1,0.1,15,NA,NA,NA,NA,NA,NA,NA,NA,NA,NA
"1916","2025/10/22","FPICO1T08:21","2000/08/19",1,2,38,NA,"PIEN","L","X",2.8,3,NA,NA," poleq2_all","","Yes","","","",NA,NA,NA,NA,NA,"2025/10/22","True",0.1,0.1,15,NA,NA,NA,NA,NA,NA,NA,NA,NA,NA
"1917","2025/10/22","FPICO1T08:21","2000/08/19",1,2,39,NA,"PICO","L","X",11.8,9,NA,NA," poleq2_all","","Yes","","","",NA,NA,NA,NA,NA,"2025/10/22","True",0.1,0.1,15,NA,NA,NA,NA,NA,NA,NA,NA,NA,NA
"1918","2025/10/22","FPICO1T08:21","2000/08/19",1,2,40,NA,"PICO","L","X",12.2,9,NA,NA," poleq2_all","","Yes","","","",NA,NA,NA,NA,NA,"2025/10/22","True",0.1,0.1,15,NA,NA,NA,NA,NA,NA,NA,NA,NA,NA
"1919","2025/10/22","FPICO1T08:21","2000/08/19",1,2,41,NA,"PICO","D","X",6.5,5,NA,NA," poleq2_all","","Yes","","","",NA,NA,NA,NA,NA,"2025/10/22","True",0.1,0.1,15,NA,NA,NA,NA,NA,NA,NA,NA,NA,NA
"1920","2025/10/22","FPICO1T08:21","2000/08/19",1,2,42,NA,"PICO","D","X",13.4,10,NA,NA," poleq2_all","","Yes","","","",NA,NA,NA,NA,NA,"2025/10/22","True",0.1,0.1,15,NA,NA,NA,NA,NA,NA,NA,NA,NA,NA
"1921","2025/10/22","FPICO1T08:21","2000/08/19",1,2,43,NA,"PICO","D","X",11.9,9,NA,NA," poleq2_all","","Yes","","","",NA,NA,NA,NA,NA,"2025/10/22","True",0.1,0.1,15,NA,NA,NA,NA,NA,NA,NA,NA,NA,NA
"1922","2025/10/22","FPICO1T08:21","2000/08/19",1,2,44,NA,"PICO","L","X",12.1,9,NA,NA," poleq2_all","","Yes","","","",NA,NA,NA,NA,NA,"2025/10/22","True",0.1,0.1,15,NA,NA,NA,NA,NA,NA,NA,NA,NA,NA
"1923","2025/10/22","FPICO1T08:21","2000/08/19",1,2,45,NA,"PICO","L","X",9.2,9,NA,NA," poleq2_all","","Yes","","","",NA,NA,NA,NA,NA,"2025/10/22","True",0.1,0.1,15,NA,NA,NA,NA,NA,NA,NA,NA,NA,NA
"1924","2025/10/22","FPICO1T08:21","2000/08/19",1,2,46,NA,"PICO","L","X",12.8,9,NA,NA," poleq2_all","","Yes","","","",NA,NA,NA,NA,NA,"2025/10/22","True",0.1,0.1,15,NA,NA,NA,NA,NA,NA,NA,NA,NA,NA
"1925","2025/10/22","FPICO1T08:21","2000/08/19",1,2,47,NA,"PICO","D","X",9,7,NA,NA," poleq2_all","","Yes","","","",NA,NA,NA,NA,NA,"2025/10/22","True",0.1,0.1,15,NA,NA,NA,NA,NA,NA,NA,NA,NA,NA
"1926","2025/10/22","FPICO1T08:21","2000/08/19",1,2,48,NA,"PICO","L","X",14.2,9,NA,NA," poleq2_all","","Yes","","","",NA,NA,NA,NA,NA,"2025/10/22","True",0.1,0.1,15,NA,NA,NA,NA,NA,NA,NA,NA,NA,NA
"1927","2025/10/22","FPICO1T08:21","2000/08/19",1,2,49,NA,"PICO","D","X",7.7,8,NA,NA," poleq2_all","","Yes","","","",NA,NA,NA,NA,NA,"2025/10/22","True",0.1,0.1,15,NA,NA,NA,NA,NA,NA,NA,NA,NA,NA
"1928","2025/10/22","FPICO1T08:21","2000/08/19",1,2,50,NA,"PICO","L","X",14.7,10,NA,NA," poleq2_all","","Yes","","","",NA,NA,NA,NA,NA,"2025/10/22","True",0.1,0.1,15,NA,NA,NA,NA,NA,NA,NA,NA,NA,NA
"1929","2025/10/22","FPICO1T08:21","2000/08/19",1,2,51,NA,"PICO","D","X",7.7,7,NA,NA," poleq2_all","","Yes","","","",NA,NA,NA,NA,NA,"2025/10/22","True",0.1,0.1,15,NA,NA,NA,NA,NA,NA,NA,NA,NA,NA
"1930","2025/10/22","FPICO1T08:21","2000/08/19",1,2,52,NA,"PICO","L","X",12.5,10,NA,NA," poleq2_all","","Yes","","","",NA,NA,NA,NA,NA,"2025/10/22","True",0.1,0.1,15,NA,NA,NA,NA,NA,NA,NA,NA,NA,NA
"1931","2025/10/22","FPICO1T08:21","2000/08/19",1,2,53,NA,"PICO","D","X",9.5,7,NA,NA," poleq2_all","","Yes","","","",NA,NA,NA,NA,NA,"2025/10/22","True",0.1,0.1,15,NA,NA,NA,NA,NA,NA,NA,NA,NA,NA
"1932","2025/10/22","FPICO1T08:21","2000/08/19",1,2,54,NA,"PICO","L","X",12.5,10,NA,NA," poleq2_all","","Yes","","","",NA,NA,NA,NA,NA,"2025/10/22","True",0.1,0.1,15,NA,NA,NA,NA,NA,NA,NA,NA,NA,NA
"1933","2025/10/22","FPICO1T08:21","2000/08/19",1,2,55,NA,"PICO","D","X",11.5,9,NA,NA," poleq2_all","","Yes","","","",NA,NA,NA,NA,NA,"2025/10/22","True",0.1,0.1,15,NA,NA,NA,NA,NA,NA,NA,NA,NA,NA
"1934","2025/10/22","FPICO1T08:21","2000/08/19",1,2,56,NA,"PICO","L","X",10.3,10,NA,NA," poleq2_all","","Yes","","","",NA,NA,NA,NA,NA,"2025/10/22","True",0.1,0.1,15,NA,NA,NA,NA,NA,NA,NA,NA,NA,NA
"1935","2025/10/22","FPICO1T08:21","2000/08/19",1,2,57,NA,"PICO","D","X",7.1,7,NA,NA," poleq2_all","","Yes","","","",NA,NA,NA,NA,NA,"2025/10/22","True",0.1,0.1,15,NA,NA,NA,NA,NA,NA,NA,NA,NA,NA
"1936","2025/10/22","FPICO1T08:21","2000/08/19",1,2,58,NA,"PICO","D","X",6.7,9,NA,NA," poleq2_all","","Yes","","","",NA,NA,NA,NA,NA,"2025/10/22","True",0.1,0.1,15,NA,NA,NA,NA,NA,NA,NA,NA,NA,NA
"1937","2025/10/22","FPICO1T08:21","2000/08/19",1,2,59,NA,"PICO","D","X",5,6,NA,NA," poleq2_all","","Yes","","","",NA,NA,NA,NA,NA,"2025/10/22","True",0.1,0.1,15,NA,NA,NA,NA,NA,NA,NA,NA,NA,NA
"1938","2025/10/22","FPICO1T08:21","2000/08/19",1,2,60,NA,"PICO","L","X",8,6,NA,NA," poleq2_all","","Yes","","","",NA,NA,NA,NA,NA,"2025/10/22","True",0.1,0.1,15,NA,NA,NA,NA,NA,NA,NA,NA,NA,NA
"1939","2025/10/22","FPICO1T08:21","2000/08/19",1,2,61,NA,"PICO","D","X",11.1,8,NA,NA," poleq2_all","","Yes","","","",NA,NA,NA,NA,NA,"2025/10/22","True",0.1,0.1,15,NA,NA,NA,NA,NA,NA,NA,NA,NA,NA
"1940","2025/10/22","FPICO1T08:21","2000/08/19",1,2,62,NA,"PICO","L","X",14.7,10,NA,NA," poleq2_all","","Yes","","","",NA,NA,NA,NA,NA,"2025/10/22","True",0.1,0.1,15,NA,NA,NA,NA,NA,NA,NA,NA,NA,NA
"1941","2025/10/22","FPICO1T08:21","2000/08/19",1,2,63,NA,"PICO","D","X",9.9,8,NA,NA," poleq2_all","","Yes","","","",NA,NA,NA,NA,NA,"2025/10/22","True",0.1,0.1,15,NA,NA,NA,NA,NA,NA,NA,NA,NA,NA
"1942","2025/10/22","FPICO1T08:21","2000/08/19",1,2,64,NA,"PICO","L","X",9.8,8,NA,NA," poleq2_all","","Yes","","","",NA,NA,NA,NA,NA,"2025/10/22","True",0.1,0.1,15,NA,NA,NA,NA,NA,NA,NA,NA,NA,NA
"1943","2025/10/22","FPICO1T08:21","2000/08/19",1,2,65,NA,"PICO","D","X",8.7,9,NA,NA," poleq2_all","","Yes","","","",NA,NA,NA,NA,NA,"2025/10/22","True",0.1,0.1,15,NA,NA,NA,NA,NA,NA,NA,NA,NA,NA
"1944","2025/10/22","FPICO1T08:21","2000/08/19",1,2,66,NA,"PICO","D","X",6.1,7,NA,NA," poleq2_all","","Yes","","","",NA,NA,NA,NA,NA,"2025/10/22","True",0.1,0.1,15,NA,NA,NA,NA,NA,NA,NA,NA,NA,NA
"1945","2025/10/22","FPICO1T08:21","2000/08/19",1,2,67,NA,"PICO","D","X",6.5,9,NA,NA," poleq2_all","","Yes","","","",NA,NA,NA,NA,NA,"2025/10/22","True",0.1,0.1,15,NA,NA,NA,NA,NA,NA,NA,NA,NA,NA
"1946","2025/10/22","FPICO1T08:21","2000/08/19",1,2,68,NA,"PICO","L","X",6.5,10,NA,NA," poleq2_all","","Yes","","","",NA,NA,NA,NA,NA,"2025/10/22","True",0.1,0.1,15,NA,NA,NA,NA,NA,NA,NA,NA,NA,NA
"1947","2025/10/22","FPICO1T08:21","2000/08/19",1,2,69,NA,"PICO","L","X",14.3,10,NA,NA," poleq2_all","","Yes","","","",NA,NA,NA,NA,NA,"2025/10/22","True",0.1,0.1,15,NA,NA,NA,NA,NA,NA,NA,NA,NA,NA
"1948","2025/10/22","FPICO1T08:21","2000/08/19",1,2,70,NA,"PICO","D","X",8,8,NA,NA," poleq2_all","","Yes","","","",NA,NA,NA,NA,NA,"2025/10/22","True",0.1,0.1,15,NA,NA,NA,NA,NA,NA,NA,NA,NA,NA
"1949","2025/10/22","FPICO1T08:21","2000/08/19",1,2,71,NA,"PICO","D","X",4.6,6,NA,NA," poleq2_all","","Yes","","","",NA,NA,NA,NA,NA,"2025/10/22","True",0.1,0.1,15,NA,NA,NA,NA,NA,NA,NA,NA,NA,NA
"1950","2025/10/22","FPICO1T08:21","2000/08/19",1,2,72,NA,"PICO","D","X",4,5,NA,NA," poleq2_all","","Yes","","","",NA,NA,NA,NA,NA,"2025/10/22","True",0.1,0.1,15,NA,NA,NA,NA,NA,NA,NA,NA,NA,NA
"1951","2025/10/22","FPICO1T08:21","2000/08/19",1,2,73,NA,"PICO","D","X",4.5,5,NA,NA," poleq2_all","","Yes","","","",NA,NA,NA,NA,NA,"2025/10/22","True",0.1,0.1,15,NA,NA,NA,NA,NA,NA,NA,NA,NA,NA
"1952","2025/10/22","FPICO1T08:21","2000/08/19",1,2,74,NA,"PICO","L","X",8.4,9,NA,NA," poleq2_all","","Yes","","","",NA,NA,NA,NA,NA,"2025/10/22","True",0.1,0.1,15,NA,NA,NA,NA,NA,NA,NA,NA,NA,NA
"1953","2025/10/22","FPICO1T08:21","2000/08/19",1,2,75,NA,"PICO","L","X",7.5,10,NA,NA," poleq2_all","","Yes","","","",NA,NA,NA,NA,NA,"2025/10/22","True",0.1,0.1,15,NA,NA,NA,NA,NA,NA,NA,NA,NA,NA
"1954","2025/10/22","FPICO1T08:21","2000/08/19",1,2,76,NA,"PICO","D","X",6.1,8,NA,NA," poleq2_all","","Yes","","","",NA,NA,NA,NA,NA,"2025/10/22","True",0.1,0.1,15,NA,NA,NA,NA,NA,NA,NA,NA,NA,NA
"1955","2025/10/22","FPICO1T08:21","2000/08/19",1,2,77,NA,"PICO","D","X",4.2,7,NA,NA," poleq2_all","","Yes","","","",NA,NA,NA,NA,NA,"2025/10/22","True",0.1,0.1,15,NA,NA,NA,NA,NA,NA,NA,NA,NA,NA
"1956","2025/10/22","FPICO1T08:21","2000/08/19",1,2,78,NA,"PICO","D","X",5.6,6,NA,NA," poleq2_all","","Yes","","","",NA,NA,NA,NA,NA,"2025/10/22","True",0.1,0.1,15,NA,NA,NA,NA,NA,NA,NA,NA,NA,NA
"1957","2025/10/22","FPICO1T08:21","2000/08/19",1,2,79,NA,"PICO","D","X",4.3,6,NA,NA," poleq2_all","","Yes","","","",NA,NA,NA,NA,NA,"2025/10/22","True",0.1,0.1,15,NA,NA,NA,NA,NA,NA,NA,NA,NA,NA
"1958","2025/10/22","FPICO1T08:21","2000/08/19",1,2,80,NA,"PICO","D","X",13.3,10,NA,NA," poleq2_all","","Yes","","","",NA,NA,NA,NA,NA,"2025/10/22","True",0.1,0.1,15,NA,NA,NA,NA,NA,NA,NA,NA,NA,NA
"1959","2025/10/22","FPICO1T08:21","2000/08/19",1,2,81,NA,"PICO","L","X",12.6,10,NA,NA," poleq2_all","","Yes","","","",NA,NA,NA,NA,NA,"2025/10/22","True",0.1,0.1,15,NA,NA,NA,NA,NA,NA,NA,NA,NA,NA
"1960","2025/10/22","FPICO1T08:21","2000/08/19",1,2,82,NA,"PICO","L","X",13,10,NA,NA," poleq2_all","","Yes","","","",NA,NA,NA,NA,NA,"2025/10/22","True",0.1,0.1,15,NA,NA,NA,NA,NA,NA,NA,NA,NA,NA
"1961","2025/10/22","FPICO1T08:21","2000/08/19",1,2,83,NA,"PICO","L","X",13,10,NA,NA," poleq2_all","","Yes","","","",NA,NA,NA,NA,NA,"2025/10/22","True",0.1,0.1,15,NA,NA,NA,NA,NA,NA,NA,NA,NA,NA
"1962","2025/10/22","FPICO1T08:21","2000/08/19",1,2,84,NA,"PICO","L","X",13.3,10,NA,NA," poleq2_all","","Yes","","","",NA,NA,NA,NA,NA,"2025/10/22","True",0.1,0.1,15,NA,NA,NA,NA,NA,NA,NA,NA,NA,NA
"1963","2025/10/22","FPICO1T08:21","2000/08/19",1,2,85,NA,"PICO","D","X",11,9,NA,NA," poleq2_all","","Yes","","","",NA,NA,NA,NA,NA,"2025/10/22","True",0.1,0.1,15,NA,NA,NA,NA,NA,NA,NA,NA,NA,NA
"1964","2025/10/22","FPICO1T08:21","2000/08/19",1,2,86,NA,"PICO","D","X",7.4,7,NA,NA," poleq2_all","","Yes","","","",NA,NA,NA,NA,NA,"2025/10/22","True",0.1,0.1,15,NA,NA,NA,NA,NA,NA,NA,NA,NA,NA
"1965","2025/10/22","FPICO1T08:21","2000/08/19",1,2,87,NA,"PICO","L","X",13.1,10,NA,NA," poleq2_all","","Yes","","","",NA,NA,NA,NA,NA,"2025/10/22","True",0.1,0.1,15,NA,NA,NA,NA,NA,NA,NA,NA,NA,NA
"1966","2025/10/22","FPICO1T08:21","2000/08/19",1,2,88,NA,"PICO","L","X",7,8,NA,NA," poleq2_all","","Yes","","","",NA,NA,NA,NA,NA,"2025/10/22","True",0.1,0.1,15,NA,NA,NA,NA,NA,NA,NA,NA,NA,NA
"1967","2025/10/22","FPICO1T08:21","2000/08/19",1,2,89,NA,"PICO","L","X",5,5,NA,NA," poleq2_all","","Yes","","","",NA,NA,NA,NA,NA,"2025/10/22","True",0.1,0.1,15,NA,NA,NA,NA,NA,NA,NA,NA,NA,NA
"1968","2025/10/22","FPICO1T08:21","2000/08/19",1,2,90,NA,"PICO","L","X",7.5,10,NA,NA," poleq2_all","","Yes","","","",NA,NA,NA,NA,NA,"2025/10/22","True",0.1,0.1,15,NA,NA,NA,NA,NA,NA,NA,NA,NA,NA
"1969","2025/10/22","FPICO1T08:21","2000/08/19",1,2,91,NA,"PICO","L","X",12.6,10,NA,NA," poleq2_all","","Yes","","","",NA,NA,NA,NA,NA,"2025/10/22","True",0.1,0.1,15,NA,NA,NA,NA,NA,NA,NA,NA,NA,NA
"1970","2025/10/22","FPICO1T08:21","2000/08/19",1,2,92,NA,"PICO","D","X",8.2,10,NA,NA," poleq2_all","","Yes","","","",NA,NA,NA,NA,NA,"2025/10/22","True",0.1,0.1,15,NA,NA,NA,NA,NA,NA,NA,NA,NA,NA
"1971","2025/10/22","FPICO1T08:21","2000/08/19",1,2,93,NA,"PICO","L","X",8.7,10,NA,NA," poleq2_all","","Yes","","","",NA,NA,NA,NA,NA,"2025/10/22","True",0.1,0.1,15,NA,NA,NA,NA,NA,NA,NA,NA,NA,NA
"1972","2025/10/22","FPICO1T08:21","2000/08/19",1,2,94,NA,"PICO","D","X",4.8,5,NA,NA," poleq2_all","","Yes","","","",NA,NA,NA,NA,NA,"2025/10/22","True",0.1,0.1,15,NA,NA,NA,NA,NA,NA,NA,NA,NA,NA
"1973","2025/10/22","FPICO1T08:21","2000/08/19",1,2,95,NA,"PICO","L","X",12.9,10,NA,NA," poleq2_all","","Yes","","","",NA,NA,NA,NA,NA,"2025/10/22","True",0.1,0.1,15,NA,NA,NA,NA,NA,NA,NA,NA,NA,NA
"1974","2025/10/22","FPICO1T08:21","2000/08/19",1,2,96,NA,"PICO","D","X",4.7,5,NA,NA," poleq2_all","","Yes","","","",NA,NA,NA,NA,NA,"2025/10/22","True",0.1,0.1,15,NA,NA,NA,NA,NA,NA,NA,NA,NA,NA
"1975","2025/10/22","FPICO1T08:21","2000/08/19",1,2,97,NA,"PICO","D","X",5,5,NA,NA," poleq2_all","","Yes","","","",NA,NA,NA,NA,NA,"2025/10/22","True",0.1,0.1,15,NA,NA,NA,NA,NA,NA,NA,NA,NA,NA
"1976","2025/10/22","FPICO1T08:21","2000/08/19",1,2,98,NA,"PICO","L","X",8.6,10,NA,NA," poleq2_all","","Yes","","","",NA,NA,NA,NA,NA,"2025/10/22","True",0.1,0.1,15,NA,NA,NA,NA,NA,NA,NA,NA,NA,NA
"1977","2025/10/22","FPICO1T08:21","2000/08/19",1,2,99,NA,"PICO","D","X",5.7,7,NA,NA," poleq2_all","","Yes","","","",NA,NA,NA,NA,NA,"2025/10/22","True",0.1,0.1,15,NA,NA,NA,NA,NA,NA,NA,NA,NA,NA
"1978","2025/10/22","FPICO1T08:21","2000/08/19",1,2,100,NA,"PICO","L","X",8.6,7,NA,NA," poleq2_all","","Yes","","","",NA,NA,NA,NA,NA,"2025/10/22","True",0.1,0.1,15,NA,NA,NA,NA,NA,NA,NA,NA,NA,NA
"1979","2025/10/22","FPICO1T08:21","2000/08/19",1,2,101,NA,"PICO","L","X",6.2,6,NA,NA," poleq2_all","","Yes","","","",NA,NA,NA,NA,NA,"2025/10/22","True",0.1,0.1,15,NA,NA,NA,NA,NA,NA,NA,NA,NA,NA
"1980","2025/10/22","FPICO1T08:21","2000/08/19",1,2,102,NA,"PIEN","L","X",3,3,NA,NA," poleq2_all","","Yes","","","",NA,NA,NA,NA,NA,"2025/10/22","True",0.1,0.1,15,NA,NA,NA,NA,NA,NA,NA,NA,NA,NA
"1981","2025/10/22","FPICO1T08:21","2000/08/19",1,2,103,NA,"PICO","D","X",6.4,7,NA,NA," poleq2_all","","Yes","","","",NA,NA,NA,NA,NA,"2025/10/22","True",0.1,0.1,15,NA,NA,NA,NA,NA,NA,NA,NA,NA,NA
"1982","2025/10/22","FPICO1T08:21","2000/08/19",1,2,104,NA,"PICO","L","X",7.4,8,NA,NA," poleq2_all","","Yes","","","",NA,NA,NA,NA,NA,"2025/10/22","True",0.1,0.1,15,NA,NA,NA,NA,NA,NA,NA,NA,NA,NA
"1983","2025/10/22","FPICO1T08:21","2000/08/19",1,2,105,NA,"PICO","D","X",7.4,7,NA,NA," poleq2_all","","Yes","","","",NA,NA,NA,NA,NA,"2025/10/22","True",0.1,0.1,15,NA,NA,NA,NA,NA,NA,NA,NA,NA,NA
"1984","2025/10/22","FPICO1T08:21","2000/08/19",1,2,106,NA,"PICO","D","X",11.2,8,NA,NA," poleq2_all","","Yes","","","",NA,NA,NA,NA,NA,"2025/10/22","True",0.1,0.1,15,NA,NA,NA,NA,NA,NA,NA,NA,NA,NA
"1985","2025/10/22","FPICO1T08:21","2000/08/19",1,2,107,NA,"PIEN","L","X",6.2,5,NA,NA," poleq2_all","","Yes","","","",NA,NA,NA,NA,NA,"2025/10/22","True",0.1,0.1,15,NA,NA,NA,NA,NA,NA,NA,NA,NA,NA
"1986","2025/10/22","FPICO1T08:21","2000/08/19",1,2,108,NA,"PICO","L","X",12.2,10,NA,NA," poleq2_all","","Yes","","","",NA,NA,NA,NA,NA,"2025/10/22","True",0.1,0.1,15,NA,NA,NA,NA,NA,NA,NA,NA,NA,NA
"1987","2025/10/22","FPICO1T08:21","2000/08/19",1,2,109,NA,"PICO","D","X",2.6,4,NA,NA," poleq2_all","","Yes","","","",NA,NA,NA,NA,NA,"2025/10/22","True",0.1,0.1,15,NA,NA,NA,NA,NA,NA,NA,NA,NA,NA
"1988","2025/10/22","FPICO1T08:21","2000/08/19",1,2,110,NA,"PICO","L","X",9,10,NA,NA," poleq2_all","","Yes","","","",NA,NA,NA,NA,NA,"2025/10/22","True",0.1,0.1,15,NA,NA,NA,NA,NA,NA,NA,NA,NA,NA
"1989","2025/10/22","FPICO1T08:21","2000/08/19",1,2,111,NA,"PICO","L","X",6.5,10,NA,NA," poleq2_all","","Yes","","","",NA,NA,NA,NA,NA,"2025/10/22","True",0.1,0.1,15,NA,NA,NA,NA,NA,NA,NA,NA,NA,NA
"1990","2025/10/22","FPICO1T08:21","2000/08/19",1,2,112,NA,"PICO","D","X",6.9,7,NA,NA," poleq2_all","","Yes","","","",NA,NA,NA,NA,NA,"2025/10/22","True",0.1,0.1,15,NA,NA,NA,NA,NA,NA,NA,NA,NA,NA
"1991","2025/10/22","FPICO1T08:21","2000/08/19",1,2,113,NA,"PICO","L","X",15,10,NA,NA," poleq2_all","","Yes","","","",NA,NA,NA,NA,NA,"2025/10/22","True",0.1,0.1,15,NA,NA,NA,NA,NA,NA,NA,NA,NA,NA
"1992","2025/10/22","FPICO1T08:21","2000/08/19",1,2,115,NA,"PICO","D","X",11.4,9,NA,NA," poleq2_all","","Yes","","","",NA,NA,NA,NA,NA,"2025/10/22","True",0.1,0.1,15,NA,NA,NA,NA,NA,NA,NA,NA,NA,NA
"1993","2025/10/22","FPICO1T08:21","2000/08/19",1,2,116,NA,"PICO","D","X",5,6,NA,NA," poleq2_all","","Yes","","","",NA,NA,NA,NA,NA,"2025/10/22","True",0.1,0.1,15,NA,NA,NA,NA,NA,NA,NA,NA,NA,NA
"1994","2025/10/22","FPICO1T08:21","2000/08/19",1,1,4,NA,"PICO","L","C",25.7,NA,NA,NA," overq1_all","","Yes","WOND","","",NA,NA,NA,NA,NA,"2025/10/22","True",0.1,0.1,15,NA,NA,NA,NA,NA,NA,NA,NA,NA,NA
"1995","2025/10/22","FPICO1T08:21","2000/08/19",1,1,5,NA,"PICO","L","C",18.4,NA,NA,NA," overq1_all","","Yes","LEAN","","",NA,NA,NA,NA,NA,"2025/10/22","True",0.1,0.1,15,NA,NA,NA,NA,NA,NA,NA,NA,NA,NA
"1996","2025/10/22","FPICO1T08:21","2000/08/19",1,1,6,NA,"PICO","L","C",15.7,NA,NA,NA," overq1_all","","Yes","WOND","LICH","",NA,NA,NA,NA,NA,"2025/10/22","True",0.1,0.1,15,NA,NA,NA,NA,NA,NA,NA,NA,NA,NA
"1997","2025/10/22","FPICO1T08:21","2000/08/19",1,1,7,NA,"PICO","L","C",15.8,NA,NA,NA," overq1_all","","Yes","WOND","LICH","",NA,NA,NA,NA,NA,"2025/10/22","True",0.1,0.1,15,NA,NA,NA,NA,NA,NA,NA,NA,NA,NA
"1998","2025/10/22","FPICO1T08:21","2000/08/19",1,1,8,NA,"PICO","L","C",23.8,NA,NA,NA," overq1_all","","Yes","LICH","","",NA,NA,NA,NA,NA,"2025/10/22","True",0.1,0.1,15,NA,NA,NA,NA,NA,NA,NA,NA,NA,NA
"1999","2025/10/22","FPICO1T08:21","2000/08/19",1,1,9,NA,"PICO","L","C",15.5,NA,NA,NA," overq1_all","","Yes","LICH","","",NA,NA,NA,NA,NA,"2025/10/22","True",0.1,0.1,15,NA,NA,NA,NA,NA,NA,NA,NA,NA,NA
"2000","2025/10/22","FPICO1T08:21","2000/08/19",1,1,10,NA,"PICO","L","C",23,NA,NA,NA," overq1_all","","Yes","LICH","","",NA,NA,NA,NA,NA,"2025/10/22","True",0.1,0.1,15,NA,NA,NA,NA,NA,NA,NA,NA,NA,NA
"2001","2025/10/22","FPICO1T08:21","2000/08/19",1,1,11,NA,"PICO","D","LBS",16.3,NA,NA,NA," overq1_all","","Yes","","","",NA,NA,NA,NA,NA,"2025/10/22","True",0.1,0.1,15,NA,NA,NA,NA,NA,NA,NA,NA,NA,NA
"2002","2025/10/22","FPICO1T08:21","2000/08/19",1,1,12,NA,"PICO","D","CS",20.6,NA,NA,NA," overq1_all","","Yes","","","",NA,NA,NA,NA,NA,"2025/10/22","True",0.1,0.1,15,NA,NA,NA,NA,NA,NA,NA,NA,NA,NA
"2003","2025/10/22","FPICO1T08:21","2000/08/19",1,1,13,NA,"PICO","L","I",18.9,NA,NA,NA," overq1_all","","Yes","INSE","","",NA,NA,NA,NA,NA,"2025/10/22","True",0.1,0.1,15,NA,NA,NA,NA,NA,NA,NA,NA,NA,NA
"2004","2025/10/22","FPICO1T08:21","2000/08/19",1,1,14,NA,"PIEN","L","I",18.9,NA,NA,NA," overq1_all","","Yes","LICH","","",NA,NA,NA,NA,NA,"2025/10/22","True",0.1,0.1,15,NA,NA,NA,NA,NA,NA,NA,NA,NA,NA
"2005","2025/10/22","FPICO1T08:21","2000/08/19",1,1,15,NA,"PICO","L","C",27.5,NA,NA,NA," overq1_all","","Yes","LICH","","",NA,NA,NA,NA,NA,"2025/10/22","True",0.1,0.1,15,NA,NA,NA,NA,NA,NA,NA,NA,NA,NA
"2006","2025/10/22","FPICO1T08:21","2000/08/19",1,1,16,NA,"PICO","L","C",25.7,NA,NA,NA," overq1_all","","Yes","CROK","","",NA,NA,NA,NA,NA,"2025/10/22","True",0.1,0.1,15,NA,NA,NA,NA,NA,NA,NA,NA,NA,NA
"2007","2025/10/22","FPICO1T08:21","2000/08/19",1,1,17,NA,"PICO","L","C",16.4,NA,NA,NA," overq1_all","","Yes","WOND","","",NA,NA,NA,NA,NA,"2025/10/22","True",0.1,0.1,15,NA,NA,NA,NA,NA,NA,NA,NA,NA,NA
"2008","2025/10/22","FPICO1T08:21","2000/08/19",1,1,18,NA,"PICO","L","C",27.3,NA,NA,NA," overq1_all","","Yes","WOND","CROK","LICH",NA,NA,NA,NA,NA,"2025/10/22","True",0.1,0.1,15,NA,NA,NA,NA,NA,NA,NA,NA,NA,NA
"2009","2025/10/22","FPICO1T08:21","2000/08/19",1,1,19,NA,"PICO","L","C",21.1,NA,NA,NA," overq1_all","","Yes","FORK","LICH","",NA,NA,NA,NA,NA,"2025/10/22","True",0.1,0.1,15,NA,NA,NA,NA,NA,NA,NA,NA,NA,NA
"2010","2025/10/22","FPICO1T08:21","2000/08/19",1,1,20,NA,"PIEN","L","C",18.8,NA,NA,NA," overq1_all","","Yes","","","",NA,NA,NA,NA,NA,"2025/10/22","True",0.1,0.1,15,NA,NA,NA,NA,NA,NA,NA,NA,NA,NA
"2011","2025/10/22","FPICO1T08:21","2000/08/19",1,1,21,NA,"PICO","L","C",23.9,NA,NA,NA," overq1_all","","Yes","LICH","CROK","",NA,NA,NA,NA,NA,"2025/10/22","True",0.1,0.1,15,NA,NA,NA,NA,NA,NA,NA,NA,NA,NA
"2012","2025/10/22","FPICO1T08:21","2000/08/19",1,1,22,NA,"PICO","L","C",33,NA,NA,NA," overq1_all","","Yes","WOND","","",NA,NA,NA,NA,NA,"2025/10/22","True",0.1,0.1,15,NA,NA,NA,NA,NA,NA,NA,NA,NA,NA
"2013","2025/10/22","FPICO1T08:21","2000/08/19",1,1,23,NA,"PICO","D","LBS",20,NA,NA,NA," overq1_all","","Yes","","","",NA,NA,NA,NA,NA,"2025/10/22","True",0.1,0.1,15,NA,NA,NA,NA,NA,NA,NA,NA,NA,NA
"2014","2025/10/22","FPICO1T08:21","2000/08/19",1,1,24,NA,"PICO","L","C",29.7,NA,NA,NA," overq1_all","","Yes","FORK","LICH","",NA,NA,NA,NA,NA,"2025/10/22","True",0.1,0.1,15,NA,NA,NA,NA,NA,NA,NA,NA,NA,NA
"2015","2025/10/22","FPICO1T08:21","2000/08/19",1,1,25,NA,"PICO","L","I",16.4,NA,NA,NA," overq1_all","","Yes","CROK","LEAN","",NA,NA,NA,NA,NA,"2025/10/22","True",0.1,0.1,15,NA,NA,NA,NA,NA,NA,NA,NA,NA,NA
"2016","2025/10/22","FPICO1T08:21","2000/08/19",1,1,26,NA,"PICO","L","C",19.5,NA,NA,NA," overq1_all","","Yes","LICH","","",NA,NA,NA,NA,NA,"2025/10/22","True",0.1,0.1,15,NA,NA,NA,NA,NA,NA,NA,NA,NA,NA
"2017","2025/10/22","FPICO1T08:21","2000/08/19",1,1,27,NA,"PICO","L","C",18,NA,NA,NA," overq1_all","","Yes","CROK","LICH","",NA,NA,NA,NA,NA,"2025/10/22","True",0.1,0.1,15,NA,NA,NA,NA,NA,NA,NA,NA,NA,NA
"2018","2025/10/22","FPICO1T08:21","2000/08/19",1,1,28,NA,"PICO","L","C",23.6,NA,NA,NA," overq1_all","","Yes","CROK","","",NA,NA,NA,NA,NA,"2025/10/22","True",0.1,0.1,15,NA,NA,NA,NA,NA,NA,NA,NA,NA,NA
"2019","2025/10/22","FPICO1T08:21","2000/08/19",1,1,29,NA,"PICO","L","C",17.7,NA,NA,NA," overq1_all","","Yes","CROK","","",NA,NA,NA,NA,NA,"2025/10/22","True",0.1,0.1,15,NA,NA,NA,NA,NA,NA,NA,NA,NA,NA
"2020","2025/10/22","FPICO1T08:21","2000/08/19",1,1,30,NA,"PICO","L","C",20.9,NA,NA,NA," overq1_all","","Yes","LEAN","FORK","LICH",NA,NA,NA,NA,NA,"2025/10/22","True",0.1,0.1,15,NA,NA,NA,NA,NA,NA,NA,NA,NA,NA
"2021","2025/10/22","FPICO1T08:21","2000/08/19",1,2,31,NA,"PICO","L","C",25.3,NA,NA,NA," overq2_all","","Yes","WOND","LICH","",NA,NA,NA,NA,NA,"2025/10/22","True",0.1,0.1,15,NA,NA,NA,NA,NA,NA,NA,NA,NA,NA
"2022","2025/10/22","FPICO1T08:21","2000/08/19",1,2,32,NA,"PICO","L","C",22.5,NA,NA,NA," overq2_all","","Yes","LICH","FORK","",NA,NA,NA,NA,NA,"2025/10/22","True",0.1,0.1,15,NA,NA,NA,NA,NA,NA,NA,NA,NA,NA
"2023","2025/10/22","FPICO1T08:21","2000/08/19",1,2,33,NA,"PICO","L","C",16.5,NA,NA,NA," overq2_all","","Yes","LEAN","LICH","",NA,NA,NA,NA,NA,"2025/10/22","True",0.1,0.1,15,NA,NA,NA,NA,NA,NA,NA,NA,NA,NA
"2024","2025/10/22","FPICO1T08:21","2000/08/19",1,2,34,NA,"PICO","L","C",16.5,NA,NA,NA," overq2_all","","Yes","LEAN","LICH","",NA,NA,NA,NA,NA,"2025/10/22","True",0.1,0.1,15,NA,NA,NA,NA,NA,NA,NA,NA,NA,NA
"2025","2025/10/22","FPICO1T08:21","2000/08/19",1,2,35,NA,"PICO","L","C",16,NA,NA,NA," overq2_all","","Yes","","","",NA,NA,NA,NA,NA,"2025/10/22","True",0.1,0.1,15,NA,NA,NA,NA,NA,NA,NA,NA,NA,NA
"2026","2025/10/22","FPICO1T08:21","2000/08/19",1,2,36,NA,"PICO","L","C",27.2,NA,NA,NA," overq2_all","","Yes","LICH","","",NA,NA,NA,NA,NA,"2025/10/22","True",0.1,0.1,15,NA,NA,NA,NA,NA,NA,NA,NA,NA,NA
"2027","2025/10/22","FPICO1T08:21","2000/08/19",1,2,37,NA,"PICO","L","C",21.8,NA,NA,NA," overq2_all","","Yes","TWIN","LICH","",NA,NA,NA,NA,NA,"2025/10/22","True",0.1,0.1,15,NA,NA,NA,NA,NA,NA,NA,NA,NA,NA
"2028","2025/10/22","FPICO1T08:21","2000/08/19",1,2,38,NA,"PIEN","L","C",16.3,NA,NA,NA," overq2_all","","Yes","","","",NA,NA,NA,NA,NA,"2025/10/22","True",0.1,0.1,15,NA,NA,NA,NA,NA,NA,NA,NA,NA,NA
"2029","2025/10/22","FPICO1T08:21","2000/08/19",1,2,39,NA,"PICO","L","C",18.7,NA,NA,NA," overq2_all","","Yes","FORK","WOND","CROK",NA,NA,NA,NA,NA,"2025/10/22","True",0.1,0.1,15,NA,NA,NA,NA,NA,NA,NA,NA,NA,NA
"2030","2025/10/22","FPICO1T08:21","2000/08/19",1,2,40,NA,"PICO","L","C",28,NA,NA,NA," overq2_all","","Yes","LICH","LEAN","",NA,NA,NA,NA,NA,"2025/10/22","True",0.1,0.1,15,NA,NA,NA,NA,NA,NA,NA,NA,NA,NA
"2031","2025/10/22","FPICO1T08:21","2000/08/19",1,2,41,NA,"PICO","L","C",19.4,NA,NA,NA," overq2_all","","Yes","LEAN","LICH","",NA,NA,NA,NA,NA,"2025/10/22","True",0.1,0.1,15,NA,NA,NA,NA,NA,NA,NA,NA,NA,NA
"2032","2025/10/22","FPICO1T08:21","2000/08/19",1,2,42,NA,"PICO","D","RS",17.2,NA,NA,NA," overq2_all","","Yes","","","",NA,NA,NA,NA,NA,"2025/10/22","True",0.1,0.1,15,NA,NA,NA,NA,NA,NA,NA,NA,NA,NA
"2033","2025/10/22","FPICO1T08:21","2000/08/19",1,2,43,NA,"PICO","L","C",26.5,NA,NA,NA," overq2_all","","Yes","","","",NA,NA,NA,NA,NA,"2025/10/22","True",0.1,0.1,15,NA,NA,NA,NA,NA,NA,NA,NA,NA,NA
"2034","2025/10/22","FPICO1T08:21","2000/08/19",1,2,44,NA,"PICO","L","C",21.7,NA,NA,NA," overq2_all","","Yes","LICH","","",NA,NA,NA,NA,NA,"2025/10/22","True",0.1,0.1,15,NA,NA,NA,NA,NA,NA,NA,NA,NA,NA
"2035","2025/10/22","FPICO1T08:21","2000/08/19",1,2,45,NA,"PICO","L","C",20.2,NA,NA,NA," overq2_all","","Yes","","","",NA,NA,NA,NA,NA,"2025/10/22","True",0.1,0.1,15,NA,NA,NA,NA,NA,NA,NA,NA,NA,NA
"2036","2025/10/22","FPICO1T08:21","2000/08/19",1,2,46,NA,"PICO","L","C",15.7,NA,NA,NA," overq2_all","","Yes","CROK","LICH","",NA,NA,NA,NA,NA,"2025/10/22","True",0.1,0.1,15,NA,NA,NA,NA,NA,NA,NA,NA,NA,NA
"2037","2025/10/22","FPICO1T08:21","2000/08/19",1,2,48,NA,"PICO","L","C",21.4,NA,NA,NA," overq2_all","","Yes","LICH","","",NA,NA,NA,NA,NA,"2025/10/22","True",0.1,0.1,15,NA,NA,NA,NA,NA,NA,NA,NA,NA,NA
"2038","2025/10/22","FPICO1T08:21","2000/08/19",1,2,49,NA,"PICO","L","C",19,NA,NA,NA," overq2_all","","Yes","LICH","","",NA,NA,NA,NA,NA,"2025/10/22","True",0.1,0.1,15,NA,NA,NA,NA,NA,NA,NA,NA,NA,NA
"2039","2025/10/22","FPICO1T08:21","2000/08/19",1,2,50,NA,"PICO","L","C",18.1,NA,NA,NA," overq2_all","","Yes","LICH","","",NA,NA,NA,NA,NA,"2025/10/22","True",0.1,0.1,15,NA,NA,NA,NA,NA,NA,NA,NA,NA,NA
"2040","2025/10/22","FPICO1T08:21","2000/08/19",1,2,51,NA,"PICO","L","C",15.5,NA,NA,NA," overq2_all","","Yes","LICH","","",NA,NA,NA,NA,NA,"2025/10/22","True",0.1,0.1,15,NA,NA,NA,NA,NA,NA,NA,NA,NA,NA
"2041","2025/10/22","FPICO1T08:21","2000/08/19",1,2,52,NA,"PICO","L","C",18.8,NA,NA,NA," overq2_all","","Yes","LICH","","",NA,NA,NA,NA,NA,"2025/10/22","True",0.1,0.1,15,NA,NA,NA,NA,NA,NA,NA,NA,NA,NA
"2042","2025/10/22","FPICO1T08:21","2000/08/19",1,2,53,NA,"PICO","L","C",16.8,NA,NA,NA," overq2_all","","Yes","LICH","","",NA,NA,NA,NA,NA,"2025/10/22","True",0.1,0.1,15,NA,NA,NA,NA,NA,NA,NA,NA,NA,NA
"2043","2025/10/22","FPICO1T08:21","2000/08/19",1,2,54,NA,"PICO","L","C",15.4,NA,NA,NA," overq2_all","","Yes","LEAN","LICH","",NA,NA,NA,NA,NA,"2025/10/22","True",0.1,0.1,15,NA,NA,NA,NA,NA,NA,NA,NA,NA,NA
"2044","2025/10/22","FPICO1T08:21","2000/08/19",1,2,55,NA,"PICO","L","C",17.6,NA,NA,NA," overq2_all","","Yes","LEAN","LICH","",NA,NA,NA,NA,NA,"2025/10/22","True",0.1,0.1,15,NA,NA,NA,NA,NA,NA,NA,NA,NA,NA
"2045","2025/10/22","FPICO1T08:21","2000/08/19",1,2,56,NA,"PICO","L","C",18,NA,NA,NA," overq2_all","","Yes","LICH","","",NA,NA,NA,NA,NA,"2025/10/22","True",0.1,0.1,15,NA,NA,NA,NA,NA,NA,NA,NA,NA,NA
"2046","2025/10/22","FPICO1T08:21","2000/08/19",1,2,57,NA,"PICO","L","C",19.9,NA,NA,NA," overq2_all","","Yes","LICH","","",NA,NA,NA,NA,NA,"2025/10/22","True",0.1,0.1,15,NA,NA,NA,NA,NA,NA,NA,NA,NA,NA
"2047","2025/10/22","FPICO1T08:24","2000/09/22",1,1,1,NA,"PICO","D","X",14.3,10,NA,NA," poleq1_all","","Yes","","","",NA,NA,NA,NA,NA,"2025/10/22","True",0.1,0.1,15,NA,NA,NA,NA,NA,NA,NA,NA,NA,NA
"2048","2025/10/22","FPICO1T08:24","2000/09/22",1,1,2,NA,"PIEN","L","X",7.8,5,NA,NA," poleq1_all","","Yes","","","",NA,NA,NA,NA,NA,"2025/10/22","True",0.1,0.1,15,NA,NA,NA,NA,NA,NA,NA,NA,NA,NA
"2049","2025/10/22","FPICO1T08:24","2000/09/22",1,1,3,NA,"PICO","D","X",12.7,10,NA,NA," poleq1_all","","Yes","","","",NA,NA,NA,NA,NA,"2025/10/22","True",0.1,0.1,15,NA,NA,NA,NA,NA,NA,NA,NA,NA,NA
"2050","2025/10/22","FPICO1T08:24","2000/09/22",1,1,4,NA,"PICO","D","X",13.1,10,NA,NA," poleq1_all","","Yes","","","",NA,NA,NA,NA,NA,"2025/10/22","True",0.1,0.1,15,NA,NA,NA,NA,NA,NA,NA,NA,NA,NA
"2051","2025/10/22","FPICO1T08:24","2000/09/22",1,1,5,NA,"PIEN","L","X",13.8,9,NA,NA," poleq1_all","","Yes","","","",NA,NA,NA,NA,NA,"2025/10/22","True",0.1,0.1,15,NA,NA,NA,NA,NA,NA,NA,NA,NA,NA
"2052","2025/10/22","FPICO1T08:24","2000/09/22",1,1,6,NA,"PICO","D","X",3.8,2,NA,NA," poleq1_all","","Yes","","","",NA,NA,NA,NA,NA,"2025/10/22","True",0.1,0.1,15,NA,NA,NA,NA,NA,NA,NA,NA,NA,NA
"2053","2025/10/22","FPICO1T08:24","2000/09/22",1,1,7,NA,"PICO","D","X",7.7,7,NA,NA," poleq1_all","","Yes","","","",NA,NA,NA,NA,NA,"2025/10/22","True",0.1,0.1,15,NA,NA,NA,NA,NA,NA,NA,NA,NA,NA
"2054","2025/10/22","FPICO1T08:24","2000/09/22",1,1,8,NA,"PICO","D","X",14,9,NA,NA," poleq1_all","","Yes","","","",NA,NA,NA,NA,NA,"2025/10/22","True",0.1,0.1,15,NA,NA,NA,NA,NA,NA,NA,NA,NA,NA
"2055","2025/10/22","FPICO1T08:24","2000/09/22",1,1,9,NA,"PICO","D","X",12.6,9,NA,NA," poleq1_all","","Yes","","","",NA,NA,NA,NA,NA,"2025/10/22","True",0.1,0.1,15,NA,NA,NA,NA,NA,NA,NA,NA,NA,NA
"2056","2025/10/22","FPICO1T08:24","2000/09/22",1,1,10,NA,"PICO","L","X",9,7,NA,NA," poleq1_all","","Yes","","","",NA,NA,NA,NA,NA,"2025/10/22","True",0.1,0.1,15,NA,NA,NA,NA,NA,NA,NA,NA,NA,NA
"2057","2025/10/22","FPICO1T08:24","2000/09/22",1,1,11,NA,"PIEN","L","X",4.4,4,NA,NA," poleq1_all","","Yes","","","",NA,NA,NA,NA,NA,"2025/10/22","True",0.1,0.1,15,NA,NA,NA,NA,NA,NA,NA,NA,NA,NA
"2058","2025/10/22","FPICO1T08:24","2000/09/22",1,1,12,NA,"PICO","D","X",8.7,4,NA,NA," poleq1_all","","Yes","","","",NA,NA,NA,NA,NA,"2025/10/22","True",0.1,0.1,15,NA,NA,NA,NA,NA,NA,NA,NA,NA,NA
"2059","2025/10/22","FPICO1T08:24","2000/09/22",1,1,13,NA,"PICO","D","X",12.4,6,NA,NA," poleq1_all","","Yes","","","",NA,NA,NA,NA,NA,"2025/10/22","True",0.1,0.1,15,NA,NA,NA,NA,NA,NA,NA,NA,NA,NA
"2060","2025/10/22","FPICO1T08:24","2000/09/22",1,1,14,NA,"PICO","D","X",14.3,9,NA,NA," poleq1_all","","Yes","","","",NA,NA,NA,NA,NA,"2025/10/22","True",0.1,0.1,15,NA,NA,NA,NA,NA,NA,NA,NA,NA,NA
"2061","2025/10/22","FPICO1T08:24","2000/09/22",1,1,15,NA,"PICO","D","X",9.6,7,NA,NA," poleq1_all","","Yes","","","",NA,NA,NA,NA,NA,"2025/10/22","True",0.1,0.1,15,NA,NA,NA,NA,NA,NA,NA,NA,NA,NA
"2062","2025/10/22","FPICO1T08:24","2000/09/22",1,1,16,NA,"PICO","D","X",5.1,6,NA,NA," poleq1_all","","Yes","","","",NA,NA,NA,NA,NA,"2025/10/22","True",0.1,0.1,15,NA,NA,NA,NA,NA,NA,NA,NA,NA,NA
"2063","2025/10/22","FPICO1T08:24","2000/09/22",1,1,17,NA,"PIEN","L","X",13.5,10,NA,NA," poleq1_all","","Yes","","","",NA,NA,NA,NA,NA,"2025/10/22","True",0.1,0.1,15,NA,NA,NA,NA,NA,NA,NA,NA,NA,NA
"2064","2025/10/22","FPICO1T08:24","2000/09/22",1,1,18,NA,"PIEN","L","X",11,8,NA,NA," poleq1_all","","Yes","","","",NA,NA,NA,NA,NA,"2025/10/22","True",0.1,0.1,15,NA,NA,NA,NA,NA,NA,NA,NA,NA,NA
"2065","2025/10/22","FPICO1T08:24","2000/09/22",1,1,19,NA,"PICO","D","X",5.4,6,NA,NA," poleq1_all","","Yes","","","",NA,NA,NA,NA,NA,"2025/10/22","True",0.1,0.1,15,NA,NA,NA,NA,NA,NA,NA,NA,NA,NA
"2066","2025/10/22","FPICO1T08:24","2000/09/22",1,1,20,NA,"PICO","D","X",6.1,6,NA,NA," poleq1_all","","Yes","","","",NA,NA,NA,NA,NA,"2025/10/22","True",0.1,0.1,15,NA,NA,NA,NA,NA,NA,NA,NA,NA,NA
"2067","2025/10/22","FPICO1T08:24","2000/09/22",1,1,21,NA,"PIEN","L","X",13.1,8,NA,NA," poleq1_all","","Yes","","","",NA,NA,NA,NA,NA,"2025/10/22","True",0.1,0.1,15,NA,NA,NA,NA,NA,NA,NA,NA,NA,NA
"2068","2025/10/22","FPICO1T08:24","2000/09/22",1,1,22,NA,"PICO","D","X",3.8,6,NA,NA," poleq1_all","","Yes","","","",NA,NA,NA,NA,NA,"2025/10/22","True",0.1,0.1,15,NA,NA,NA,NA,NA,NA,NA,NA,NA,NA
"2069","2025/10/22","FPICO1T08:24","2000/09/22",1,1,23,NA,"PICO","D","X",12.2,10,NA,NA," poleq1_all","","Yes","","","",NA,NA,NA,NA,NA,"2025/10/22","True",0.1,0.1,15,NA,NA,NA,NA,NA,NA,NA,NA,NA,NA
"2070","2025/10/22","FPICO1T08:24","2000/09/22",1,1,24,NA,"PICO","D","X",11.5,8,NA,NA," poleq1_all","","Yes","","","",NA,NA,NA,NA,NA,"2025/10/22","True",0.1,0.1,15,NA,NA,NA,NA,NA,NA,NA,NA,NA,NA
"2071","2025/10/22","FPICO1T08:24","2000/09/22",1,1,25,NA,"PICO","D","X",11.3,10,NA,NA," poleq1_all","","Yes","","","",NA,NA,NA,NA,NA,"2025/10/22","True",0.1,0.1,15,NA,NA,NA,NA,NA,NA,NA,NA,NA,NA
"2072","2025/10/22","FPICO1T08:24","2000/09/22",1,1,26,NA,"PICO","D","X",12,10,NA,NA," poleq1_all","","Yes","","","",NA,NA,NA,NA,NA,"2025/10/22","True",0.1,0.1,15,NA,NA,NA,NA,NA,NA,NA,NA,NA,NA
"2073","2025/10/22","FPICO1T08:24","2000/09/22",1,1,1,NA,"PICO","L","C",21.3,NA,NA,NA," overq1_all","","Yes","LEAN","WOND","",NA,NA,NA,NA,NA,"2025/10/22","True",0.1,0.1,15,NA,NA,NA,NA,NA,NA,NA,NA,NA,NA
"2074","2025/10/22","FPICO1T08:24","2000/09/22",1,1,2,NA,"PICO","D","RS",17,NA,NA,NA," overq1_all","","Yes","","","",NA,NA,NA,NA,NA,"2025/10/22","True",0.1,0.1,15,NA,NA,NA,NA,NA,NA,NA,NA,NA,NA
"2075","2025/10/22","FPICO1T08:24","2000/09/22",1,1,3,NA,"PICO","L","C",17.7,NA,NA,NA," overq1_all","","Yes","","","",NA,NA,NA,NA,NA,"2025/10/22","True",0.1,0.1,15,NA,NA,NA,NA,NA,NA,NA,NA,NA,NA
"2076","2025/10/22","FPICO1T08:24","2000/09/22",1,1,4,NA,"PIEN","L","C",28,NA,NA,NA," overq1_all","","Yes","","","",NA,NA,NA,NA,NA,"2025/10/22","True",0.1,0.1,15,NA,NA,NA,NA,NA,NA,NA,NA,NA,NA
"2077","2025/10/22","FPICO1T08:24","2000/09/22",1,1,5,NA,"PICO","L","C",25,NA,NA,NA," overq1_all","","Yes","WOND","","",NA,NA,NA,NA,NA,"2025/10/22","True",0.1,0.1,15,NA,NA,NA,NA,NA,NA,NA,NA,NA,NA
"2078","2025/10/22","FPICO1T08:24","2000/09/22",1,1,6,NA,"PICO","L","C",26.8,NA,NA,NA," overq1_all","","Yes","LEAN","","",NA,NA,NA,NA,NA,"2025/10/22","True",0.1,0.1,15,NA,NA,NA,NA,NA,NA,NA,NA,NA,NA
"2079","2025/10/22","FPICO1T08:24","2000/09/22",1,1,7,NA,"PICO","D","LBS",21.5,NA,NA,NA," overq1_all","","Yes","WOND","LEAN","FORK",NA,NA,NA,NA,NA,"2025/10/22","True",0.1,0.1,15,NA,NA,NA,NA,NA,NA,NA,NA,NA,NA
"2080","2025/10/22","FPICO1T08:24","2000/09/22",1,1,8,NA,"PICO","D","RS",22.3,NA,NA,NA," overq1_all","","Yes","","","",NA,NA,NA,NA,NA,"2025/10/22","True",0.1,0.1,15,NA,NA,NA,NA,NA,NA,NA,NA,NA,NA
"2081","2025/10/22","FPICO1T08:24","2000/09/22",1,1,9,NA,"PICO","D","RS",16.7,NA,NA,NA," overq1_all","","Yes","WOND","","",NA,NA,NA,NA,NA,"2025/10/22","True",0.1,0.1,15,NA,NA,NA,NA,NA,NA,NA,NA,NA,NA
"2082","2025/10/22","FPICO1T08:24","2000/09/22",1,1,10,NA,"PICO","L","C",17.4,NA,NA,NA," overq1_all","","Yes","","","",NA,NA,NA,NA,NA,"2025/10/22","True",0.1,0.1,15,NA,NA,NA,NA,NA,NA,NA,NA,NA,NA
"2083","2025/10/22","FPICO1T08:24","2000/09/22",1,1,11,NA,"PICO","L","C",25.9,NA,NA,NA," overq1_all","","Yes","","","",NA,NA,NA,NA,NA,"2025/10/22","True",0.1,0.1,15,NA,NA,NA,NA,NA,NA,NA,NA,NA,NA
"2084","2025/10/22","FPICO1T08:24","2000/09/22",1,1,12,NA,"PICO","L","I",16.9,NA,NA,NA," overq1_all","","Yes","FORK","","",NA,NA,NA,NA,NA,"2025/10/22","True",0.1,0.1,15,NA,NA,NA,NA,NA,NA,NA,NA,NA,NA
"2085","2025/10/22","FPICO1T08:24","2000/09/22",1,1,13,NA,"PIEN","L","C",18.3,NA,NA,NA," overq1_all","","Yes","","","",NA,NA,NA,NA,NA,"2025/10/22","True",0.1,0.1,15,NA,NA,NA,NA,NA,NA,NA,NA,NA,NA
"2086","2025/10/22","FPICO1T08:24","2000/09/22",1,1,14,NA,"PICO","D","RS",21.9,NA,NA,NA," overq1_all","","Yes","LEAN","CROK","WOND",NA,NA,NA,NA,NA,"2025/10/22","True",0.1,0.1,15,NA,NA,NA,NA,NA,NA,NA,NA,NA,NA
"2087","2025/10/22","FPICO1T08:24","2000/09/22",1,1,15,NA,"PICO","D","RS",18.4,NA,NA,NA," overq1_all","","Yes","","","",NA,NA,NA,NA,NA,"2025/10/22","True",0.1,0.1,15,NA,NA,NA,NA,NA,NA,NA,NA,NA,NA
"2088","2025/10/22","FPICO1T08:24","2000/09/22",1,1,16,NA,"PICO","D","RS",19.6,NA,NA,NA," overq1_all","","Yes","","","",NA,NA,NA,NA,NA,"2025/10/22","True",0.1,0.1,15,NA,NA,NA,NA,NA,NA,NA,NA,NA,NA
"2089","2025/10/22","FPICO1T08:24","2000/09/22",1,1,17,NA,"PICO","D","CS",15.8,NA,NA,NA," overq1_all","","Yes","LEAN","","",NA,NA,NA,NA,NA,"2025/10/22","True",0.1,0.1,15,NA,NA,NA,NA,NA,NA,NA,NA,NA,NA
"2090","2025/10/22","FPICO1T08:24","2000/09/22",1,1,18,NA,"PICO","L","C",24.3,NA,NA,NA," overq1_all","","Yes","","","",NA,NA,NA,NA,NA,"2025/10/22","True",0.1,0.1,15,NA,NA,NA,NA,NA,NA,NA,NA,NA,NA
"2091","2025/10/22","FPICO1T08:24","2000/09/22",1,1,19,NA,"PIEN","L","C",17.7,NA,NA,NA," overq1_all","","Yes","WOND","","",NA,NA,NA,NA,NA,"2025/10/22","True",0.1,0.1,15,NA,NA,NA,NA,NA,NA,NA,NA,NA,NA
"2092","2025/10/22","FPICO1T08:24","2000/09/22",1,1,20,NA,"PICO","D","LBS",18.3,NA,NA,NA," overq1_all","","Yes","","","",NA,NA,NA,NA,NA,"2025/10/22","True",0.1,0.1,15,NA,NA,NA,NA,NA,NA,NA,NA,NA,NA
"2093","2025/10/22","FPICO1T08:24","2000/09/22",1,1,21,NA,"PICO","D","LBS",18,NA,NA,NA," overq1_all","","Yes","","","",NA,NA,NA,NA,NA,"2025/10/22","True",0.1,0.1,15,NA,NA,NA,NA,NA,NA,NA,NA,NA,NA
"2094","2025/10/22","FPICO1T08:24","2000/09/22",1,1,22,NA,"PICO","L","C",29.3,NA,NA,NA," overq1_all","","Yes","WOND","CROK","",NA,NA,NA,NA,NA,"2025/10/22","True",0.1,0.1,15,NA,NA,NA,NA,NA,NA,NA,NA,NA,NA
"2095","2025/10/22","FPICO1T08:24","2000/09/22",1,1,23,NA,"PICO","D","LBS",17.1,NA,NA,NA," overq1_all","","Yes","","","",NA,NA,NA,NA,NA,"2025/10/22","True",0.1,0.1,15,NA,NA,NA,NA,NA,NA,NA,NA,NA,NA
"2096","2025/10/22","FPICO1T08:24","2000/09/22",1,1,24,NA,"PICO","D","LBS",20.3,NA,NA,NA," overq1_all","","Yes","","","",NA,NA,NA,NA,NA,"2025/10/22","True",0.1,0.1,15,NA,NA,NA,NA,NA,NA,NA,NA,NA,NA
"2097","2025/10/22","FPICO1T08:24","2000/09/22",1,1,25,NA,"PICO","D","RS",17.4,NA,NA,NA," overq1_all","","Yes","","","",NA,NA,NA,NA,NA,"2025/10/22","True",0.1,0.1,15,NA,NA,NA,NA,NA,NA,NA,NA,NA,NA
"2098","2025/10/22","FPICO1T08:24","2000/09/22",1,1,26,NA,"PICO","D","LBS",19.3,NA,NA,NA," overq1_all","","Yes","","","",NA,NA,NA,NA,NA,"2025/10/22","True",0.1,0.1,15,NA,NA,NA,NA,NA,NA,NA,NA,NA,NA
"2099","2025/10/22","FPICO1T08:24","2000/09/22",1,1,27,NA,"PICO","L","C",21.1,NA,NA,NA," overq1_all","","Yes","","","",NA,NA,NA,NA,NA,"2025/10/22","True",0.1,0.1,15,NA,NA,NA,NA,NA,NA,NA,NA,NA,NA
"2100","2025/10/22","FPICO1T08:24","2000/09/22",1,1,28,NA,"PICO","D","LBS",18.8,NA,NA,NA," overq1_all","","Yes","","","",NA,NA,NA,NA,NA,"2025/10/22","True",0.1,0.1,15,NA,NA,NA,NA,NA,NA,NA,NA,NA,NA
"2101","2025/10/22","FPICO1T08:24","2000/09/22",1,1,29,NA,"PICO","D","LBS",16,NA,NA,NA," overq1_all","","Yes","","","",NA,NA,NA,NA,NA,"2025/10/22","True",0.1,0.1,15,NA,NA,NA,NA,NA,NA,NA,NA,NA,NA
"2102","2025/10/22","FPICO1T08:24","2000/09/22",1,1,30,NA,"PICO","L","C",25,NA,NA,NA," overq1_all","","Yes","LEAN","FORK","",NA,NA,NA,NA,NA,"2025/10/22","True",0.1,0.1,15,NA,NA,NA,NA,NA,NA,NA,NA,NA,NA
"2103","2025/10/22","FPICO1T08:24","2000/09/22",1,1,31,NA,"PICO","L","C",29.5,NA,NA,NA," overq1_all","","Yes","","","",NA,NA,NA,NA,NA,"2025/10/22","True",0.1,0.1,15,NA,NA,NA,NA,NA,NA,NA,NA,NA,NA
"2104","2025/10/22","FPICO1T08:24","2000/09/22",1,1,32,NA,"PICO","D","LBS",17,NA,NA,NA," overq1_all","","Yes","","","",NA,NA,NA,NA,NA,"2025/10/22","True",0.1,0.1,15,NA,NA,NA,NA,NA,NA,NA,NA,NA,NA
"2105","2025/10/22","FPICO1T08:24","2000/09/22",1,1,33,NA,"PICO","D","LBS",20.5,NA,NA,NA," overq1_all","","Yes","TWIN","FORK","",NA,NA,NA,NA,NA,"2025/10/22","True",0.1,0.1,15,NA,NA,NA,NA,NA,NA,NA,NA,NA,NA
"2106","2025/10/22","FPICO1T08:24","2000/09/22",1,1,34,NA,"PICO","D","LBS",16,NA,NA,NA," overq1_all","","Yes","TWIN","","",NA,NA,NA,NA,NA,"2025/10/22","True",0.1,0.1,15,NA,NA,NA,NA,NA,NA,NA,NA,NA,NA
"2107","2025/10/22","FPICO1T08:24","2000/09/22",1,1,35,NA,"PICO","L","C",16.5,NA,NA,NA," overq1_all","","Yes","LEAN","","",NA,NA,NA,NA,NA,"2025/10/22","True",0.1,0.1,15,NA,NA,NA,NA,NA,NA,NA,NA,NA,NA
"2108","2025/10/22","FPICO1T08:24","2000/09/22",1,1,36,NA,"PICO","L","C",31.4,NA,NA,NA," overq1_all","","Yes","","","",NA,NA,NA,NA,NA,"2025/10/22","True",0.1,0.1,15,NA,NA,NA,NA,NA,NA,NA,NA,NA,NA
"2109","2025/10/22","FPICO1T08:24","2000/09/22",1,1,37,NA,"PICO","D","RS",34.3,NA,NA,NA," overq1_all","","Yes","FORK","","",NA,NA,NA,NA,NA,"2025/10/22","True",0.1,0.1,15,NA,NA,NA,NA,NA,NA,NA,NA,NA,NA
"2110","2025/10/22","FPICO1T08:24","2000/09/22",1,1,38,NA,"PICO","D","LBS",19.8,NA,NA,NA," overq1_all","","Yes","","","",NA,NA,NA,NA,NA,"2025/10/22","True",0.1,0.1,15,NA,NA,NA,NA,NA,NA,NA,NA,NA,NA
"2111","2025/10/22","FPICO1T08:24","2000/09/22",1,2,39,NA,"PICO","L","D",28.2,NA,NA,NA," overq2_all","","Yes","WOND","","",NA,NA,NA,NA,NA,"2025/10/22","True",0.1,0.1,15,NA,NA,NA,NA,NA,NA,NA,NA,NA,NA
"2112","2025/10/22","FPICO1T08:24","2000/09/22",1,2,40,NA,"PICO","D","LBS",22,NA,NA,NA," overq2_all","","Yes","","","",NA,NA,NA,NA,NA,"2025/10/22","True",0.1,0.1,15,NA,NA,NA,NA,NA,NA,NA,NA,NA,NA
"2113","2025/10/22","FPICO1T08:24","2000/09/22",1,2,41,NA,"PICO","L","D",28.4,NA,NA,NA," overq2_all","","Yes","WOND","","",NA,NA,NA,NA,NA,"2025/10/22","True",0.1,0.1,15,NA,NA,NA,NA,NA,NA,NA,NA,NA,NA
"2114","2025/10/22","FPICO1T08:24","2000/09/22",1,2,42,NA,"PICO","L","C",28.1,NA,NA,NA," overq2_all","","Yes","LEAN","WOND","",NA,NA,NA,NA,NA,"2025/10/22","True",0.1,0.1,15,NA,NA,NA,NA,NA,NA,NA,NA,NA,NA
"2115","2025/10/22","FPICO1T08:24","2000/09/22",1,2,43,NA,"PICO","L","C",17.5,NA,NA,NA," overq2_all","","Yes","LEAN","","",NA,NA,NA,NA,NA,"2025/10/22","True",0.1,0.1,15,NA,NA,NA,NA,NA,NA,NA,NA,NA,NA
"2116","2025/10/22","FPICO1T08:24","2000/09/22",1,2,44,NA,"PICO","L","D",33.3,NA,NA,NA," overq2_all","","Yes","WOND","","",NA,NA,NA,NA,NA,"2025/10/22","True",0.1,0.1,15,NA,NA,NA,NA,NA,NA,NA,NA,NA,NA
"2117","2025/10/22","FPICO1T08:24","2000/09/22",1,2,45,NA,"PICO","D","LBS",16.4,NA,NA,NA," overq2_all","","Yes","LEAN","","",NA,NA,NA,NA,NA,"2025/10/22","True",0.1,0.1,15,NA,NA,NA,NA,NA,NA,NA,NA,NA,NA
"2118","2025/10/22","FPICO1T08:24","2000/09/22",1,2,46,NA,"PIEN","L","D",31.7,NA,NA,NA," overq2_all","","Yes","","","",NA,NA,NA,NA,NA,"2025/10/22","True",0.1,0.1,15,NA,NA,NA,NA,NA,NA,NA,NA,NA,NA
"2119","2025/10/22","FPICO1T08:24","2000/09/22",1,2,47,NA,"PICO","L","C",21.1,NA,NA,NA," overq2_all","","Yes","BURL","LEAN","",NA,NA,NA,NA,NA,"2025/10/22","True",0.1,0.1,15,NA,NA,NA,NA,NA,NA,NA,NA,NA,NA
"2120","2025/10/22","FPICO1T08:24","2000/09/22",1,2,48,NA,"PICO","L","C",25.4,NA,NA,NA," overq2_all","","Yes","LEAN","WOND","",NA,NA,NA,NA,NA,"2025/10/22","True",0.1,0.1,15,NA,NA,NA,NA,NA,NA,NA,NA,NA,NA
"2121","2025/10/22","FPICO1T08:24","2000/09/22",1,2,49,NA,"PICO","D","LBS",17.9,NA,NA,NA," overq2_all","","Yes","","","",NA,NA,NA,NA,NA,"2025/10/22","True",0.1,0.1,15,NA,NA,NA,NA,NA,NA,NA,NA,NA,NA
"2122","2025/10/22","FPICO1T08:24","2000/09/22",1,2,70,NA,"PICO","L","C",24.5,NA,NA,NA," overq2_all","","Yes","WOND","","",NA,NA,NA,NA,NA,"2025/10/22","True",0.1,0.1,15,NA,NA,NA,NA,NA,NA,NA,NA,NA,NA
"2123","2025/10/22","FPICO1T08:24","2000/09/22",1,2,71,NA,"PICO","D","RS",16.9,NA,NA,NA," overq2_all","","Yes","","","",NA,NA,NA,NA,NA,"2025/10/22","True",0.1,0.1,15,NA,NA,NA,NA,NA,NA,NA,NA,NA,NA
"2124","2025/10/22","FPICO1T08:24","2000/09/22",1,2,72,NA,"PIEN","L","C",30.8,NA,NA,NA," overq2_all","","Yes","","","",NA,NA,NA,NA,NA,"2025/10/22","True",0.1,0.1,15,NA,NA,NA,NA,NA,NA,NA,NA,NA,NA
"2125","2025/10/22","FPICO1T08:24","2000/09/22",1,2,73,NA,"PICO","D","RS",15.6,NA,NA,NA," overq2_all","","Yes","","","",NA,NA,NA,NA,NA,"2025/10/22","True",0.1,0.1,15,NA,NA,NA,NA,NA,NA,NA,NA,NA,NA
"2126","2025/10/22","FPICO1T08:24","2000/09/22",1,2,74,NA,"PICO","L","C",18.1,NA,NA,NA," overq2_all","","Yes","FORK","WOND","",NA,NA,NA,NA,NA,"2025/10/22","True",0.1,0.1,15,NA,NA,NA,NA,NA,NA,NA,NA,NA,NA
"2127","2025/10/22","FPICO1T08:24","2000/09/22",1,2,75,NA,"PICO","D","RS",16.7,NA,NA,NA," overq2_all","","Yes","CROK","","",NA,NA,NA,NA,NA,"2025/10/22","True",0.1,0.1,15,NA,NA,NA,NA,NA,NA,NA,NA,NA,NA
"2128","2025/10/22","FPICO1T08:24","2000/09/22",1,2,76,NA,"PICO","L","C",22.6,NA,NA,NA," overq2_all","","Yes","CROK","WOND","",NA,NA,NA,NA,NA,"2025/10/22","True",0.1,0.1,15,NA,NA,NA,NA,NA,NA,NA,NA,NA,NA
"2129","2025/10/22","FPICO1T08:24","2000/09/22",1,2,77,NA,"PICO","L","C",20.1,NA,NA,NA," overq2_all","","Yes","WOND","","",NA,NA,NA,NA,NA,"2025/10/22","True",0.1,0.1,15,NA,NA,NA,NA,NA,NA,NA,NA,NA,NA
"2130","2025/10/22","FPICO1T08:24","2000/09/22",1,2,78,NA,"PICO","D","LBS",15.1,NA,NA,NA," overq2_all","","Yes","LEAN","","",NA,NA,NA,NA,NA,"2025/10/22","True",0.1,0.1,15,NA,NA,NA,NA,NA,NA,NA,NA,NA,NA
"2131","2025/10/22","FPICO1T08:24","2000/09/22",1,2,79,NA,"PICO","D","LBS",24.3,NA,NA,NA," overq2_all","","Yes","LEAN","","",NA,NA,NA,NA,NA,"2025/10/22","True",0.1,0.1,15,NA,NA,NA,NA,NA,NA,NA,NA,NA,NA
"2132","2025/10/22","FPICO1T08:24","2000/09/22",1,2,80,NA,"PICO","D","RS",26.8,NA,NA,NA," overq2_all","","Yes","","","",NA,NA,NA,NA,NA,"2025/10/22","True",0.1,0.1,15,NA,NA,NA,NA,NA,NA,NA,NA,NA,NA
"2133","2025/10/22","FPICO1T08:24","2000/09/22",1,2,81,NA,"PICO","L","C",38.9,NA,NA,NA," overq2_all","","Yes","","","",NA,NA,NA,NA,NA,"2025/10/22","True",0.1,0.1,15,NA,NA,NA,NA,NA,NA,NA,NA,NA,NA
"2134","2025/10/22","FPICO1T08:24","2000/09/22",1,2,82,NA,"PICO","L","C",23.7,NA,NA,NA," overq2_all","","Yes","WOND","","",NA,NA,NA,NA,NA,"2025/10/22","True",0.1,0.1,15,NA,NA,NA,NA,NA,NA,NA,NA,NA,NA
"2135","2025/10/22","FPICO1T08:24","2000/09/22",1,2,83,NA,"PICO","D","RS",17.4,NA,NA,NA," overq2_all","","Yes","","","",NA,NA,NA,NA,NA,"2025/10/22","True",0.1,0.1,15,NA,NA,NA,NA,NA,NA,NA,NA,NA,NA
"2136","2025/10/22","FPICO1T08:24","2000/09/22",1,2,84,NA,"PICO","D","LBS",18.1,NA,NA,NA," overq2_all","","Yes","","","",NA,NA,NA,NA,NA,"2025/10/22","True",0.1,0.1,15,NA,NA,NA,NA,NA,NA,NA,NA,NA,NA
"2137","2025/10/22","FPICO1T08:25","2000/09/22",1,1,1,NA,"PICO","D","X",7.7,8,NA,NA," poleq1_all","","Yes","","","","","",NA,NA,NA,"2025/10/22","True",0.1,0.1,15,NA,NA,NA,NA,NA,NA,NA,NA,NA,NA
"2138","2025/10/22","FPICO1T08:25","2000/09/22",1,1,2,NA,"PIEN","L","X",8.3,7,NA,NA," poleq1_all","","Yes","","","","","",NA,NA,NA,"2025/10/22","True",0.1,0.1,15,NA,NA,NA,NA,NA,NA,NA,NA,NA,NA
"2139","2025/10/22","FPICO1T08:25","2000/09/22",1,1,3,NA,"PICO","D","X",12,10,NA,NA," poleq1_all","","Yes","","","","","",NA,NA,NA,"2025/10/22","True",0.1,0.1,15,NA,NA,NA,NA,NA,NA,NA,NA,NA,NA
"2140","2025/10/22","FPICO1T08:25","2000/09/22",1,1,4,NA,"PICO","D","X",4.6,4,NA,NA," poleq1_all","","Yes","","","","","",NA,NA,NA,"2025/10/22","True",0.1,0.1,15,NA,NA,NA,NA,NA,NA,NA,NA,NA,NA
"2141","2025/10/22","FPICO1T08:25","2000/09/22",1,1,5,NA,"ABLA","L","X",12.9,8,NA,NA," poleq1_all","","Yes","","","","","",NA,NA,NA,"2025/10/22","True",0.1,0.1,15,NA,NA,NA,NA,NA,NA,NA,NA,NA,NA
"2142","2025/10/22","FPICO1T08:25","2000/09/22",1,1,6,NA,"ABLA","D","X",3.3,4,NA,NA," poleq1_all","","Yes","","","","","",NA,NA,NA,"2025/10/22","True",0.1,0.1,15,NA,NA,NA,NA,NA,NA,NA,NA,NA,NA
"2143","2025/10/22","FPICO1T08:25","2000/09/22",1,1,7,NA,"PIEN","L","X",11.2,8,NA,NA," poleq1_all","","Yes","","","","","",NA,NA,NA,"2025/10/22","True",0.1,0.1,15,NA,NA,NA,NA,NA,NA,NA,NA,NA,NA
"2144","2025/10/22","FPICO1T08:25","2000/09/22",1,1,8,NA,"PIEN","L","X",9.3,6,NA,NA," poleq1_all","","Yes","","","","","",NA,NA,NA,"2025/10/22","True",0.1,0.1,15,NA,NA,NA,NA,NA,NA,NA,NA,NA,NA
"2145","2025/10/22","FPICO1T08:25","2000/09/22",1,1,9,NA,"PIEN","L","X",14.4,10,NA,NA," poleq1_all","","Yes","","","","","",NA,NA,NA,"2025/10/22","True",0.1,0.1,15,NA,NA,NA,NA,NA,NA,NA,NA,NA,NA
"2146","2025/10/22","FPICO1T08:25","2000/09/22",1,1,10,NA,"PICO","D","X",8.5,10,NA,NA," poleq1_all","","Yes","","","","","",NA,NA,NA,"2025/10/22","True",0.1,0.1,15,NA,NA,NA,NA,NA,NA,NA,NA,NA,NA
"2147","2025/10/22","FPICO1T08:25","2000/09/22",1,1,11,NA,"PICO","D","X",5.8,7,NA,NA," poleq1_all","","Yes","","","","","",NA,NA,NA,"2025/10/22","True",0.1,0.1,15,NA,NA,NA,NA,NA,NA,NA,NA,NA,NA
"2148","2025/10/22","FPICO1T08:25","2000/09/22",1,1,12,NA,"PICO","D","X",8.5,5,NA,NA," poleq1_all","","Yes","","","","","",NA,NA,NA,"2025/10/22","True",0.1,0.1,15,NA,NA,NA,NA,NA,NA,NA,NA,NA,NA
"2149","2025/10/22","FPICO1T08:25","2000/09/22",1,2,13,NA,"PICO","D","X",12.5,5,NA,NA," poleq2_all","","Yes","","","","","",NA,NA,NA,"2025/10/22","True",0.1,0.1,15,NA,NA,NA,NA,NA,NA,NA,NA,NA,NA
"2150","2025/10/22","FPICO1T08:25","2000/09/22",1,2,14,NA,"PICO","D","X",4.8,6,NA,NA," poleq2_all","","Yes","","","","","",NA,NA,NA,"2025/10/22","True",0.1,0.1,15,NA,NA,NA,NA,NA,NA,NA,NA,NA,NA
"2151","2025/10/22","FPICO1T08:25","2000/09/22",1,2,15,NA,"ABLA","D","X",13.8,7,NA,NA," poleq2_all","","Yes","","","","","",NA,NA,NA,"2025/10/22","True",0.1,0.1,15,NA,NA,NA,NA,NA,NA,NA,NA,NA,NA
"2152","2025/10/22","FPICO1T08:25","2000/09/22",1,2,16,NA,"PICO","D","X",13.7,9,NA,NA," poleq2_all","","Yes","","","","","",NA,NA,NA,"2025/10/22","True",0.1,0.1,15,NA,NA,NA,NA,NA,NA,NA,NA,NA,NA
"2153","2025/10/22","FPICO1T08:25","2000/09/22",1,2,17,NA,"PICO","D","X",10.5,9,NA,NA," poleq2_all","","Yes","","","","","",NA,NA,NA,"2025/10/22","True",0.1,0.1,15,NA,NA,NA,NA,NA,NA,NA,NA,NA,NA
"2154","2025/10/22","FPICO1T08:25","2000/09/22",1,2,18,NA,"PIEN","L","X",8.4,4,NA,NA," poleq2_all","","Yes","","","","","",NA,NA,NA,"2025/10/22","True",0.1,0.1,15,NA,NA,NA,NA,NA,NA,NA,NA,NA,NA
"2155","2025/10/22","FPICO1T08:25","2000/09/22",1,2,19,NA,"PICO","L","X",3.1,3,NA,NA," poleq2_all","","Yes","","","","","",NA,NA,NA,"2025/10/22","True",0.1,0.1,15,NA,NA,NA,NA,NA,NA,NA,NA,NA,NA
"2156","2025/10/22","FPICO1T08:25","2000/09/22",1,2,20,NA,"PIEN","L","X",12.3,8,NA,NA," poleq2_all","","Yes","","","","","",NA,NA,NA,"2025/10/22","True",0.1,0.1,15,NA,NA,NA,NA,NA,NA,NA,NA,NA,NA
"2157","2025/10/22","FPICO1T08:25","2000/09/22",1,2,21,NA,"PIEN","L","X",9.8,7,NA,NA," poleq2_all","","Yes","","","","","",NA,NA,NA,"2025/10/22","True",0.1,0.1,15,NA,NA,NA,NA,NA,NA,NA,NA,NA,NA
"2158","2025/10/22","FPICO1T08:25","2000/09/22",1,1,50,NA,"PICO","D","RS",17.5,NA,NA,NA," overq1_all","","Yes","WOND","MAMM","","","",NA,NA,NA,"2025/10/22","True",0.1,0.1,15,NA,NA,NA,NA,NA,NA,NA,NA,NA,NA
"2159","2025/10/22","FPICO1T08:25","2000/09/22",1,1,51,NA,"PICO","D","RS",17.1,NA,NA,NA," overq1_all","","Yes","TWIN","WOND","","","",NA,NA,NA,"2025/10/22","True",0.1,0.1,15,NA,NA,NA,NA,NA,NA,NA,NA,NA,NA
"2160","2025/10/22","FPICO1T08:25","2000/09/22",1,1,52,NA,"PICO","L","C",25.2,NA,NA,NA," overq1_all","","Yes","WOND","","","","",NA,NA,NA,"2025/10/22","True",0.1,0.1,15,NA,NA,NA,NA,NA,NA,NA,NA,NA,NA
"2161","2025/10/22","FPICO1T08:25","2000/09/22",1,1,53,NA,"PICO","L","C",16,NA,NA,NA," overq1_all","","Yes","WOND","FORK","LEAN","","",NA,NA,NA,"2025/10/22","True",0.1,0.1,15,NA,NA,NA,NA,NA,NA,NA,NA,NA,NA
"2162","2025/10/22","FPICO1T08:25","2000/09/22",1,1,54,NA,"PICO","L","C",23.6,NA,NA,NA," overq1_all","","Yes","","","","","",NA,NA,NA,"2025/10/22","True",0.1,0.1,15,NA,NA,NA,NA,NA,NA,NA,NA,NA,NA
"2163","2025/10/22","FPICO1T08:25","2000/09/22",1,1,55,NA,"PICO","L","C",23.3,NA,NA,NA," overq1_all","","Yes","CROK","","","","",NA,NA,NA,"2025/10/22","True",0.1,0.1,15,NA,NA,NA,NA,NA,NA,NA,NA,NA,NA
"2164","2025/10/22","FPICO1T08:25","2000/09/22",1,1,56,NA,"PICO","L","C",23.9,NA,NA,NA," overq1_all","","Yes","WOND","MAMM","MISL","","",NA,NA,NA,"2025/10/22","True",0.1,0.1,15,NA,NA,NA,NA,NA,NA,NA,NA,NA,NA
"2165","2025/10/22","FPICO1T08:25","2000/09/22",1,1,57,NA,"PICO","L","C",22.2,NA,NA,NA," overq1_all","","Yes","ABGR","","","","",NA,NA,NA,"2025/10/22","True",0.1,0.1,15,NA,NA,NA,NA,NA,NA,NA,NA,NA,NA
"2166","2025/10/22","FPICO1T08:25","2000/09/22",1,1,58,NA,"PICO","L","D",34.5,NA,NA,NA," overq1_all","","Yes","MISL","","","","",NA,NA,NA,"2025/10/22","True",0.1,0.1,15,NA,NA,NA,NA,NA,NA,NA,NA,NA,NA
"2167","2025/10/22","FPICO1T08:25","2000/09/22",1,1,59,NA,"PICO","D","RS",22.5,NA,NA,NA," overq1_all","","Yes","WOND","","","","",NA,NA,NA,"2025/10/22","True",0.1,0.1,15,NA,NA,NA,NA,NA,NA,NA,NA,NA,NA
"2168","2025/10/22","FPICO1T08:25","2000/09/22",1,1,60,NA,"ABLA","L","C",21.6,NA,NA,NA," overq1_all","","Yes","","","","","",NA,NA,NA,"2025/10/22","True",0.1,0.1,15,NA,NA,NA,NA,NA,NA,NA,NA,NA,NA
"2169","2025/10/22","FPICO1T08:25","2000/09/22",1,1,61,NA,"PICO","D","RS",29.7,NA,NA,NA," overq1_all","","Yes","MISL","","","","",NA,NA,NA,"2025/10/22","True",0.1,0.1,15,NA,NA,NA,NA,NA,NA,NA,NA,NA,NA
"2170","2025/10/22","FPICO1T08:25","2000/09/22",1,1,62,NA,"ABLA","L","C",18.2,NA,NA,NA," overq1_all","","Yes","","","","","",NA,NA,NA,"2025/10/22","True",0.1,0.1,15,NA,NA,NA,NA,NA,NA,NA,NA,NA,NA
"2171","2025/10/22","FPICO1T08:25","2000/09/22",1,1,63,NA,"PICO","D","RS",17.3,NA,NA,NA," overq1_all","","Yes","WOND","","","","",NA,NA,NA,"2025/10/22","True",0.1,0.1,15,NA,NA,NA,NA,NA,NA,NA,NA,NA,NA
"2172","2025/10/22","FPICO1T08:25","2000/09/22",1,1,64,NA,"PIEN","L","D",38.9,NA,NA,NA," overq1_all","","Yes","","","","","",NA,NA,NA,"2025/10/22","True",0.1,0.1,15,NA,NA,NA,NA,NA,NA,NA,NA,NA,NA
"2173","2025/10/22","FPICO1T08:25","2000/09/22",1,1,65,NA,"ABLA","L","I",15.4,NA,NA,NA," overq1_all","","Yes","EPIC","","","","",NA,NA,NA,"2025/10/22","True",0.1,0.1,15,NA,NA,NA,NA,NA,NA,NA,NA,NA,NA
"2174","2025/10/22","FPICO1T08:25","2000/09/22",1,1,66,NA,"PICO","L","C",28.7,NA,NA,NA," overq1_all","","Yes","WOND","","","","",NA,NA,NA,"2025/10/22","True",0.1,0.1,15,NA,NA,NA,NA,NA,NA,NA,NA,NA,NA
"2175","2025/10/22","FPICO1T08:25","2000/09/22",1,1,67,NA,"PICO","L","I",20,NA,NA,NA," overq1_all","","Yes","WOND","","","","",NA,NA,NA,"2025/10/22","True",0.1,0.1,15,NA,NA,NA,NA,NA,NA,NA,NA,NA,NA
"2176","2025/10/22","FPICO1T08:25","2000/09/22",1,1,68,NA,"PICO","L","D",38.6,NA,NA,NA," overq1_all","","Yes","SPAR","MISL","ABGR","","",NA,NA,NA,"2025/10/22","True",0.1,0.1,15,NA,NA,NA,NA,NA,NA,NA,NA,NA,NA
"2177","2025/10/22","FPICO1T08:25","2000/09/22",1,1,69,NA,"PICO","L","C",21.7,NA,NA,NA," overq1_all","","Yes","WOND","","","","",NA,NA,NA,"2025/10/22","True",0.1,0.1,15,NA,NA,NA,NA,NA,NA,NA,NA,NA,NA
"2178","2025/10/22","FPICO1T08:25","2000/09/22",1,1,70,NA,"PIEN","L","I",21.4,NA,NA,NA," overq1_all","","Yes","WOND","","","","",NA,NA,NA,"2025/10/22","True",0.1,0.1,15,NA,NA,NA,NA,NA,NA,NA,NA,NA,NA
"2179","2025/10/22","FPICO1T08:25","2000/09/22",1,2,71,NA,"PIEN","L","D",20.7,NA,NA,NA," overq2_all","","Yes","LICH","","","","",NA,NA,NA,"2025/10/22","True",0.1,0.1,15,NA,NA,NA,NA,NA,NA,NA,NA,NA,NA
"2180","2025/10/22","FPICO1T08:25","2000/09/22",1,2,72,NA,"PIEN","L","I",15.3,NA,NA,NA," overq2_all","","Yes","LICH","","","","",NA,NA,NA,"2025/10/22","True",0.1,0.1,15,NA,NA,NA,NA,NA,NA,NA,NA,NA,NA
"2181","2025/10/22","FPICO1T08:25","2000/09/22",1,2,73,NA,"PICO","L","C",21.1,NA,NA,NA," overq2_all","","Yes","WOND","MISL","","","",NA,NA,NA,"2025/10/22","True",0.1,0.1,15,NA,NA,NA,NA,NA,NA,NA,NA,NA,NA
"2182","2025/10/22","FPICO1T08:25","2000/09/22",1,2,74,NA,"PICO","D","LBS",24.5,NA,NA,NA," overq2_all","","Yes","","","","","",NA,NA,NA,"2025/10/22","True",0.1,0.1,15,NA,NA,NA,NA,NA,NA,NA,NA,NA,NA
"2183","2025/10/22","FPICO1T08:25","2000/09/22",1,2,75,NA,"PIEN","L","C",22.6,NA,NA,NA," overq2_all","","Yes","LICH","","","","",NA,NA,NA,"2025/10/22","True",0.1,0.1,15,NA,NA,NA,NA,NA,NA,NA,NA,NA,NA
"2184","2025/10/22","FPICO1T08:25","2000/09/22",1,2,76,NA,"PICO","L","C",27,NA,NA,NA," overq2_all","","Yes","FORK","MISL","","","",NA,NA,NA,"2025/10/22","True",0.1,0.1,15,NA,NA,NA,NA,NA,NA,NA,NA,NA,NA
"2185","2025/10/22","FPICO1T08:25","2000/09/22",1,2,77,NA,"ABLA","L","C",18.4,NA,NA,NA," overq2_all","","Yes","LICH","WOND","","","",NA,NA,NA,"2025/10/22","True",0.1,0.1,15,NA,NA,NA,NA,NA,NA,NA,NA,NA,NA
"2186","2025/10/22","FPICO1T08:25","2000/09/22",1,2,78,NA,"PIEN","L","I",15.5,NA,NA,NA," overq2_all","","Yes","LICH","","","","",NA,NA,NA,"2025/10/22","True",0.1,0.1,15,NA,NA,NA,NA,NA,NA,NA,NA,NA,NA
"2187","2025/10/22","FPICO1T08:25","2000/09/22",1,2,79,NA,"PICO","D","RS",26.2,NA,NA,NA," overq2_all","","Yes","","","","","",NA,NA,NA,"2025/10/22","True",0.1,0.1,15,NA,NA,NA,NA,NA,NA,NA,NA,NA,NA
"2188","2025/10/22","FPICO1T08:25","2000/09/22",1,2,80,NA,"ABLA","L","I",18.2,NA,NA,NA," overq2_all","","Yes","WOND","LICH","","","",NA,NA,NA,"2025/10/22","True",0.1,0.1,15,NA,NA,NA,NA,NA,NA,NA,NA,NA,NA
"2189","2025/10/22","FPICO1T08:25","2000/09/22",1,2,81,NA,"PICO","L","D",27,NA,NA,NA," overq2_all","","Yes","WOND","FORK","MISL","SPAR","",NA,NA,NA,"2025/10/22","True",0.1,0.1,15,NA,NA,NA,NA,NA,NA,NA,NA,NA,NA
"2190","2025/10/22","FPICO1T08:25","2000/09/22",1,2,82,NA,"PICO","L","D",29.7,NA,NA,NA," overq2_all","","Yes","WOND","MISL","","","",NA,NA,NA,"2025/10/22","True",0.1,0.1,15,NA,NA,NA,NA,NA,NA,NA,NA,NA,NA
"2191","2025/10/22","FPICO1T08:25","2000/09/22",1,2,83,NA,"PIEN","L","I",15.4,NA,NA,NA," overq2_all","","Yes","WOND","LICH","","","",NA,NA,NA,"2025/10/22","True",0.1,0.1,15,NA,NA,NA,NA,NA,NA,NA,NA,NA,NA
"2192","2025/10/22","FPICO1T08:25","2000/09/22",1,2,84,NA,"PICO","L","D",33.8,NA,NA,NA," overq2_all","","Yes","MISL","WOND","LEAN","","",NA,NA,NA,"2025/10/22","True",0.1,0.1,15,NA,NA,NA,NA,NA,NA,NA,NA,NA,NA
"2193","2025/10/22","FPICO1T08:25","2000/09/22",1,2,85,NA,"PIEN","L","C",23.4,NA,NA,NA," overq2_all","","Yes","","","","","",NA,NA,NA,"2025/10/22","True",0.1,0.1,15,NA,NA,NA,NA,NA,NA,NA,NA,NA,NA
"2194","2025/10/22","FPICO1T08:25","2000/09/22",1,2,86,NA,"PICO","D","RS",27.3,NA,NA,NA," overq2_all","","Yes","","","","","",NA,NA,NA,"2025/10/22","True",0.1,0.1,15,NA,NA,NA,NA,NA,NA,NA,NA,NA,NA
"2195","2025/10/22","FPICO1T08:25","2000/09/22",1,2,87,NA,"PIEN","D","RS",16.3,NA,NA,NA," overq2_all","","Yes","","","","","",NA,NA,NA,"2025/10/22","True",0.1,0.1,15,NA,NA,NA,NA,NA,NA,NA,NA,NA,NA
"2196","2025/10/22","FPICO1T08:25","2000/09/22",1,2,88,NA,"PICO","D","RS",26.7,NA,NA,NA," overq2_all","","Yes","","","","","",NA,NA,NA,"2025/10/22","True",0.1,0.1,15,NA,NA,NA,NA,NA,NA,NA,NA,NA,NA
"2197","2025/10/22","FPICO1T08:25","2000/09/22",1,2,89,NA,"PICO","L","C",18.7,NA,NA,NA," overq2_all","","Yes","MISL","WOND","LEAN","FORK","ABGR",NA,NA,NA,"2025/10/22","True",0.1,0.1,15,NA,NA,NA,NA,NA,NA,NA,NA,NA,NA
"2198","2025/10/22","FPICO1T08:25","2000/09/22",1,2,90,NA,"PICO","D","RS",20.4,NA,NA,NA," overq2_all","","Yes","","","","","",NA,NA,NA,"2025/10/22","True",0.1,0.1,15,NA,NA,NA,NA,NA,NA,NA,NA,NA,NA
"2199","2025/10/22","FPICO1T08:25","2000/09/22",1,2,91,NA,"PICO","L","C",19.1,NA,NA,NA," overq2_all","","Yes","WOND","MISL","","","",NA,NA,NA,"2025/10/22","True",0.1,0.1,15,NA,NA,NA,NA,NA,NA,NA,NA,NA,NA
"2200","2025/10/22","FPICO1T08:25","2000/09/22",1,2,92,NA,"PIEN","L","I",19.8,NA,NA,NA," overq2_all","","Yes","LICH","","","","",NA,NA,NA,"2025/10/22","True",0.1,0.1,15,NA,NA,NA,NA,NA,NA,NA,NA,NA,NA
"2201","2025/10/22","FPICO1T08:25","2000/09/22",1,2,93,NA,"PICO","L","C",28.5,NA,NA,NA," overq2_all","","Yes","SPAR","WOND","LEAN","","",NA,NA,NA,"2025/10/22","True",0.1,0.1,15,NA,NA,NA,NA,NA,NA,NA,NA,NA,NA
"2202","2025/10/22","FPICO1T08:25","2000/09/22",1,2,94,NA,"PICO","L","D",30.4,NA,NA,NA," overq2_all","","Yes","MISL","CROK","WOND","","",NA,NA,NA,"2025/10/22","True",0.1,0.1,15,NA,NA,NA,NA,NA,NA,NA,NA,NA,NA
"2203","2025/10/22","FPICO1T08:25","2000/09/22",1,2,95,NA,"PICO","D","LBS",22.7,NA,NA,NA," overq2_all","","Yes","","","","","",NA,NA,NA,"2025/10/22","True",0.1,0.1,15,NA,NA,NA,NA,NA,NA,NA,NA,NA,NA
